Tabela Média,
Área,2831.50
Revocação,Precisão
0.00,77.07
10.00,61.10
20.00,49.96
30.00,40.02
40.00,29.99
50.00,23.14
60.00,16.33
70.00,12.06
80.00,8.15
90.00,3.38
100.00,0.98
Total rel,4819
Total rec,80988
Total rec rel,4188
,
,
,
Consulta Num,1
Qtd Rel,34
Qtd Rec,860
Qtd Rec Rel,33
Pontos,
Área,3355.16
Revocação,Precisão
2.94,100.00
5.88,66.67
8.82,37.50
11.76,44.44
14.71,50.00
17.65,54.55
20.59,53.85
23.53,57.14
26.47,45.00
29.41,45.45
32.35,42.31
35.29,37.50
38.24,38.24
41.18,38.89
44.12,40.54
47.06,40.00
50.00,40.48
52.94,39.13
55.88,38.78
58.82,32.26
61.76,26.92
64.71,17.60
67.65,14.56
70.59,13.56
73.53,13.81
76.47,13.00
79.41,12.44
82.35,10.37
85.29,6.33
88.24,6.07
91.18,4.84
94.12,4.49
97.06,4.03
Tabela,
Área,3243.14
Revocação,Precisão
0.00,100.00
10.00,44.44
20.00,53.85
30.00,42.31
40.00,38.89
50.00,39.13
60.00,26.92
70.00,13.56
80.00,10.37
90.00,4.84
100.00,0.00
,
,
,
Consulta Num,2
Qtd Rel,7
Qtd Rec,868
Qtd Rec Rel,6
Pontos,
Área,993.18
Revocação,Precisão
14.29,33.33
28.57,14.29
42.86,2.22
57.14,1.22
71.43,0.96
85.71,0.83
Tabela,
Área,727.06
Revocação,Precisão
0.00,33.33
10.00,33.33
20.00,14.29
30.00,2.22
40.00,2.22
50.00,1.22
60.00,0.96
70.00,0.96
80.00,0.83
90.00,0.00
100.00,0.00
,
,
,
Consulta Num,3
Qtd Rel,43
Qtd Rec,1120
Qtd Rec Rel,42
Pontos,
Área,1788.44
Revocação,Precisão
2.33,100.00
4.65,16.67
6.98,20.00
9.30,22.22
11.63,23.81
13.95,26.09
16.28,26.92
18.60,26.67
20.93,26.47
23.26,26.32
25.58,25.58
27.91,25.00
30.23,22.81
32.56,22.95
34.88,24.19
37.21,25.40
39.53,21.79
41.86,16.22
44.19,16.52
46.51,16.53
48.84,15.11
51.16,13.66
53.49,13.94
55.81,12.31
58.14,12.08
60.47,11.02
62.79,9.28
65.12,9.03
67.44,8.31
69.77,8.40
72.09,6.87
74.42,6.19
76.74,5.99
79.07,6.13
81.40,6.26
83.72,6.15
86.05,6.24
88.37,6.26
90.70,6.40
93.02,6.21
95.35,5.83
97.67,5.20
Tabela,
Área,1835.24
Revocação,Precisão
0.00,100.00
10.00,23.81
20.00,26.47
30.00,22.81
40.00,16.22
50.00,13.66
60.00,11.02
70.00,6.87
80.00,6.26
90.00,6.40
100.00,0.00
,
,
,
Consulta Num,4
Qtd Rel,9
Qtd Rec,566
Qtd Rec Rel,8
Pontos,
Área,1659.52
Revocação,Precisão
11.11,25.00
22.22,33.33
33.33,33.33
44.44,22.22
55.56,13.89
66.67,4.96
77.78,2.05
88.89,2.07
Tabela,
Área,1493.56
Revocação,Precisão
0.00,25.00
10.00,25.00
20.00,33.33
30.00,33.33
40.00,22.22
50.00,13.89
60.00,4.96
70.00,2.05
80.00,2.07
90.00,0.00
100.00,0.00
,
,
,
Consulta Num,5
Qtd Rel,131
Qtd Rec,409
Qtd Rec Rel,74
Pontos,
Área,3228.76
Revocação,Precisão
0.76,50.00
1.53,66.67
2.29,75.00
3.05,80.00
3.82,83.33
4.58,85.71
5.34,87.50
6.11,80.00
6.87,75.00
7.63,76.92
8.40,68.75
9.16,70.59
9.92,72.22
10.69,73.68
11.45,75.00
12.21,69.57
12.98,70.83
13.74,69.23
14.50,67.86
15.27,62.50
16.03,63.64
16.79,64.71
17.56,63.89
18.32,64.86
19.08,60.98
19.85,61.90
20.61,61.36
21.37,59.57
22.14,60.42
22.90,61.22
23.66,62.00
24.43,62.75
25.19,62.26
25.95,61.82
26.72,60.34
27.48,59.02
28.24,59.68
29.01,59.38
29.77,60.00
30.53,60.61
31.30,59.42
32.06,59.15
32.82,58.90
33.59,58.67
34.35,42.06
35.11,40.00
35.88,40.52
36.64,39.67
37.40,40.16
38.17,34.25
38.93,34.23
39.69,32.70
40.46,32.72
41.22,27.14
41.98,25.58
42.75,24.67
43.51,24.05
44.27,23.77
45.04,21.00
45.80,21.20
46.56,19.06
47.33,19.20
48.09,18.58
48.85,18.13
49.62,18.36
50.38,18.13
51.15,18.36
51.91,18.58
52.67,18.70
53.44,18.87
54.20,18.54
54.96,18.70
55.73,18.34
56.49,18.36
Tabela,
Área,2715.02
Revocação,Precisão
0.00,50.00
10.00,73.68
20.00,61.36
30.00,60.61
40.00,32.72
50.00,18.13
60.00,0.00
70.00,0.00
80.00,0.00
90.00,0.00
100.00,0.00
,
,
,
Consulta Num,6
Qtd Rel,24
Qtd Rec,966
Qtd Rec Rel,24
Pontos,
Área,3172.75
Revocação,Precisão
4.17,100.00
8.33,66.67
12.50,75.00
16.67,50.00
20.83,55.56
25.00,50.00
29.17,43.75
33.33,47.06
37.50,45.00
41.67,43.48
45.83,45.83
50.00,40.00
54.17,16.05
58.33,11.57
62.50,10.14
66.67,10.06
70.83,6.20
75.00,5.73
79.17,5.97
83.33,6.15
87.50,4.12
91.67,3.85
95.83,2.92
100.00,2.93
Tabela,
Área,3149.52
Revocação,Precisão
0.00,100.00
10.00,75.00
20.00,55.56
30.00,47.06
40.00,43.48
50.00,16.05
60.00,10.14
70.00,6.20
80.00,6.15
90.00,3.85
100.00,2.93
,
,
,
Consulta Num,7
Qtd Rel,28
Qtd Rec,1130
Qtd Rec Rel,25
Pontos,
Área,2374.23
Revocação,Precisão
3.57,100.00
7.14,100.00
10.71,100.00
14.29,80.00
17.86,71.43
21.43,50.00
25.00,15.56
28.57,14.81
32.14,11.84
35.71,5.49
39.29,5.31
42.86,5.56
46.43,5.99
50.00,4.55
53.57,4.67
57.14,3.92
60.71,3.46
64.29,3.58
67.86,3.45
71.43,3.60
75.00,3.74
78.57,3.66
82.14,3.76
85.71,3.91
89.29,3.25
Tabela,
Área,2328.87
Revocação,Precisão
0.00,100.00
10.00,100.00
20.00,50.00
30.00,11.84
40.00,5.56
50.00,4.67
60.00,3.46
70.00,3.60
80.00,3.76
90.00,0.00
100.00,0.00
,
,
,
Consulta Num,8
Qtd Rel,22
Qtd Rec,1058
Qtd Rec Rel,22
Pontos,
Área,790.33
Revocação,Precisão
4.55,100.00
9.09,6.06
13.64,1.49
18.18,1.95
22.73,2.39
27.27,2.67
31.82,2.15
36.36,1.99
40.91,1.81
45.45,1.89
50.00,2.02
54.55,2.20
59.09,2.36
63.64,2.41
68.18,2.47
72.73,2.61
77.27,2.46
81.82,2.48
86.36,2.35
90.91,2.25
95.45,2.25
100.00,2.32
Tabela,
Área,707.80
Revocação,Precisão
0.00,100.00
10.00,1.49
20.00,2.39
30.00,2.15
40.00,1.81
50.00,2.02
60.00,2.41
70.00,2.61
80.00,2.48
90.00,2.25
100.00,2.32
,
,
,
Consulta Num,9
Qtd Rel,10
Qtd Rec,843
Qtd Rec Rel,9
Pontos,
Área,2409.59
Revocação,Precisão
10.00,25.00
20.00,40.00
30.00,50.00
40.00,36.36
50.00,27.78
60.00,28.57
70.00,9.86
80.00,9.30
90.00,1.58
Tabela,
Área,2409.59
Revocação,Precisão
0.00,25.00
10.00,25.00
20.00,40.00
30.00,50.00
40.00,36.36
50.00,27.78
60.00,28.57
70.00,9.86
80.00,9.30
90.00,1.58
100.00,0.00
,
,
,
Consulta Num,10
Qtd Rel,25
Qtd Rec,950
Qtd Rec Rel,23
Pontos,
Área,4509.89
Revocação,Precisão
4.00,100.00
8.00,100.00
12.00,100.00
16.00,100.00
20.00,100.00
24.00,66.67
28.00,70.00
32.00,66.67
36.00,60.00
40.00,58.82
44.00,44.00
48.00,38.71
52.00,36.11
56.00,35.00
60.00,29.41
64.00,22.22
68.00,15.74
72.00,14.88
76.00,5.07
80.00,3.45
84.00,3.11
88.00,3.01
92.00,3.07
Tabela,
Área,4624.14
Revocação,Precisão
0.00,100.00
10.00,100.00
20.00,100.00
30.00,66.67
40.00,58.82
50.00,36.11
60.00,29.41
70.00,14.88
80.00,3.45
90.00,3.07
100.00,0.00
,
,
,
Consulta Num,11
Qtd Rel,22
Qtd Rec,516
Qtd Rec Rel,19
Pontos,
Área,5885.88
Revocação,Precisão
4.55,100.00
9.09,100.00
13.64,100.00
18.18,100.00
22.73,100.00
27.27,100.00
31.82,58.33
36.36,61.54
40.91,64.29
45.45,66.67
50.00,64.71
54.55,63.16
59.09,59.09
63.64,56.00
68.18,44.12
72.73,45.71
77.27,31.48
81.82,18.00
86.36,5.90
Tabela,
Área,5570.39
Revocação,Precisão
0.00,100.00
10.00,100.00
20.00,100.00
30.00,58.33
40.00,64.29
50.00,64.71
60.00,56.00
70.00,45.71
80.00,18.00
90.00,0.00
100.00,0.00
,
,
,
Consulta Num,12
Qtd Rel,7
Qtd Rec,936
Qtd Rec Rel,6
Pontos,
Área,1188.27
Revocação,Precisão
14.29,33.33
28.57,10.53
42.86,7.69
57.14,9.52
71.43,2.54
85.71,2.90
Tabela,
Área,934.09
Revocação,Precisão
0.00,33.33
10.00,33.33
20.00,10.53
30.00,7.69
40.00,7.69
50.00,9.52
60.00,2.54
70.00,2.54
80.00,2.90
90.00,0.00
100.00,0.00
,
,
,
Consulta Num,13
Qtd Rel,24
Qtd Rec,693
Qtd Rec Rel,21
Pontos,
Área,929.69
Revocação,Precisão
4.17,25.00
8.33,15.38
12.50,13.64
16.67,13.33
20.83,14.29
25.00,13.64
29.17,10.94
33.33,12.12
37.50,8.82
41.67,6.45
45.83,6.96
50.00,7.36
54.17,7.22
58.33,7.14
62.50,7.21
66.67,7.62
70.83,6.39
75.00,6.67
79.17,6.99
83.33,5.10
87.50,4.17
Tabela,
Área,849.22
Revocação,Precisão
0.00,25.00
10.00,13.64
20.00,14.29
30.00,12.12
40.00,6.45
50.00,7.22
60.00,7.21
70.00,6.39
80.00,5.10
90.00,0.00
100.00,0.00
,
,
,
Consulta Num,14
Qtd Rel,55
Qtd Rec,1078
Qtd Rec Rel,53
Pontos,
Área,2330.88
Revocação,Precisão
1.82,100.00
3.64,100.00
5.45,60.00
7.27,66.67
9.09,62.50
10.91,60.00
12.73,53.85
14.55,53.33
16.36,50.00
18.18,43.48
20.00,40.74
21.82,25.53
23.64,25.00
25.45,23.73
27.27,23.81
29.09,25.00
30.91,22.97
32.73,24.00
34.55,21.84
36.36,17.54
38.18,17.80
40.00,16.79
41.82,16.91
43.64,14.81
45.45,14.12
47.27,13.27
49.09,13.64
50.91,13.59
52.73,10.43
54.55,10.53
56.36,10.62
58.18,10.74
60.00,10.68
61.82,10.30
63.64,10.51
65.45,9.94
67.27,10.14
69.09,10.27
70.91,10.10
72.73,9.90
74.55,8.86
76.36,8.57
78.18,8.55
80.00,7.11
81.82,6.64
83.64,6.76
85.45,6.39
87.27,5.92
89.09,5.14
90.91,5.24
92.73,5.32
94.55,4.98
96.36,4.95
Tabela,
Área,2216.70
Revocação,Precisão
0.00,100.00
10.00,60.00
20.00,25.53
30.00,22.97
40.00,16.91
50.00,13.59
60.00,10.68
70.00,10.10
80.00,6.64
90.00,5.24
100.00,0.00
,
,
,
Consulta Num,15
Qtd Rel,104
Qtd Rec,177
Qtd Rec Rel,41
Pontos,
Área,2540.31
Revocação,Precisão
0.96,50.00
1.92,50.00
2.88,60.00
3.85,66.67
4.81,71.43
5.77,75.00
6.73,63.64
7.69,57.14
8.65,60.00
9.62,58.82
10.58,52.38
11.54,54.55
12.50,50.00
13.46,50.00
14.42,51.72
15.38,50.00
16.35,45.95
17.31,47.37
18.27,44.19
19.23,44.44
20.19,44.68
21.15,45.83
22.12,46.00
23.08,43.64
24.04,42.37
25.00,38.81
25.96,39.71
26.92,40.58
27.88,37.66
28.85,37.04
29.81,31.00
30.77,31.68
31.73,30.00
32.69,29.57
33.65,30.17
34.62,30.77
35.58,27.21
36.54,26.03
37.50,26.17
38.46,24.84
39.42,25.31
Tabela,
Área,1537.45
Revocação,Precisão
0.00,50.00
10.00,52.38
20.00,44.68
30.00,31.68
40.00,0.00
50.00,0.00
60.00,0.00
70.00,0.00
80.00,0.00
90.00,0.00
100.00,0.00
,
,
,
Consulta Num,16
Qtd Rel,180
Qtd Rec,1239
Qtd Rec Rel,180
Pontos,
Área,2343.79
Revocação,Precisão
0.56,50.00
1.11,66.67
1.67,75.00
2.22,80.00
2.78,83.33
3.33,75.00
3.89,63.64
4.44,66.67
5.00,64.29
5.56,66.67
6.11,57.89
6.67,60.00
7.22,61.90
7.78,60.87
8.33,62.50
8.89,64.00
9.44,56.67
10.00,56.25
10.56,48.72
11.11,50.00
11.67,51.22
12.22,52.38
12.78,53.49
13.33,47.06
13.89,48.08
14.44,46.43
15.00,44.26
15.56,43.75
16.11,43.94
16.67,43.48
17.22,43.06
17.78,42.67
18.33,42.86
18.89,43.59
19.44,43.75
20.00,42.35
20.56,43.02
21.11,43.68
21.67,42.39
22.22,43.01
22.78,41.84
23.33,42.00
23.89,42.16
24.44,41.51
25.00,39.47
25.56,39.32
26.11,37.60
26.67,37.50
27.22,37.98
27.78,38.46
28.33,37.23
28.89,37.41
29.44,37.59
30.00,37.76
30.56,36.67
31.11,35.90
31.67,36.08
32.22,35.58
32.78,34.10
33.33,32.61
33.89,31.77
34.44,31.63
35.00,31.03
35.56,30.48
36.11,30.52
36.67,30.84
37.22,30.32
37.78,30.49
38.33,30.67
38.89,30.97
39.44,30.87
40.00,30.64
40.56,30.54
41.11,30.71
41.67,30.99
42.22,30.28
42.78,29.84
43.33,29.89
43.89,30.04
44.44,29.63
45.00,29.67
45.56,29.71
46.11,29.43
46.67,29.07
47.22,29.01
47.78,29.15
48.33,28.81
48.89,28.48
49.44,28.71
50.00,28.21
50.56,28.44
51.11,27.46
51.67,27.60
52.22,26.48
52.78,25.96
53.33,25.67
53.89,25.39
54.44,25.26
55.00,24.94
55.56,25.13
56.11,23.88
56.67,23.89
57.22,23.95
57.78,23.58
58.33,23.76
58.89,23.77
59.44,23.83
60.00,23.74
60.56,23.90
61.11,22.87
61.67,21.81
62.22,20.29
62.78,20.43
63.33,19.79
63.89,19.62
64.44,19.69
65.00,19.60
65.56,19.16
66.11,19.26
66.67,18.99
67.22,18.79
67.78,18.24
68.33,18.33
68.89,18.45
69.44,18.52
70.00,18.34
70.56,18.19
71.11,18.16
71.67,18.14
72.22,17.86
72.78,17.95
73.33,17.84
73.89,17.76
74.44,17.82
75.00,17.79
75.56,17.89
76.11,17.98
76.67,18.06
77.22,18.08
77.78,18.13
78.33,18.22
78.89,18.30
79.44,18.22
80.00,18.11
80.56,18.15
81.11,18.09
81.67,18.17
82.22,18.12
82.78,17.84
83.33,17.81
83.89,17.91
84.44,17.88
85.00,17.85
85.56,17.84
86.11,17.73
86.67,17.49
87.22,17.44
87.78,17.32
88.33,17.42
88.89,17.43
89.44,16.75
90.00,16.72
90.56,16.63
91.11,16.57
91.67,16.52
92.22,16.44
92.78,16.44
93.33,16.05
93.89,15.14
94.44,15.19
95.00,15.00
95.56,15.03
96.11,15.07
96.67,14.73
97.22,14.78
97.78,14.85
98.33,14.92
98.89,14.80
99.44,14.84
100.00,14.90
Tabela,
Área,2970.43
Revocação,Precisão
0.00,50.00
10.00,48.72
20.00,42.35
30.00,37.76
40.00,30.64
50.00,28.21
60.00,23.74
70.00,18.34
80.00,18.11
90.00,16.72
100.00,14.90
,
,
,
Consulta Num,17
Qtd Rel,55
Qtd Rec,903
Qtd Rec Rel,50
Pontos,
Área,1820.88
Revocação,Precisão
1.82,100.00
3.64,50.00
5.45,37.50
7.27,40.00
9.09,33.33
10.91,31.58
12.73,33.33
14.55,32.00
16.36,32.14
18.18,33.33
20.00,32.35
21.82,30.77
23.64,26.00
25.45,25.45
27.27,23.81
29.09,24.24
30.91,21.25
32.73,20.45
34.55,15.32
36.36,14.60
38.18,13.73
40.00,12.57
41.82,13.07
43.64,13.26
45.45,12.50
47.27,11.35
49.09,10.76
50.91,10.81
52.73,10.51
54.55,10.34
56.36,9.72
58.18,9.73
60.00,9.35
61.82,9.37
63.64,9.07
65.45,9.00
67.27,8.47
69.09,7.80
70.91,7.89
72.73,7.97
74.55,7.84
76.36,8.02
78.18,8.14
80.00,8.29
81.82,8.41
83.64,8.17
85.45,7.18
87.27,6.56
89.09,5.99
90.91,6.05
Tabela,
Área,1891.85
Revocação,Precisão
0.00,100.00
10.00,31.58
20.00,30.77
30.00,21.25
40.00,13.07
50.00,10.81
60.00,9.35
70.00,7.89
80.00,8.41
90.00,6.05
100.00,0.00
,
,
,
Consulta Num,18
Qtd Rel,21
Qtd Rec,496
Qtd Rec Rel,17
Pontos,
Área,6203.06
Revocação,Precisão
4.76,100.00
9.52,100.00
14.29,100.00
19.05,100.00
23.81,100.00
28.57,100.00
33.33,87.50
38.10,80.00
42.86,81.82
47.62,71.43
52.38,64.71
57.14,66.67
61.90,56.52
66.67,46.67
71.43,45.45
76.19,25.81
80.95,10.43
Tabela,
Área,5964.30
Revocação,Precisão
0.00,100.00
10.00,100.00
20.00,100.00
30.00,87.50
40.00,81.82
50.00,64.71
60.00,56.52
70.00,45.45
80.00,10.43
90.00,0.00
100.00,0.00
,
,
,
Consulta Num,19
Qtd Rel,22
Qtd Rec,959
Qtd Rec Rel,21
Pontos,
Área,998.95
Revocação,Precisão
4.55,20.00
9.09,20.00
13.64,13.04
18.18,10.81
22.73,11.11
27.27,12.00
31.82,12.50
36.36,14.04
40.91,15.00
45.45,12.20
50.00,10.89
54.55,10.26
59.09,8.72
63.64,7.25
68.18,7.54
72.73,7.73
77.27,4.50
81.82,4.35
86.36,2.96
90.91,2.59
95.45,2.28
Tabela,
Área,944.68
Revocação,Precisão
0.00,20.00
10.00,13.04
20.00,11.11
30.00,12.50
40.00,15.00
50.00,10.89
60.00,7.25
70.00,7.73
80.00,4.35
90.00,2.59
100.00,0.00
,
,
,
Consulta Num,20
Qtd Rel,46
Qtd Rec,1032
Qtd Rec Rel,43
Pontos,
Área,6528.12
Revocação,Precisão
2.17,100.00
4.35,100.00
6.52,100.00
8.70,100.00
10.87,100.00
13.04,100.00
15.22,100.00
17.39,100.00
19.57,100.00
21.74,100.00
23.91,100.00
26.09,100.00
28.26,100.00
30.43,100.00
32.61,100.00
34.78,100.00
36.96,100.00
39.13,100.00
41.30,100.00
43.48,95.24
45.65,95.45
47.83,91.67
50.00,92.00
52.17,92.31
54.35,92.59
56.52,92.86
58.70,93.10
60.87,71.79
63.04,64.44
65.22,40.54
67.39,20.81
69.57,16.93
71.74,13.58
73.91,11.30
76.09,11.04
78.26,9.86
80.43,8.49
82.61,7.28
84.78,7.26
86.96,6.29
89.13,4.81
91.30,4.39
93.48,4.45
Tabela,
Área,6405.62
Revocação,Precisão
0.00,100.00
10.00,100.00
20.00,100.00
30.00,100.00
40.00,100.00
50.00,92.31
60.00,71.79
70.00,13.58
80.00,8.49
90.00,4.39
100.00,0.00
,
,
,
Consulta Num,21
Qtd Rel,25
Qtd Rec,1037
Qtd Rec Rel,22
Pontos,
Área,1362.34
Revocação,Precisão
4.00,20.00
8.00,28.57
12.00,33.33
16.00,36.36
20.00,20.83
24.00,18.75
28.00,20.00
32.00,22.22
36.00,23.08
40.00,25.00
44.00,16.92
48.00,14.63
52.00,8.84
56.00,8.28
60.00,8.20
64.00,5.23
68.00,5.33
72.00,3.77
76.00,2.47
80.00,2.39
84.00,2.10
88.00,2.13
Tabela,
Área,1345.95
Revocação,Precisão
0.00,20.00
10.00,33.33
20.00,20.83
30.00,22.22
40.00,25.00
50.00,8.84
60.00,8.20
70.00,3.77
80.00,2.39
90.00,0.00
100.00,0.00
,
,
,
Consulta Num,22
Qtd Rel,70
Qtd Rec,468
Qtd Rec Rel,40
Pontos,
Área,2477.01
Revocação,Precisão
1.43,100.00
2.86,100.00
4.29,100.00
5.71,100.00
7.14,100.00
8.57,100.00
10.00,100.00
11.43,100.00
12.86,100.00
14.29,62.50
15.71,57.89
17.14,54.55
18.57,30.95
20.00,25.00
21.43,23.44
22.86,23.53
24.29,23.94
25.71,24.32
27.14,21.84
28.57,22.73
30.00,18.10
31.43,18.80
32.86,18.70
34.29,19.20
35.71,19.38
37.14,20.00
38.57,18.00
40.00,18.54
41.43,18.59
42.86,17.14
44.29,11.23
45.71,11.47
47.14,9.09
48.57,9.12
50.00,8.35
51.43,8.57
52.86,8.58
54.29,8.80
55.71,9.01
57.14,9.20
Tabela,
Área,2191.84
Revocação,Precisão
0.00,100.00
10.00,100.00
20.00,23.44
30.00,18.80
40.00,18.59
50.00,8.35
60.00,0.00
70.00,0.00
80.00,0.00
90.00,0.00
100.00,0.00
,
,
,
Consulta Num,23
Qtd Rel,35
Qtd Rec,991
Qtd Rec Rel,28
Pontos,
Área,428.19
Revocação,Precisão
2.86,5.00
5.71,9.09
8.57,6.98
11.43,8.00
14.29,7.35
17.14,8.57
20.00,5.00
22.86,5.23
25.71,5.84
28.57,5.78
31.43,5.29
34.29,5.71
37.14,6.13
40.00,4.47
42.86,4.13
45.71,3.82
48.57,3.95
51.43,3.85
54.29,3.85
57.14,3.75
60.00,3.66
62.86,3.70
65.71,3.65
68.57,3.60
71.43,3.04
74.29,3.08
77.14,2.93
80.00,2.98
Tabela,
Área,355.06
Revocação,Precisão
0.00,5.00
10.00,8.00
20.00,5.00
30.00,5.29
40.00,4.13
50.00,3.85
60.00,3.70
70.00,3.04
80.00,0.00
90.00,0.00
100.00,0.00
,
,
,
Consulta Num,24
Qtd Rel,31
Qtd Rec,960
Qtd Rec Rel,24
Pontos,
Área,781.79
Revocação,Precisão
3.23,33.33
6.45,40.00
9.68,25.00
12.90,7.27
16.13,7.81
19.35,8.11
22.58,7.87
25.81,8.42
29.03,8.41
32.26,8.93
35.48,7.97
38.71,7.64
41.94,7.03
45.16,6.70
48.39,4.67
51.61,3.45
54.84,3.34
58.06,3.53
61.29,3.57
64.52,3.44
67.74,2.61
70.97,2.72
74.19,2.70
77.42,2.79
Tabela,
Área,575.03
Revocação,Precisão
0.00,33.33
10.00,7.27
20.00,7.87
30.00,8.93
40.00,7.03
50.00,3.45
60.00,3.57
70.00,2.72
80.00,0.00
90.00,0.00
100.00,0.00
,
,
,
Consulta Num,25
Qtd Rel,51
Qtd Rec,921
Qtd Rec Rel,48
Pontos,
Área,2081.82
Revocação,Precisão
1.96,100.00
3.92,28.57
5.88,37.50
7.84,44.44
9.80,45.45
11.76,46.15
13.73,46.67
15.69,40.00
17.65,37.50
19.61,40.00
21.57,35.48
23.53,36.36
25.49,37.14
27.45,28.00
29.41,25.00
31.37,23.53
33.33,19.32
35.29,19.78
37.25,18.81
39.22,19.23
41.18,17.21
43.14,17.74
45.10,17.69
47.06,17.27
49.02,16.45
50.98,11.30
52.94,10.84
54.90,10.57
56.86,9.90
58.82,9.17
60.78,9.45
62.75,9.22
64.71,9.27
66.67,8.63
68.63,8.08
70.59,8.18
72.55,8.37
74.51,8.19
76.47,8.30
78.43,8.47
80.39,8.44
82.35,7.85
84.31,6.95
86.27,7.10
88.24,6.36
90.20,5.71
92.16,5.40
94.12,5.33
Tabela,
Área,2154.68
Revocação,Precisão
0.00,100.00
10.00,46.15
20.00,35.48
30.00,23.53
40.00,17.21
50.00,11.30
60.00,9.45
70.00,8.18
80.00,8.44
90.00,5.71
100.00,0.00
,
,
,
Consulta Num,26
Qtd Rel,33
Qtd Rec,213
Qtd Rec Rel,23
Pontos,
Área,4249.34
Revocação,Precisão
3.03,100.00
6.06,100.00
9.09,100.00
12.12,100.00
15.15,100.00
18.18,85.71
21.21,87.50
24.24,80.00
27.27,81.82
30.30,83.33
33.33,84.62
36.36,85.71
39.39,68.42
42.42,28.00
45.45,16.48
48.48,13.68
51.52,13.93
54.55,12.50
57.58,12.34
60.61,12.74
63.64,12.80
66.67,11.58
69.70,11.11
Tabela,
Área,3755.07
Revocação,Precisão
0.00,100.00
10.00,100.00
20.00,87.50
30.00,83.33
40.00,28.00
50.00,13.93
60.00,12.74
70.00,0.00
80.00,0.00
90.00,0.00
100.00,0.00
,
,
,
Consulta Num,27
Qtd Rel,11
Qtd Rec,1239
Qtd Rec Rel,11
Pontos,
Área,2575.91
Revocação,Precisão
9.09,100.00
18.18,100.00
27.27,18.75
36.36,4.71
45.45,3.03
54.55,3.55
63.64,3.91
72.73,1.40
81.82,1.56
90.91,0.98
100.00,0.91
Tabela,
Área,1883.41
Revocação,Precisão
0.00,100.00
10.00,100.00
20.00,18.75
30.00,4.71
40.00,3.03
50.00,3.55
60.00,3.91
70.00,1.40
80.00,1.56
90.00,0.98
100.00,0.91
,
,
,
Consulta Num,28
Qtd Rel,51
Qtd Rec,535
Qtd Rec Rel,38
Pontos,
Área,1623.52
Revocação,Precisão
1.96,50.00
3.92,66.67
5.88,42.86
7.84,50.00
9.80,45.45
11.76,33.33
13.73,35.00
15.69,15.38
17.65,15.00
19.61,16.13
21.57,17.46
23.53,18.18
25.49,14.77
27.45,14.43
29.41,15.00
31.37,15.69
33.33,15.74
35.29,16.22
37.25,16.81
39.22,17.39
41.18,17.65
43.14,16.42
45.10,16.91
47.06,17.39
49.02,17.73
50.98,15.76
52.94,15.79
54.90,16.18
56.86,12.55
58.82,11.72
60.78,10.92
62.75,9.91
64.71,8.87
66.67,8.85
68.63,7.45
70.59,7.47
72.55,7.64
74.51,7.47
Tabela,
Área,1432.69
Revocação,Precisão
0.00,50.00
10.00,33.33
20.00,17.46
30.00,15.69
40.00,17.65
50.00,15.76
60.00,10.92
70.00,7.47
80.00,0.00
90.00,0.00
100.00,0.00
,
,
,
Consulta Num,29
Qtd Rel,44
Qtd Rec,683
Qtd Rec Rel,41
Pontos,
Área,1502.36
Revocação,Precisão
2.27,50.00
4.55,66.67
6.82,50.00
9.09,50.00
11.36,33.33
13.64,26.09
15.91,28.00
18.18,29.63
20.45,24.32
22.73,21.74
25.00,19.64
27.27,16.44
29.55,14.77
31.82,12.28
34.09,13.04
36.36,11.85
38.64,10.37
40.91,10.71
43.18,10.86
45.45,9.09
47.73,7.09
50.00,5.54
52.27,5.24
54.55,5.36
56.82,5.57
59.09,5.75
61.36,5.58
63.64,5.67
65.91,5.66
68.18,5.62
70.45,5.61
72.73,5.76
75.00,5.79
77.27,5.93
79.55,5.65
81.82,5.70
84.09,5.75
86.36,5.81
88.64,5.94
90.91,6.08
93.18,6.07
Tabela,
Área,1341.54
Revocação,Precisão
0.00,50.00
10.00,33.33
20.00,24.32
30.00,12.28
40.00,10.71
50.00,5.54
60.00,5.58
70.00,5.61
80.00,5.70
90.00,6.08
100.00,0.00
,
,
,
Consulta Num,30
Qtd Rel,17
Qtd Rec,704
Qtd Rec Rel,15
Pontos,
Área,5532.46
Revocação,Precisão
5.88,100.00
11.76,100.00
17.65,100.00
23.53,100.00
29.41,83.33
35.29,66.67
41.18,70.00
47.06,72.73
52.94,60.00
58.82,50.00
64.71,36.67
70.59,21.43
76.47,14.77
82.35,10.29
88.24,3.09
Tabela,
Área,5150.56
Revocação,Precisão
0.00,100.00
10.00,100.00
20.00,100.00
30.00,66.67
40.00,70.00
50.00,60.00
60.00,36.67
70.00,21.43
80.00,10.29
90.00,0.00
100.00,0.00
,
,
,
Consulta Num,31
Qtd Rel,58
Qtd Rec,991
Qtd Rec Rel,48
Pontos,
Área,4057.42
Revocação,Precisão
1.72,100.00
3.45,100.00
5.17,100.00
6.90,100.00
8.62,100.00
10.34,100.00
12.07,87.50
13.79,88.89
15.52,90.00
17.24,90.91
18.97,91.67
20.69,80.00
22.41,76.47
24.14,77.78
25.86,78.95
27.59,80.00
29.31,80.95
31.03,75.00
32.76,70.37
34.48,68.97
36.21,70.00
37.93,62.86
39.66,52.27
41.38,45.28
43.10,37.31
44.83,27.96
46.55,23.89
48.28,21.88
50.00,22.31
51.72,22.56
53.45,20.67
55.17,12.50
56.90,11.58
58.62,11.64
60.34,10.39
62.07,9.00
63.79,8.49
65.52,8.32
67.24,7.57
68.97,7.05
70.69,7.13
72.41,7.09
74.14,6.96
75.86,6.92
77.59,5.54
79.31,5.64
81.03,5.73
82.76,4.97
Tabela,
Área,3958.39
Revocação,Precisão
0.00,100.00
10.00,100.00
20.00,80.00
30.00,75.00
40.00,45.28
50.00,22.31
60.00,10.39
70.00,7.13
80.00,5.73
90.00,0.00
100.00,0.00
,
,
,
Consulta Num,32
Qtd Rel,30
Qtd Rec,645
Qtd Rec Rel,21
Pontos,
Área,1684.97
Revocação,Precisão
3.33,100.00
6.67,66.67
10.00,33.33
13.33,33.33
16.67,38.46
20.00,28.57
23.33,30.43
26.67,12.90
30.00,14.29
33.33,15.63
36.67,8.66
40.00,9.16
43.33,9.22
46.67,8.75
50.00,5.86
53.33,6.04
56.67,5.28
60.00,3.82
63.33,3.85
66.67,3.88
70.00,3.47
Tabela,
Área,1498.42
Revocação,Precisão
0.00,100.00
10.00,33.33
20.00,28.57
30.00,15.63
40.00,9.16
50.00,5.86
60.00,3.82
70.00,3.47
80.00,0.00
90.00,0.00
100.00,0.00
,
,
,
Consulta Num,33
Qtd Rel,57
Qtd Rec,488
Qtd Rec Rel,48
Pontos,
Área,2511.49
Revocação,Precisão
1.75,100.00
3.51,100.00
5.26,100.00
7.02,57.14
8.77,55.56
10.53,54.55
12.28,29.17
14.04,29.63
15.79,27.27
17.54,25.00
19.30,26.19
21.05,27.27
22.81,25.00
24.56,15.38
26.32,15.96
28.07,15.69
29.82,16.35
31.58,17.14
33.33,17.92
35.09,18.35
36.84,18.10
38.60,18.33
40.35,18.85
42.11,19.51
43.86,20.16
45.61,20.80
47.37,21.43
49.12,21.37
50.88,21.97
52.63,22.22
54.39,22.79
56.14,23.19
57.89,23.74
59.65,23.78
61.40,23.03
63.16,22.64
64.91,22.98
66.67,22.62
68.42,22.29
70.18,22.35
71.93,20.92
73.68,19.27
75.44,18.45
77.19,18.72
78.95,17.58
80.70,17.90
82.46,10.59
84.21,10.48
Tabela,
Área,2530.55
Revocação,Precisão
0.00,100.00
10.00,54.55
20.00,27.27
30.00,17.14
40.00,18.85
50.00,21.97
60.00,23.03
70.00,22.35
80.00,17.90
90.00,0.00
100.00,0.00
,
,
,
Consulta Num,34
Qtd Rel,39
Qtd Rec,869
Qtd Rec Rel,34
Pontos,
Área,3512.60
Revocação,Precisão
2.56,100.00
5.13,100.00
7.69,100.00
10.26,100.00
12.82,83.33
15.38,75.00
17.95,46.67
20.51,50.00
23.08,47.37
25.64,45.45
28.21,40.74
30.77,41.38
33.33,40.63
35.90,35.90
38.46,34.88
41.03,34.78
43.59,34.69
46.15,35.29
48.72,35.85
51.28,37.04
53.85,36.84
56.41,26.19
58.97,22.12
61.54,16.55
64.10,13.81
66.67,13.76
69.23,10.63
71.79,8.64
74.36,8.50
76.92,7.23
79.49,7.14
82.05,6.74
84.62,6.41
87.18,5.45
Tabela,
Área,3451.29
Revocação,Precisão
0.00,100.00
10.00,100.00
20.00,50.00
30.00,41.38
40.00,34.78
50.00,37.04
60.00,16.55
70.00,8.64
80.00,6.74
90.00,0.00
100.00,0.00
,
,
,
Consulta Num,35
Qtd Rel,14
Qtd Rec,1133
Qtd Rec Rel,13
Pontos,
Área,2257.52
Revocação,Precisão
7.14,100.00
14.29,100.00
21.43,16.67
28.57,16.67
35.71,5.62
42.86,5.77
50.00,5.22
57.14,5.13
64.29,3.11
71.43,2.34
78.57,2.44
85.71,1.93
92.86,1.16
Tabela,
Área,1918.19
Revocação,Precisão
0.00,100.00
10.00,100.00
20.00,16.67
30.00,5.62
40.00,5.77
50.00,5.22
60.00,3.11
70.00,2.34
80.00,1.93
90.00,1.16
100.00,0.00
,
,
,
Consulta Num,36
Qtd Rel,9
Qtd Rec,855
Qtd Rec Rel,9
Pontos,
Área,2707.69
Revocação,Precisão
11.11,50.00
22.22,66.67
33.33,75.00
44.44,12.90
55.56,12.82
66.67,4.08
77.78,3.63
88.89,2.37
100.00,2.20
Tabela,
Área,2557.66
Revocação,Precisão
0.00,50.00
10.00,50.00
20.00,66.67
30.00,75.00
40.00,12.90
50.00,12.82
60.00,4.08
70.00,3.63
80.00,2.37
90.00,2.20
100.00,2.20
,
,
,
Consulta Num,37
Qtd Rel,98
Qtd Rec,927
Qtd Rec Rel,94
Pontos,
Área,5357.84
Revocação,Precisão
1.02,100.00
2.04,100.00
3.06,100.00
4.08,100.00
5.10,83.33
6.12,85.71
7.14,77.78
8.16,80.00
9.18,81.82
10.20,83.33
11.22,84.62
12.24,80.00
13.27,81.25
14.29,82.35
15.31,78.95
16.33,80.00
17.35,80.95
18.37,81.82
19.39,82.61
20.41,80.00
21.43,77.78
22.45,78.57
23.47,79.31
24.49,80.00
25.51,78.13
26.53,68.42
27.55,65.85
28.57,63.64
29.59,64.44
30.61,57.69
31.63,57.41
32.65,58.18
33.67,57.89
34.69,58.62
35.71,59.32
36.73,59.02
37.76,57.81
38.78,57.58
39.80,57.35
40.82,57.97
41.84,58.57
42.86,59.15
43.88,59.72
44.90,58.67
45.92,59.21
46.94,58.97
47.96,59.49
48.98,59.26
50.00,59.04
51.02,59.52
52.04,60.00
53.06,58.43
54.08,55.79
55.10,54.55
56.12,55.00
57.14,53.33
58.16,53.77
59.18,53.70
60.20,51.75
61.22,50.85
62.24,49.19
63.27,48.82
64.29,45.65
65.31,45.71
66.33,44.52
67.35,44.30
68.37,43.51
69.39,43.59
70.41,39.66
71.43,39.55
72.45,39.89
73.47,38.92
74.49,38.62
75.51,34.91
76.53,32.89
77.55,33.19
78.57,31.82
79.59,31.58
80.61,30.50
81.63,28.78
82.65,29.03
83.67,28.98
84.69,28.52
85.71,28.57
86.73,20.99
87.76,18.11
88.78,17.98
89.80,18.07
90.82,14.81
91.84,11.61
92.86,11.48
93.88,10.97
94.90,10.99
95.92,10.68
Tabela,
Área,5247.53
Revocação,Precisão
0.00,100.00
10.00,83.33
20.00,80.00
30.00,57.69
40.00,57.97
50.00,59.04
60.00,51.75
70.00,39.66
80.00,30.50
90.00,14.81
100.00,0.00
,
,
,
Consulta Num,38
Qtd Rel,53
Qtd Rec,505
Qtd Rec Rel,28
Pontos,
Área,759.87
Revocação,Precisão
1.89,100.00
3.77,4.26
5.66,5.26
7.55,5.97
9.43,6.41
11.32,5.94
13.21,6.73
15.09,7.02
16.98,7.50
18.87,8.26
20.75,8.80
22.64,9.09
24.53,7.26
26.42,7.61
28.30,7.94
30.19,8.04
32.08,7.83
33.96,7.89
35.85,8.23
37.74,7.75
39.62,5.85
41.51,5.96
43.40,6.22
45.28,5.53
47.17,5.58
49.06,5.73
50.94,5.93
52.83,5.70
Tabela,
Área,846.77
Revocação,Precisão
0.00,100.00
10.00,5.94
20.00,8.80
30.00,8.04
40.00,5.96
50.00,5.93
60.00,0.00
70.00,0.00
80.00,0.00
90.00,0.00
100.00,0.00
,
,
,
Consulta Num,39
Qtd Rel,162
Qtd Rec,690
Qtd Rec Rel,136
Pontos,
Área,4017.43
Revocação,Precisão
0.62,50.00
1.23,66.67
1.85,75.00
2.47,66.67
3.09,62.50
3.70,54.55
4.32,58.33
4.94,61.54
5.56,60.00
6.17,62.50
6.79,61.11
7.41,63.16
8.02,61.90
8.64,63.64
9.26,53.57
9.88,55.17
10.49,48.57
11.11,48.65
11.73,47.50
12.35,48.78
12.96,50.00
13.58,51.16
14.20,48.94
14.81,50.00
15.43,51.02
16.05,52.00
16.67,52.94
17.28,53.85
17.90,54.72
18.52,54.55
19.14,54.39
19.75,55.17
20.37,55.93
20.99,56.67
21.60,56.45
22.22,57.14
22.84,56.06
23.46,55.88
24.07,56.52
24.69,57.14
25.31,56.94
25.93,57.53
26.54,57.33
27.16,57.14
27.78,56.96
28.40,54.76
29.01,55.29
29.63,55.81
30.25,55.06
30.86,54.95
31.48,55.43
32.10,55.91
32.72,56.38
33.33,55.67
33.95,55.56
34.57,54.37
35.19,54.81
35.80,54.72
36.42,53.64
37.04,53.57
37.65,53.51
38.27,53.91
38.89,54.31
39.51,52.89
40.12,53.28
40.74,50.38
41.36,50.38
41.98,50.75
42.59,50.00
43.21,49.65
43.83,50.00
44.44,50.35
45.06,45.91
45.68,45.68
46.30,46.01
46.91,46.06
47.53,44.25
48.15,42.86
48.77,41.80
49.38,41.45
50.00,41.54
50.62,41.84
51.23,41.09
51.85,41.38
52.47,41.26
53.09,40.19
53.70,40.47
54.32,40.74
54.94,41.01
55.56,38.79
56.17,39.06
56.79,38.17
57.41,37.65
58.02,37.90
58.64,38.15
59.26,38.25
59.88,38.34
60.49,38.58
61.11,38.82
61.73,38.31
62.35,38.40
62.96,37.64
63.58,37.32
64.20,36.49
64.81,35.84
65.43,34.98
66.05,35.20
66.67,35.18
67.28,33.96
67.90,33.64
68.52,33.64
69.14,33.84
69.75,33.53
70.37,33.73
70.99,32.21
71.60,32.31
72.22,31.03
72.84,30.26
73.46,29.24
74.07,29.27
74.69,29.30
75.31,29.47
75.93,28.67
76.54,28.57
77.16,27.96
77.78,28.00
78.40,27.85
79.01,28.01
79.63,27.62
80.25,27.54
80.86,26.95
81.48,27.05
82.10,26.18
82.72,25.43
83.33,20.96
83.95,19.91
Tabela,
Área,3792.30
Revocação,Precisão
0.00,50.00
10.00,48.57
20.00,55.93
30.00,55.06
40.00,53.28
50.00,41.54
60.00,38.58
70.00,33.73
80.00,27.54
90.00,0.00
100.00,0.00
,
,
,
Consulta Num,40
Qtd Rel,146
Qtd Rec,1029
Qtd Rec Rel,129
Pontos,
Área,2136.64
Revocação,Precisão
0.68,100.00
1.37,100.00
2.05,75.00
2.74,44.44
3.42,41.67
4.11,33.33
4.79,33.33
5.48,36.36
6.16,33.33
6.85,33.33
7.53,33.33
8.22,31.58
8.90,33.33
9.59,28.57
10.27,29.41
10.96,30.77
11.64,29.31
12.33,30.51
13.01,30.16
13.70,29.41
14.38,28.38
15.07,28.57
15.75,28.75
16.44,28.24
17.12,25.00
17.81,24.30
18.49,24.11
19.18,23.14
19.86,23.02
20.55,22.56
21.23,21.99
21.92,22.07
22.60,22.60
23.29,23.13
23.97,23.03
24.66,22.93
25.34,22.98
26.03,23.17
26.71,22.54
27.40,22.47
28.08,22.28
28.77,22.58
29.45,22.51
30.14,21.57
30.82,21.95
31.51,22.22
32.19,22.60
32.88,22.64
33.56,23.00
34.25,23.26
34.93,21.98
35.62,22.13
36.30,22.18
36.99,22.50
37.67,22.82
38.36,22.95
39.04,23.17
39.73,22.92
40.41,22.96
41.10,22.56
41.78,22.26
42.47,22.55
43.15,20.66
43.84,20.92
44.52,20.97
45.21,21.15
45.89,20.36
46.58,20.42
47.26,20.41
47.95,20.17
48.63,20.34
49.32,20.57
50.00,20.62
50.68,20.44
51.37,20.55
52.05,20.77
52.74,20.98
53.42,20.91
54.11,20.47
54.79,20.00
55.48,19.85
56.16,19.16
56.85,18.99
57.53,18.79
58.22,18.09
58.90,18.07
59.59,18.20
60.27,17.67
60.96,17.69
61.64,17.82
62.33,17.88
63.01,17.97
63.70,17.55
64.38,17.70
65.07,17.34
65.75,16.67
66.44,16.44
67.12,16.50
67.81,16.26
68.49,16.37
69.18,16.34
69.86,16.48
70.55,16.59
71.23,16.67
71.92,16.48
72.60,16.51
73.29,16.34
73.97,15.86
74.66,15.42
75.34,14.82
76.03,14.94
76.71,14.83
77.40,14.89
78.08,14.30
78.77,14.27
79.45,14.11
80.14,13.64
80.82,13.67
81.51,13.73
82.19,13.82
82.88,13.55
83.56,13.50
84.25,13.53
84.93,13.41
85.62,13.35
86.30,13.14
86.99,13.19
87.67,13.14
88.36,13.06
Tabela,
Área,2150.09
Revocação,Precisão
0.00,100.00
10.00,29.41
20.00,22.56
30.00,21.57
40.00,22.96
50.00,20.62
60.00,17.67
70.00,16.59
80.00,13.64
90.00,0.00
100.00,0.00
,
,
,
Consulta Num,41
Qtd Rel,15
Qtd Rec,815
Qtd Rec Rel,13
Pontos,
Área,3841.17
Revocação,Precisão
6.67,100.00
13.33,100.00
20.00,75.00
26.67,80.00
33.33,50.00
40.00,50.00
46.67,26.92
53.33,25.81
60.00,3.60
66.67,3.30
73.33,3.46
80.00,3.34
86.67,3.16
Tabela,
Área,3609.09
Revocação,Precisão
0.00,100.00
10.00,100.00
20.00,75.00
30.00,50.00
40.00,50.00
50.00,25.81
60.00,3.30
70.00,3.46
80.00,3.34
90.00,0.00
100.00,0.00
,
,
,
Consulta Num,42
Qtd Rel,47
Qtd Rec,676
Qtd Rec Rel,35
Pontos,
Área,3138.86
Revocação,Precisão
2.13,100.00
4.26,100.00
6.38,100.00
8.51,100.00
10.64,100.00
12.77,100.00
14.89,100.00
17.02,100.00
19.15,100.00
21.28,100.00
23.40,50.00
25.53,52.17
27.66,46.43
29.79,48.28
31.91,33.33
34.04,23.53
36.17,18.89
38.30,18.75
40.43,13.01
42.55,11.43
44.68,7.55
46.81,7.59
48.94,6.25
51.06,5.06
53.19,5.06
55.32,4.69
57.45,4.81
59.57,4.97
61.70,4.83
63.83,4.69
65.96,4.84
68.09,4.97
70.21,5.03
72.34,5.14
74.47,5.22
Tabela,
Área,3112.74
Revocação,Precisão
0.00,100.00
10.00,100.00
20.00,100.00
30.00,33.33
40.00,13.01
50.00,5.06
60.00,4.83
70.00,5.03
80.00,0.00
90.00,0.00
100.00,0.00
,
,
,
Consulta Num,43
Qtd Rel,98
Qtd Rec,399
Qtd Rec Rel,76
Pontos,
Área,4405.77
Revocação,Precisão
1.02,100.00
2.04,100.00
3.06,100.00
4.08,100.00
5.10,83.33
6.12,66.67
7.14,58.33
8.16,61.54
9.18,64.29
10.20,66.67
11.22,68.75
12.24,66.67
13.27,65.00
14.29,66.67
15.31,68.18
16.33,66.67
17.35,65.38
18.37,66.67
19.39,67.86
20.41,68.97
21.43,70.00
22.45,66.67
23.47,65.71
24.49,66.67
25.51,60.98
26.53,59.09
27.55,58.70
28.57,58.33
29.59,58.00
30.61,58.82
31.63,57.41
32.65,53.33
33.67,54.10
34.69,53.97
35.71,54.69
36.73,55.38
37.76,53.62
38.78,52.78
39.80,52.70
40.82,48.78
41.84,49.40
42.86,50.00
43.88,47.78
44.90,48.35
45.92,46.39
46.94,46.94
47.96,47.00
48.98,46.15
50.00,45.37
51.02,44.25
52.04,43.22
53.06,43.33
54.08,41.73
55.10,40.91
56.12,40.74
57.14,41.18
58.16,41.61
59.18,41.13
60.20,41.55
61.22,39.74
62.24,37.89
63.27,38.27
64.29,38.18
65.31,37.21
66.33,36.11
67.35,32.84
68.37,32.37
69.39,32.08
70.41,30.94
71.43,31.25
72.45,31.28
73.47,29.75
74.49,30.04
75.51,29.84
76.53,24.43
77.55,22.35
Tabela,
Área,4110.98
Revocação,Precisão
0.00,100.00
10.00,66.67
20.00,68.97
30.00,58.82
40.00,48.78
50.00,45.37
60.00,41.55
70.00,30.94
80.00,0.00
90.00,0.00
100.00,0.00
,
,
,
Consulta Num,44
Qtd Rel,140
Qtd Rec,1102
Qtd Rec Rel,138
Pontos,
Área,4651.66
Revocação,Precisão
0.71,100.00
1.43,100.00
2.14,100.00
2.86,100.00
3.57,100.00
4.29,100.00
5.00,77.78
5.71,80.00
6.43,75.00
7.14,71.43
7.86,68.75
8.57,60.00
9.29,59.09
10.00,60.87
10.71,62.50
11.43,64.00
12.14,65.38
12.86,66.67
13.57,65.52
14.29,66.67
15.00,65.63
15.71,66.67
16.43,65.71
17.14,66.67
17.86,67.57
18.57,68.42
19.29,67.50
20.00,68.29
20.71,69.05
21.43,69.77
22.14,67.39
22.86,68.09
23.57,63.46
24.29,64.15
25.00,64.81
25.71,65.45
26.43,62.71
27.14,61.29
27.86,60.00
28.57,60.61
29.29,61.19
30.00,60.87
30.71,59.72
31.43,58.67
32.14,59.21
32.86,59.74
33.57,59.49
34.29,59.26
35.00,58.33
35.71,58.14
36.43,58.62
37.14,58.43
37.86,58.24
38.57,52.43
39.29,52.88
40.00,53.33
40.71,51.82
41.43,50.00
42.14,50.43
42.86,49.18
43.57,48.41
44.29,47.33
45.00,47.01
45.71,47.41
46.43,45.77
47.14,45.21
47.86,45.27
48.57,43.04
49.29,42.86
50.00,41.67
50.71,41.52
51.43,40.68
52.14,40.11
52.86,40.44
53.57,40.54
54.29,40.64
55.00,40.96
55.71,41.27
56.43,41.58
57.14,41.67
57.86,41.75
58.57,42.05
59.29,40.89
60.00,41.18
60.71,40.09
61.43,39.81
62.14,40.09
62.86,40.00
63.57,39.56
64.29,39.82
65.00,40.09
65.71,38.17
66.43,38.43
67.14,38.52
67.86,36.96
68.57,36.78
69.29,35.02
70.00,35.25
70.71,35.23
71.43,33.56
72.14,32.69
72.86,31.78
73.57,31.31
74.29,29.89
75.00,29.01
75.71,27.46
76.43,27.37
77.14,25.84
77.86,25.77
78.57,25.23
79.29,25.40
80.00,25.51
80.71,25.28
81.43,25.05
82.14,25.11
82.86,24.47
83.57,24.22
84.29,23.74
85.00,23.61
85.71,23.44
86.43,21.84
87.14,21.33
87.86,20.53
88.57,20.13
89.29,19.44
90.00,19.09
90.71,18.09
91.43,16.80
92.14,16.27
92.86,16.17
93.57,15.60
94.29,15.70
95.00,13.78
95.71,13.81
96.43,13.71
97.14,12.77
97.86,12.80
98.57,12.52
Tabela,
Área,4572.16
Revocação,Precisão
0.00,100.00
10.00,62.50
20.00,69.05
30.00,60.87
40.00,53.33
50.00,41.67
60.00,41.18
70.00,35.25
80.00,25.28
90.00,18.09
100.00,0.00
,
,
,
Consulta Num,45
Qtd Rel,20
Qtd Rec,883
Qtd Rec Rel,20
Pontos,
Área,2874.68
Revocação,Precisão
5.00,100.00
10.00,100.00
15.00,100.00
20.00,57.14
25.00,45.45
30.00,46.15
35.00,17.07
40.00,17.02
45.00,18.75
50.00,8.77
55.00,8.03
60.00,5.91
65.00,5.46
70.00,5.65
75.00,3.62
80.00,3.49
85.00,3.42
90.00,3.00
95.00,2.94
100.00,2.84
Tabela,
Área,2985.51
Revocação,Precisão
0.00,100.00
10.00,100.00
20.00,57.14
30.00,46.15
40.00,17.02
50.00,8.77
60.00,5.91
70.00,5.65
80.00,3.49
90.00,3.00
100.00,2.84
,
,
,
Consulta Num,46
Qtd Rel,18
Qtd Rec,838
Qtd Rec Rel,15
Pontos,
Área,3294.33
Revocação,Precisão
5.56,100.00
11.11,100.00
16.67,100.00
22.22,80.00
27.78,45.45
33.33,40.00
38.89,35.00
44.44,7.84
50.00,8.57
55.56,6.21
61.11,5.16
66.67,4.92
72.22,3.96
77.78,2.11
83.33,1.87
Tabela,
Área,2974.15
Revocação,Precisão
0.00,100.00
10.00,100.00
20.00,80.00
30.00,40.00
40.00,7.84
50.00,8.57
60.00,5.16
70.00,3.96
80.00,1.87
90.00,0.00
100.00,0.00
,
,
,
Consulta Num,47
Qtd Rel,60
Qtd Rec,1163
Qtd Rec Rel,59
Pontos,
Área,836.04
Revocação,Precisão
1.67,16.67
3.33,28.57
5.00,33.33
6.67,11.43
8.33,9.09
10.00,9.52
11.67,7.95
13.33,7.41
15.00,8.04
16.67,8.40
18.33,8.46
20.00,8.33
21.67,8.18
23.33,8.24
25.00,7.81
26.67,7.96
28.33,8.21
30.00,8.57
31.67,8.15
33.33,8.44
35.00,8.75
36.67,7.89
38.33,7.62
40.00,7.34
41.67,7.58
43.33,7.51
45.00,7.74
46.67,7.53
48.33,7.75
50.00,7.73
51.67,7.93
53.33,8.10
55.00,8.15
56.67,7.87
58.33,7.92
60.00,7.39
61.67,7.27
63.33,7.44
65.00,6.71
66.67,6.51
68.33,6.49
70.00,6.64
71.67,6.68
73.33,6.74
75.00,6.60
76.67,6.68
78.33,6.61
80.00,6.71
81.67,6.51
83.33,6.44
85.00,5.94
86.67,5.97
88.33,5.77
90.00,5.83
91.67,5.75
93.33,5.71
95.00,5.70
96.67,5.79
98.33,5.26
Tabela,
Área,765.21
Revocação,Precisão
0.00,16.67
10.00,9.52
20.00,8.33
30.00,8.57
40.00,7.34
50.00,7.93
60.00,7.27
70.00,6.68
80.00,6.71
90.00,5.83
100.00,0.00
,
,
,
Consulta Num,48
Qtd Rel,30
Qtd Rec,1093
Qtd Rec Rel,30
Pontos,
Área,2744.93
Revocação,Precisão
3.33,25.00
6.67,40.00
10.00,50.00
13.33,44.44
16.67,38.46
20.00,37.50
23.33,41.18
26.67,44.44
30.00,33.33
33.33,35.71
36.67,32.35
40.00,34.29
43.33,32.50
46.67,34.15
50.00,31.91
53.33,29.63
56.67,27.42
60.00,25.00
63.33,26.03
66.67,26.32
70.00,26.58
73.33,22.92
76.67,23.71
80.00,23.53
83.33,24.27
86.67,17.69
90.00,16.36
93.33,7.87
96.67,6.35
100.00,3.31
Tabela,
Área,2865.46
Revocação,Precisão
0.00,25.00
10.00,50.00
20.00,37.50
30.00,35.71
40.00,34.29
50.00,31.91
60.00,25.00
70.00,26.58
80.00,23.53
90.00,7.87
100.00,3.31
,
,
,
Consulta Num,49
Qtd Rel,36
Qtd Rec,682
Qtd Rec Rel,31
Pontos,
Área,4749.61
Revocação,Precisão
2.78,100.00
5.56,100.00
8.33,100.00
11.11,100.00
13.89,100.00
16.67,100.00
19.44,100.00
22.22,100.00
25.00,90.00
27.78,90.91
30.56,91.67
33.33,80.00
36.11,72.22
38.89,70.00
41.67,71.43
44.44,37.21
47.22,38.64
50.00,30.00
52.78,23.17
55.56,23.53
58.33,21.65
61.11,21.57
63.89,20.35
66.67,12.57
69.44,10.78
72.22,9.06
75.00,8.36
77.78,7.49
80.56,7.65
83.33,7.11
86.11,4.84
Tabela,
Área,4813.75
Revocação,Precisão
0.00,100.00
10.00,100.00
20.00,100.00
30.00,91.67
40.00,71.43
50.00,30.00
60.00,21.57
70.00,9.06
80.00,7.65
90.00,0.00
100.00,0.00
,
,
,
Consulta Num,50
Qtd Rel,25
Qtd Rec,860
Qtd Rec Rel,22
Pontos,
Área,3318.13
Revocação,Precisão
4.00,100.00
8.00,100.00
12.00,75.00
16.00,80.00
20.00,83.33
24.00,85.71
28.00,53.85
32.00,34.78
36.00,25.71
40.00,23.26
44.00,21.15
48.00,21.82
52.00,16.67
56.00,13.33
60.00,10.42
64.00,9.41
68.00,5.96
72.00,3.97
76.00,3.41
80.00,3.11
84.00,3.08
88.00,2.77
Tabela,
Área,3005.39
Revocação,Precisão
0.00,100.00
10.00,75.00
20.00,83.33
30.00,34.78
40.00,23.26
50.00,16.67
60.00,10.42
70.00,3.97
80.00,3.11
90.00,0.00
100.00,0.00
,
,
,
Consulta Num,51
Qtd Rel,241
Qtd Rec,1239
Qtd Rec Rel,241
Pontos,
Área,3294.87
Revocação,Precisão
0.41,100.00
0.83,66.67
1.24,75.00
1.66,80.00
2.07,83.33
2.49,75.00
2.90,77.78
3.32,80.00
3.73,81.82
4.15,76.92
4.56,78.57
4.98,80.00
5.39,81.25
5.81,73.68
6.22,75.00
6.64,76.19
7.05,77.27
7.47,66.67
7.88,63.33
8.30,58.82
8.71,58.33
9.13,59.46
9.54,60.53
9.96,61.54
10.37,62.50
10.79,63.41
11.20,64.29
11.62,63.64
12.03,64.44
12.45,62.50
12.86,63.27
13.28,64.00
13.69,64.71
14.11,65.38
14.52,66.04
14.94,64.29
15.35,63.79
15.77,63.33
16.18,63.93
16.60,63.49
17.01,64.06
17.43,64.62
17.84,65.15
18.26,64.71
18.67,60.81
19.09,60.53
19.50,61.04
19.92,60.76
20.33,61.25
20.75,61.73
21.16,60.00
21.58,60.47
21.99,59.55
22.41,59.34
22.82,59.78
23.24,59.57
23.65,60.00
24.07,60.42
24.48,60.82
24.90,60.00
25.31,58.10
25.73,55.36
26.14,55.75
26.56,55.65
26.97,54.62
27.39,54.10
27.80,48.91
28.22,48.57
28.63,48.94
29.05,48.28
29.46,48.30
29.88,48.00
30.29,48.03
30.71,46.84
31.12,46.01
31.54,46.06
31.95,45.29
32.37,45.61
32.78,45.66
33.20,45.98
33.61,45.25
34.02,45.05
34.44,44.62
34.85,44.44
35.27,44.50
35.68,44.56
36.10,44.85
36.51,44.67
36.93,42.58
37.34,42.45
37.76,42.52
38.17,42.59
38.59,42.47
39.00,42.34
39.42,42.60
39.83,42.29
40.25,42.17
40.66,42.24
41.08,42.49
41.49,42.02
41.91,42.26
42.32,42.50
42.74,42.39
43.15,42.45
43.57,42.68
43.98,42.91
44.40,43.15
44.81,42.86
45.23,42.58
45.64,42.64
46.06,42.21
46.47,42.26
46.89,42.32
47.30,42.22
47.72,41.37
48.13,41.43
48.55,41.64
48.96,40.41
49.38,40.20
49.79,40.40
50.21,40.07
50.62,40.26
51.04,39.81
51.45,39.74
51.87,39.68
52.28,39.50
52.70,39.44
53.11,39.38
53.53,39.45
53.94,39.04
54.36,38.76
54.77,38.04
55.19,38.11
55.60,38.18
56.02,38.03
56.43,37.47
56.85,37.53
57.26,37.30
57.68,36.97
58.09,36.75
58.51,35.88
58.92,35.41
59.34,35.57
59.75,35.64
60.17,35.71
60.58,33.72
61.00,33.87
61.41,33.94
61.83,33.79
62.24,33.86
62.66,33.78
63.07,32.97
63.49,32.62
63.90,32.29
64.32,32.22
64.73,31.84
65.15,31.85
65.56,31.92
65.98,32.06
66.39,32.13
66.80,32.01
67.22,32.14
67.63,32.21
68.05,32.28
68.46,32.29
68.88,32.42
69.29,31.63
69.71,31.58
70.12,31.59
70.54,31.60
70.95,31.73
71.37,31.62
71.78,31.68
72.20,31.13
72.61,30.92
73.03,30.66
73.44,30.73
73.86,30.48
74.27,30.19
74.69,29.80
75.10,29.58
75.52,27.96
75.93,28.02
76.35,28.01
76.76,27.95
77.18,26.69
77.59,26.75
78.01,26.78
78.42,26.85
78.84,26.87
79.25,26.98
79.67,26.67
80.08,25.80
80.50,25.76
80.91,25.76
81.33,25.86
81.74,25.92
82.16,25.85
82.57,25.81
82.99,25.51
83.40,25.57
83.82,25.51
84.23,25.53
84.65,25.63
85.06,24.76
85.48,24.82
85.89,24.01
86.31,23.99
86.72,23.78
87.14,23.60
87.55,23.55
87.97,23.63
88.38,23.30
88.80,23.31
89.21,23.27
89.63,23.28
90.04,23.18
90.46,23.12
90.87,23.20
91.29,22.87
91.70,22.90
92.12,22.65
92.53,22.66
92.95,22.27
93.36,22.32
93.78,22.40
94.19,22.19
94.61,22.01
95.02,22.00
95.44,21.86
95.85,21.69
96.27,21.50
96.68,21.49
97.10,21.12
97.51,21.08
97.93,20.72
98.34,20.36
98.76,20.32
99.17,19.80
99.59,19.82
100.00,19.55
Tabela,
Área,4300.78
Revocação,Precisão
0.00,100.00
10.00,62.50
20.00,61.25
30.00,48.03
40.00,42.17
50.00,40.07
60.00,35.71
70.00,31.59
80.00,25.80
90.00,23.18
100.00,19.55
,
,
,
Consulta Num,52
Qtd Rel,2
Qtd Rec,462
Qtd Rec Rel,2
Pontos,
Área,7431.51
Revocação,Precisão
50.00,100.00
100.00,2.74
Tabela,
Área,5623.29
Revocação,Precisão
0.00,100.00
10.00,100.00
20.00,100.00
30.00,100.00
40.00,100.00
50.00,100.00
60.00,2.74
70.00,2.74
80.00,2.74
90.00,2.74
100.00,2.74
,
,
,
Consulta Num,53
Qtd Rel,23
Qtd Rec,958
Qtd Rec Rel,23
Pontos,
Área,2994.40
Revocação,Precisão
4.35,50.00
8.70,66.67
13.04,50.00
17.39,44.44
21.74,38.46
26.09,42.86
30.43,46.67
34.78,34.78
39.13,28.13
43.48,30.30
47.83,30.56
52.17,28.57
56.52,30.23
60.87,29.17
65.22,30.61
69.57,22.86
73.91,22.67
78.26,21.95
82.61,14.62
86.96,14.71
91.30,12.57
95.65,2.70
100.00,2.71
Tabela,
Área,2993.81
Revocação,Precisão
0.00,50.00
10.00,50.00
20.00,38.46
30.00,46.67
40.00,30.30
50.00,28.57
60.00,29.17
70.00,22.67
80.00,14.62
90.00,12.57
100.00,2.71
,
,
,
Consulta Num,54
Qtd Rel,62
Qtd Rec,881
Qtd Rec Rel,59
Pontos,
Área,5135.22
Revocação,Precisão
1.61,100.00
3.23,100.00
4.84,100.00
6.45,100.00
8.06,100.00
9.68,75.00
11.29,77.78
12.90,80.00
14.52,81.82
16.13,83.33
17.74,84.62
19.35,85.71
20.97,86.67
22.58,87.50
24.19,88.24
25.81,88.89
27.42,85.00
29.03,85.71
30.65,86.36
32.26,86.96
33.87,87.50
35.48,88.00
37.10,88.46
38.71,80.00
40.32,62.50
41.94,60.47
43.55,61.36
45.16,62.22
46.77,53.70
48.39,50.85
50.00,49.21
51.61,45.71
53.23,45.21
54.84,44.16
56.45,43.21
58.06,38.30
59.68,38.14
61.29,33.63
62.90,31.71
64.52,31.01
66.13,22.53
67.74,22.22
69.35,21.39
70.97,20.00
72.58,19.57
74.19,18.85
75.81,17.54
77.42,13.71
79.03,12.69
80.65,12.76
82.26,12.11
83.87,11.76
85.48,11.11
87.10,10.89
88.71,10.87
90.32,8.22
91.94,7.91
93.55,7.06
95.16,6.86
Tabela,
Área,4836.29
Revocação,Precisão
0.00,100.00
10.00,77.78
20.00,86.67
30.00,86.36
40.00,62.50
50.00,45.71
60.00,33.63
70.00,20.00
80.00,12.76
90.00,8.22
100.00,0.00
,
,
,
Consulta Num,55
Qtd Rel,24
Qtd Rec,704
Qtd Rec Rel,18
Pontos,
Área,574.57
Revocação,Precisão
4.17,20.00
8.33,9.52
12.50,9.68
16.67,11.76
20.83,8.62
25.00,9.23
29.17,9.46
33.33,6.67
37.50,3.78
41.67,4.18
45.83,4.40
50.00,4.76
54.17,4.98
58.33,3.43
62.50,2.85
66.67,2.61
70.83,2.76
75.00,2.63
Tabela,
Área,497.31
Revocação,Precisão
0.00,20.00
10.00,9.68
20.00,8.62
30.00,6.67
40.00,4.18
50.00,4.98
60.00,2.85
70.00,2.76
80.00,0.00
90.00,0.00
100.00,0.00
,
,
,
Consulta Num,56
Qtd Rel,32
Qtd Rec,796
Qtd Rec Rel,22
Pontos,
Área,1120.61
Revocação,Precisão
3.13,100.00
6.25,28.57
9.38,30.00
12.50,33.33
15.63,11.90
18.75,9.52
21.88,7.29
25.00,7.55
28.13,6.82
31.25,6.49
34.38,6.47
37.50,7.02
40.63,6.25
43.75,6.45
46.88,4.76
50.00,3.54
53.13,3.68
56.25,3.73
59.38,3.06
62.50,3.14
65.63,2.92
68.75,2.93
Tabela,
Área,1100.48
Revocação,Precisão
0.00,100.00
10.00,33.33
20.00,7.29
30.00,6.49
40.00,6.25
50.00,3.54
60.00,3.14
70.00,0.00
80.00,0.00
90.00,0.00
100.00,0.00
,
,
,
Consulta Num,57
Qtd Rel,51
Qtd Rec,543
Qtd Rec Rel,49
Pontos,
Área,5230.23
Revocação,Precisão
1.96,100.00
3.92,100.00
5.88,100.00
7.84,100.00
9.80,71.43
11.76,66.67
13.73,70.00
15.69,61.54
17.65,56.25
19.61,58.82
21.57,61.11
23.53,63.16
25.49,65.00
27.45,66.67
29.41,68.18
31.37,69.57
33.33,68.00
35.29,69.23
37.25,70.37
39.22,68.97
41.18,65.63
43.14,66.67
45.10,51.11
47.06,52.17
49.02,52.08
50.98,50.98
52.94,48.21
54.90,48.28
56.86,48.33
58.82,47.62
60.78,45.59
62.75,46.38
64.71,47.14
66.67,47.89
68.63,42.68
70.59,42.35
72.55,42.05
74.51,42.22
76.47,34.21
78.43,31.25
80.39,29.08
82.35,26.58
84.31,26.54
86.27,25.14
88.24,24.32
90.20,22.12
92.16,20.61
94.12,15.19
96.08,13.35
Tabela,
Área,5030.83
Revocação,Precisão
0.00,100.00
10.00,66.67
20.00,61.11
30.00,69.57
40.00,65.63
50.00,50.98
60.00,45.59
70.00,42.35
80.00,29.08
90.00,22.12
100.00,0.00
,
,
,
Consulta Num,58
Qtd Rel,95
Qtd Rec,683
Qtd Rec Rel,86
Pontos,
Área,3395.07
Revocação,Precisão
1.05,100.00
2.11,66.67
3.16,75.00
4.21,80.00
5.26,55.56
6.32,50.00
7.37,43.75
8.42,44.44
9.47,45.00
10.53,43.48
11.58,44.00
12.63,46.15
13.68,48.15
14.74,50.00
15.79,51.72
16.84,48.48
17.89,50.00
18.95,50.00
20.00,51.35
21.05,50.00
22.11,51.22
23.16,52.38
24.21,52.27
25.26,45.28
26.32,41.67
27.37,42.62
28.42,38.57
29.47,38.36
30.53,38.67
31.58,39.47
32.63,39.24
33.68,39.51
34.74,39.29
35.79,40.00
36.84,37.23
37.89,36.73
38.95,36.63
40.00,37.25
41.05,37.86
42.11,38.46
43.16,38.68
44.21,37.50
45.26,38.05
46.32,37.61
47.37,37.82
48.42,38.02
49.47,38.21
50.53,37.21
51.58,34.03
52.63,33.56
53.68,34.00
54.74,33.33
55.79,31.93
56.84,32.34
57.89,28.95
58.95,29.02
60.00,29.08
61.05,29.15
62.11,28.64
63.16,28.85
64.21,28.91
65.26,27.43
66.32,27.63
67.37,27.47
68.42,26.97
69.47,27.16
70.53,27.46
71.58,26.88
72.63,26.24
73.68,26.12
74.74,21.32
75.79,20.75
76.84,19.95
77.89,17.87
78.95,17.99
80.00,17.72
81.05,17.82
82.11,16.99
83.16,16.77
84.21,13.84
85.26,13.59
86.32,13.64
87.37,13.32
88.42,12.94
89.47,13.04
90.53,12.61
Tabela,
Área,3448.27
Revocação,Precisão
0.00,100.00
10.00,43.48
20.00,51.35
30.00,38.67
40.00,37.25
50.00,37.21
60.00,29.08
70.00,27.46
80.00,17.72
90.00,12.61
100.00,0.00
,
,
,
Consulta Num,59
Qtd Rel,145
Qtd Rec,900
Qtd Rec Rel,114
Pontos,
Área,1645.82
Revocação,Precisão
0.69,50.00
1.38,66.67
2.07,75.00
2.76,36.36
3.45,29.41
4.14,31.58
4.83,26.92
5.52,25.00
6.21,20.45
6.90,22.22
7.59,23.40
8.28,25.00
8.97,24.53
9.66,20.00
10.34,21.13
11.03,21.92
11.72,22.67
12.41,22.22
13.10,22.35
13.79,22.73
14.48,23.33
15.17,23.66
15.86,23.23
16.55,21.43
17.24,22.12
17.93,20.47
18.62,20.45
19.31,20.00
20.00,20.00
20.69,20.00
21.38,20.13
22.07,20.65
22.76,21.02
23.45,21.25
24.14,19.44
24.83,19.67
25.52,19.89
26.21,20.00
26.90,20.10
27.59,18.96
28.28,18.72
28.97,18.58
29.66,17.70
30.34,18.03
31.03,17.86
31.72,18.18
32.41,18.29
33.10,17.71
33.79,17.88
34.48,17.79
35.17,18.09
35.86,18.31
36.55,18.53
37.24,18.82
37.93,18.71
38.62,18.54
39.31,18.27
40.00,18.24
40.69,18.04
41.38,18.02
42.07,17.58
42.76,15.98
43.45,15.95
44.14,15.42
44.83,15.22
45.52,15.14
46.21,15.02
46.90,15.01
47.59,14.84
48.28,14.99
48.97,15.01
49.66,14.40
50.34,14.20
51.03,14.34
51.72,14.40
52.41,14.56
53.10,14.67
53.79,14.72
54.48,14.82
55.17,14.93
55.86,14.89
56.55,14.83
57.24,14.77
57.93,14.87
58.62,14.96
59.31,15.01
60.00,15.10
60.69,15.20
61.38,15.03
62.07,14.93
62.76,15.04
63.45,14.70
64.14,14.81
64.83,14.80
65.52,14.73
66.21,13.71
66.90,13.72
67.59,13.78
68.28,13.77
68.97,13.48
69.66,13.45
70.34,13.53
71.03,13.22
71.72,13.25
72.41,13.09
73.10,12.99
73.79,13.05
74.48,13.11
75.17,13.18
75.86,13.14
76.55,12.95
77.24,13.02
77.93,12.93
78.62,12.97
Tabela,
Área,1452.33
Revocação,Precisão
0.00,50.00
10.00,21.13
20.00,20.00
30.00,18.03
40.00,18.24
50.00,14.20
60.00,15.10
70.00,13.53
80.00,0.00
90.00,0.00
100.00,0.00
,
,
,
Consulta Num,60
Qtd Rel,34
Qtd Rec,627
Qtd Rec Rel,31
Pontos,
Área,492.76
Revocação,Precisão
2.94,3.57
5.88,3.64
8.82,3.85
11.76,2.74
14.71,3.40
17.65,3.75
20.59,4.35
23.53,4.60
26.47,5.14
29.41,5.32
32.35,5.50
35.29,5.77
38.24,6.02
41.18,6.33
44.12,6.47
47.06,6.72
50.00,7.02
52.94,7.11
55.88,6.29
58.82,5.95
61.76,5.77
64.71,5.74
67.65,5.08
70.59,5.06
73.53,5.17
76.47,5.09
79.41,4.97
82.35,4.98
85.29,5.10
88.24,5.02
91.18,5.12
Tabela,
Área,487.53
Revocação,Precisão
0.00,3.57
10.00,2.74
20.00,4.35
30.00,5.50
40.00,6.33
50.00,7.11
60.00,5.77
70.00,5.06
80.00,4.98
90.00,5.12
100.00,0.00
,
,
,
Consulta Num,61
Qtd Rel,70
Qtd Rec,626
Qtd Rec Rel,56
Pontos,
Área,3877.51
Revocação,Precisão
1.43,100.00
2.86,100.00
4.29,100.00
5.71,100.00
7.14,100.00
8.57,100.00
10.00,100.00
11.43,100.00
12.86,100.00
14.29,100.00
15.71,100.00
17.14,100.00
18.57,100.00
20.00,100.00
21.43,100.00
22.86,88.89
24.29,80.95
25.71,75.00
27.14,65.52
28.57,55.56
30.00,56.76
31.43,47.83
32.86,41.07
34.29,32.00
35.71,29.76
37.14,29.89
38.57,29.03
40.00,29.79
41.43,29.90
42.86,25.21
44.29,25.41
45.71,23.70
47.14,23.57
48.57,22.08
50.00,21.34
51.43,18.18
52.86,18.14
54.29,15.97
55.71,16.05
57.14,15.87
58.57,14.19
60.00,13.91
61.43,14.19
62.86,14.38
64.29,14.66
65.71,13.53
67.14,12.37
68.57,12.44
70.00,11.01
71.43,10.82
72.86,10.00
74.29,10.18
75.71,9.22
77.14,9.15
78.57,8.91
80.00,9.05
Tabela,
Área,3830.30
Revocação,Precisão
0.00,100.00
10.00,100.00
20.00,100.00
30.00,47.83
40.00,29.90
50.00,21.34
60.00,13.91
70.00,11.01
80.00,9.05
90.00,0.00
100.00,0.00
,
,
,
Consulta Num,62
Qtd Rel,144
Qtd Rec,924
Qtd Rec Rel,132
Pontos,
Área,2679.63
Revocação,Precisão
0.69,100.00
1.39,50.00
2.08,60.00
2.78,57.14
3.47,62.50
4.17,54.55
4.86,50.00
5.56,33.33
6.25,36.00
6.94,35.71
7.64,37.93
8.33,36.36
9.03,37.14
9.72,37.84
10.42,39.47
11.11,34.78
11.81,35.42
12.50,36.73
13.19,33.93
13.89,32.26
14.58,32.81
15.28,32.84
15.97,32.86
16.67,33.80
17.36,32.47
18.06,31.71
18.75,31.76
19.44,32.18
20.14,32.22
20.83,32.97
21.53,32.29
22.22,32.00
22.92,32.67
23.61,32.69
24.31,33.33
25.00,32.14
25.69,30.33
26.39,30.16
27.08,30.47
27.78,31.01
28.47,31.54
29.17,31.82
29.86,32.33
30.56,32.35
31.25,31.69
31.94,31.08
32.64,31.13
33.33,29.63
34.03,29.52
34.72,29.41
35.42,29.65
36.11,29.71
36.81,29.28
37.50,29.19
38.19,29.41
38.89,29.47
39.58,29.69
40.28,29.90
40.97,30.26
41.67,30.46
42.36,30.50
43.06,30.54
43.75,30.29
44.44,29.49
45.14,29.68
45.83,28.95
46.53,28.88
47.22,28.57
47.92,27.27
48.61,27.56
49.31,27.63
50.00,27.69
50.69,26.84
51.39,26.91
52.08,26.79
52.78,26.86
53.47,26.37
54.17,26.62
54.86,26.25
55.56,26.40
56.25,26.05
56.94,26.20
57.64,26.10
58.33,26.17
59.03,25.99
59.72,26.22
60.42,25.44
61.11,25.58
61.81,25.28
62.50,24.73
63.19,24.86
63.89,24.86
64.58,24.93
65.28,25.13
65.97,23.75
66.67,23.88
67.36,23.32
68.06,22.69
68.75,22.10
69.44,21.69
70.14,19.88
70.83,19.62
71.53,18.56
72.22,18.57
72.92,18.72
73.61,18.12
74.31,17.95
75.00,17.65
75.69,17.11
76.39,17.24
77.08,16.82
77.78,16.89
78.47,16.92
79.17,16.06
79.86,16.04
80.56,16.16
81.25,15.81
81.94,15.59
82.64,15.45
83.33,15.33
84.03,15.03
84.72,15.14
85.42,14.96
86.11,14.78
86.81,14.86
87.50,14.95
88.19,14.85
88.89,14.76
89.58,14.83
90.28,14.57
90.97,14.57
91.67,14.54
Tabela,
Área,2868.34
Revocação,Precisão
0.00,100.00
10.00,39.47
20.00,32.22
30.00,32.35
40.00,29.90
50.00,26.84
60.00,25.44
70.00,19.88
80.00,16.16
90.00,14.57
100.00,0.00
,
,
,
Consulta Num,63
Qtd Rel,39
Qtd Rec,503
Qtd Rec Rel,23
Pontos,
Área,1181.29
Revocação,Precisão
2.56,50.00
5.13,66.67
7.69,60.00
10.26,19.05
12.82,15.63
15.38,16.67
17.95,16.67
20.51,18.60
23.08,20.00
25.64,10.87
28.21,10.19
30.77,9.92
33.33,10.32
35.90,10.37
38.46,10.27
41.03,7.84
43.59,8.25
46.15,8.26
48.72,6.69
51.28,6.92
53.85,5.87
56.41,4.89
58.97,4.91
Tabela,
Área,873.33
Revocação,Precisão
0.00,50.00
10.00,19.05
20.00,18.60
30.00,9.92
40.00,7.84
50.00,6.92
60.00,0.00
70.00,0.00
80.00,0.00
90.00,0.00
100.00,0.00
,
,
,
Consulta Num,64
Qtd Rel,50
Qtd Rec,880
Qtd Rec Rel,46
Pontos,
Área,1389.22
Revocação,Precisão
2.00,25.00
4.00,40.00
6.00,50.00
8.00,36.36
10.00,26.32
12.00,23.08
14.00,16.67
16.00,18.18
18.00,19.57
20.00,17.54
22.00,17.74
24.00,18.75
26.00,19.70
28.00,20.59
30.00,20.27
32.00,17.02
34.00,17.35
36.00,18.18
38.00,13.77
40.00,14.39
42.00,14.38
44.00,14.01
46.00,14.37
48.00,14.55
50.00,14.62
52.00,9.59
54.00,9.00
56.00,9.03
58.00,8.55
60.00,8.55
62.00,7.49
64.00,7.37
66.00,7.50
68.00,7.05
70.00,7.22
72.00,6.81
74.00,6.95
76.00,7.00
78.00,6.90
80.00,6.78
82.00,6.83
84.00,6.03
86.00,6.05
88.00,5.69
90.00,5.50
92.00,5.52
Tabela,
Área,1336.83
Revocação,Precisão
0.00,25.00
10.00,26.32
20.00,17.54
30.00,20.27
40.00,14.39
50.00,14.62
60.00,8.55
70.00,7.22
80.00,6.78
90.00,5.50
100.00,0.00
,
,
,
Consulta Num,65
Qtd Rel,94
Qtd Rec,705
Qtd Rec Rel,87
Pontos,
Área,2896.28
Revocação,Precisão
1.06,50.00
2.13,33.33
3.19,42.86
4.26,50.00
5.32,55.56
6.38,50.00
7.45,53.85
8.51,44.44
9.57,47.37
10.64,45.45
11.70,45.83
12.77,48.00
13.83,50.00
14.89,48.28
15.96,48.39
17.02,50.00
18.09,51.52
19.15,50.00
20.21,51.35
21.28,52.63
22.34,47.73
23.40,45.83
24.47,46.94
25.53,48.00
26.60,49.02
27.66,48.15
28.72,49.09
29.79,50.00
30.85,49.15
31.91,46.88
32.98,44.29
34.04,41.03
35.11,35.11
36.17,35.79
37.23,35.35
38.30,36.00
39.36,33.94
40.43,34.55
41.49,32.77
42.55,28.37
43.62,25.62
44.68,26.09
45.74,26.54
46.81,26.99
47.87,26.63
48.94,26.29
50.00,24.10
51.06,21.72
52.13,21.88
53.19,21.83
54.26,21.70
55.32,20.88
56.38,20.54
57.45,20.53
58.51,20.68
59.57,20.82
60.64,20.80
61.70,19.46
62.77,19.54
63.83,19.54
64.89,19.61
65.96,18.84
67.02,18.92
68.09,18.66
69.15,18.11
70.21,18.33
71.28,17.96
72.34,17.13
73.40,15.54
74.47,15.38
75.53,14.98
76.60,14.46
77.66,13.93
78.72,13.43
79.79,13.11
80.85,13.08
81.91,13.14
82.98,13.24
84.04,12.87
85.11,12.40
86.17,12.40
87.23,12.54
88.30,12.48
89.36,12.61
90.43,12.67
91.49,12.78
92.55,12.46
Tabela,
Área,2921.08
Revocação,Precisão
0.00,50.00
10.00,45.45
20.00,51.35
30.00,49.15
40.00,34.55
50.00,21.72
60.00,20.80
70.00,18.33
80.00,13.08
90.00,12.67
100.00,0.00
,
,
,
Consulta Num,66
Qtd Rel,63
Qtd Rec,859
Qtd Rec Rel,56
Pontos,
Área,1762.10
Revocação,Precisão
1.59,50.00
3.17,33.33
4.76,33.33
6.35,30.77
7.94,33.33
9.52,35.29
11.11,38.89
12.70,42.11
14.29,36.00
15.87,35.71
17.46,36.67
19.05,37.50
20.63,30.95
22.22,26.92
23.81,28.30
25.40,25.81
26.98,24.64
28.57,22.78
30.16,23.46
31.75,23.81
33.33,21.65
34.92,16.67
36.51,16.91
38.10,14.55
39.68,14.88
41.27,15.29
42.86,13.50
44.44,13.27
46.03,13.18
47.62,13.57
49.21,13.25
50.79,13.39
52.38,12.84
53.97,12.59
55.56,12.54
57.14,12.37
58.73,12.63
60.32,12.54
61.90,12.83
63.49,12.66
65.08,12.77
66.67,12.14
68.25,11.85
69.84,11.25
71.43,10.04
73.02,8.13
74.60,7.36
76.19,7.31
77.78,7.07
79.37,6.93
80.95,6.73
82.54,6.60
84.13,6.69
85.71,6.58
87.30,6.66
88.89,6.57
Tabela,
Área,1762.95
Revocação,Precisão
0.00,50.00
10.00,38.89
20.00,30.95
30.00,23.46
40.00,15.29
50.00,13.39
60.00,12.54
70.00,10.04
80.00,6.73
90.00,0.00
100.00,0.00
,
,
,
Consulta Num,67
Qtd Rel,14
Qtd Rec,1045
Qtd Rec Rel,14
Pontos,
Área,1124.07
Revocação,Precisão
7.14,20.00
14.29,28.57
21.43,20.00
28.57,23.53
35.71,17.86
42.86,15.38
50.00,12.73
57.14,7.77
64.29,3.75
71.43,2.29
78.57,2.42
85.71,1.83
92.86,1.54
100.00,1.59
Tabela,
Área,1147.49
Revocação,Precisão
0.00,20.00
10.00,28.57
20.00,20.00
30.00,17.86
40.00,15.38
50.00,12.73
60.00,3.75
70.00,2.29
80.00,1.83
90.00,1.54
100.00,1.59
,
,
,
Consulta Num,68
Qtd Rel,45
Qtd Rec,513
Qtd Rec Rel,30
Pontos,
Área,2269.71
Revocação,Precisão
2.22,100.00
4.44,100.00
6.67,100.00
8.89,66.67
11.11,71.43
13.33,75.00
15.56,77.78
17.78,53.33
20.00,47.37
22.22,47.62
24.44,31.43
26.67,14.29
28.89,14.77
31.11,14.58
33.33,12.40
35.56,10.32
37.78,9.88
40.00,9.57
42.22,9.27
44.44,7.91
46.67,6.23
48.89,5.91
51.11,5.25
53.33,5.27
55.56,5.22
57.78,5.37
60.00,5.51
62.22,5.67
64.44,5.79
66.67,5.94
Tabela,
Área,2038.18
Revocação,Precisão
0.00,100.00
10.00,71.43
20.00,47.62
30.00,14.58
40.00,9.27
50.00,5.25
60.00,5.67
70.00,0.00
80.00,0.00
90.00,0.00
100.00,0.00
,
,
,
Consulta Num,69
Qtd Rel,15
Qtd Rec,478
Qtd Rec Rel,10
Pontos,
Área,3389.96
Revocação,Precisão
6.67,100.00
13.33,100.00
20.00,75.00
26.67,80.00
33.33,62.50
40.00,19.35
46.67,6.73
53.33,6.45
60.00,1.98
66.67,2.16
Tabela,
Área,3154.66
Revocação,Precisão
0.00,100.00
10.00,100.00
20.00,75.00
30.00,62.50
40.00,19.35
50.00,6.45
60.00,2.16
70.00,0.00
80.00,0.00
90.00,0.00
100.00,0.00
,
,
,
Consulta Num,70
Qtd Rel,17
Qtd Rec,542
Qtd Rec Rel,16
Pontos,
Área,4717.08
Revocação,Precisão
5.88,100.00
11.76,100.00
17.65,100.00
23.53,44.44
29.41,50.00
35.29,54.55
41.18,50.00
47.06,50.00
52.94,52.94
58.82,32.26
64.71,29.73
70.59,30.00
76.47,27.08
82.35,13.73
88.24,13.39
94.12,3.78
Tabela,
Área,4291.69
Revocação,Precisão
0.00,100.00
10.00,100.00
20.00,44.44
30.00,54.55
40.00,50.00
50.00,52.94
60.00,29.73
70.00,30.00
80.00,13.73
90.00,3.78
100.00,0.00
,
,
,
Consulta Num,71
Qtd Rel,6
Qtd Rec,1239
Qtd Rec Rel,6
Pontos,
Área,4445.45
Revocação,Precisão
16.67,100.00
33.33,100.00
50.00,10.71
66.67,6.90
83.33,0.77
100.00,0.66
Tabela,
Área,3808.52
Revocação,Precisão
0.00,100.00
10.00,100.00
20.00,100.00
30.00,100.00
40.00,10.71
50.00,10.71
60.00,6.90
70.00,0.77
80.00,0.77
90.00,0.66
100.00,0.66
,
,
,
Consulta Num,72
Qtd Rel,13
Qtd Rec,539
Qtd Rec Rel,13
Pontos,
Área,3198.42
Revocação,Precisão
7.69,33.33
15.38,50.00
23.08,50.00
30.77,57.14
38.46,62.50
46.15,66.67
53.85,46.67
61.54,33.33
69.23,8.65
76.92,6.67
84.62,6.92
92.31,4.62
100.00,4.56
Tabela,
Área,3409.57
Revocação,Precisão
0.00,33.33
10.00,50.00
20.00,50.00
30.00,57.14
40.00,66.67
50.00,46.67
60.00,33.33
70.00,6.67
80.00,6.92
90.00,4.62
100.00,4.56
,
,
,
Consulta Num,73
Qtd Rel,18
Qtd Rec,553
Qtd Rec Rel,15
Pontos,
Área,2830.55
Revocação,Precisão
5.56,50.00
11.11,66.67
16.67,75.00
22.22,50.00
27.78,55.56
33.33,54.55
38.89,31.82
44.44,22.86
50.00,18.75
55.56,15.15
61.11,11.58
66.67,10.26
72.22,9.09
77.78,7.69
83.33,2.77
Tabela,
Área,2612.57
Revocação,Precisão
0.00,50.00
10.00,66.67
20.00,50.00
30.00,54.55
40.00,22.86
50.00,18.75
60.00,11.58
70.00,9.09
80.00,2.77
90.00,0.00
100.00,0.00
,
,
,
Consulta Num,74
Qtd Rel,7
Qtd Rec,1030
Qtd Rec Rel,7
Pontos,
Área,3195.09
Revocação,Precisão
14.29,100.00
28.57,66.67
42.86,5.66
57.14,2.58
71.43,1.01
85.71,1.21
100.00,1.16
Tabela,
Área,2355.33
Revocação,Precisão
0.00,100.00
10.00,100.00
20.00,66.67
30.00,5.66
40.00,5.66
50.00,2.58
60.00,1.01
70.00,1.01
80.00,1.21
90.00,1.16
100.00,1.16
,
,
,
Consulta Num,75
Qtd Rel,21
Qtd Rec,639
Qtd Rec Rel,20
Pontos,
Área,4033.84
Revocação,Precisão
4.76,100.00
9.52,66.67
14.29,60.00
19.05,66.67
23.81,71.43
28.57,66.67
33.33,70.00
38.10,72.73
42.86,69.23
47.62,41.67
52.38,44.00
57.14,17.91
61.90,8.13
66.67,8.19
71.43,8.72
76.19,6.96
80.95,5.41
85.71,5.50
90.48,3.82
95.24,3.42
Tabela,
Área,3907.35
Revocação,Precisão
0.00,100.00
10.00,60.00
20.00,71.43
30.00,70.00
40.00,69.23
50.00,44.00
60.00,8.13
70.00,8.72
80.00,5.41
90.00,3.82
100.00,0.00
,
,
,
Consulta Num,76
Qtd Rel,17
Qtd Rec,703
Qtd Rec Rel,12
Pontos,
Área,2473.95
Revocação,Precisão
5.88,100.00
11.76,100.00
17.65,37.50
23.53,44.44
29.41,23.81
35.29,20.69
41.18,15.91
47.06,15.38
52.94,2.93
58.82,2.79
64.71,1.69
70.59,1.81
Tabela,
Área,2374.77
Revocação,Precisão
0.00,100.00
10.00,100.00
20.00,44.44
30.00,20.69
40.00,15.91
50.00,2.93
60.00,1.69
70.00,1.81
80.00,0.00
90.00,0.00
100.00,0.00
,
,
,
Consulta Num,77
Qtd Rel,82
Qtd Rec,922
Qtd Rec Rel,69
Pontos,
Área,1079.23
Revocação,Precisão
1.22,50.00
2.44,18.18
3.66,18.75
4.88,23.53
6.10,25.00
7.32,15.00
8.54,13.21
9.76,12.50
10.98,13.24
12.20,12.50
13.41,13.25
14.63,12.37
15.85,11.61
17.07,12.39
18.29,13.04
19.51,12.40
20.73,12.23
21.95,12.86
23.17,13.48
24.39,12.20
25.61,12.28
26.83,11.22
28.05,11.27
29.27,11.71
30.49,12.08
31.71,10.40
32.93,10.34
34.15,10.37
35.37,10.62
36.59,10.64
37.80,9.57
39.02,9.79
40.24,10.06
41.46,9.94
42.68,10.17
43.90,10.26
45.12,10.19
46.34,10.35
47.56,10.57
48.78,10.53
50.00,10.62
51.22,9.93
52.44,9.56
53.66,9.73
54.88,9.93
56.10,10.11
57.32,9.67
58.54,9.41
59.76,9.55
60.98,9.63
62.20,9.68
63.41,9.83
64.63,9.91
65.85,9.98
67.07,9.42
68.29,8.95
69.51,8.93
70.73,8.84
71.95,8.91
73.17,8.86
74.39,8.94
75.61,9.08
76.83,9.21
78.05,9.24
79.27,8.32
80.49,8.23
81.71,8.28
82.93,8.34
84.15,8.39
Tabela,
Área,1092.38
Revocação,Precisão
0.00,50.00
10.00,13.24
20.00,12.23
30.00,12.08
40.00,10.06
50.00,9.93
60.00,9.63
70.00,8.84
80.00,8.23
90.00,0.00
100.00,0.00
,
,
,
Consulta Num,78
Qtd Rel,77
Qtd Rec,1239
Qtd Rec Rel,77
Pontos,
Área,2525.87
Revocação,Precisão
1.30,100.00
2.60,28.57
3.90,37.50
5.19,40.00
6.49,41.67
7.79,46.15
9.09,50.00
10.39,53.33
11.69,47.37
12.99,47.62
14.29,45.83
15.58,48.00
16.88,50.00
18.18,41.18
19.48,41.67
20.78,40.00
22.08,41.46
23.38,41.86
24.68,36.54
25.97,37.04
27.27,36.84
28.57,37.93
29.87,38.33
31.17,39.34
32.47,39.68
33.77,38.24
35.06,36.99
36.36,37.33
37.66,36.25
38.96,33.71
40.26,34.44
41.56,34.04
42.86,33.67
44.16,32.69
45.45,32.71
46.75,32.73
48.05,33.33
49.35,33.63
50.65,33.91
51.95,32.00
53.25,30.83
54.55,28.57
55.84,25.29
57.14,25.43
58.44,24.19
59.74,20.81
61.04,19.03
62.34,19.05
63.64,18.15
64.94,18.38
66.23,16.29
67.53,16.56
68.83,15.10
70.13,15.34
71.43,15.24
72.73,15.38
74.03,15.41
75.32,13.18
76.62,13.35
77.92,13.10
79.22,11.69
80.52,11.85
81.82,12.00
83.12,11.99
84.42,10.71
85.71,10.15
87.01,10.17
88.31,9.65
89.61,9.31
90.91,8.96
92.21,8.84
93.51,7.63
94.81,7.37
96.10,7.36
97.40,7.37
98.70,7.22
100.00,6.83
Tabela,
Área,3096.38
Revocação,Precisão
0.00,100.00
10.00,53.33
20.00,40.00
30.00,39.34
40.00,34.44
50.00,33.91
60.00,19.03
70.00,15.34
80.00,11.85
90.00,8.96
100.00,6.83
,
,
,
Consulta Num,79
Qtd Rel,43
Qtd Rec,595
Qtd Rec Rel,33
Pontos,
Área,2090.61
Revocação,Precisão
2.33,100.00
4.65,66.67
6.98,33.33
9.30,40.00
11.63,41.67
13.95,42.86
16.28,35.00
18.60,29.63
20.93,31.03
23.26,33.33
25.58,26.19
27.91,27.27
30.23,27.66
32.56,25.00
34.88,22.06
37.21,20.51
39.53,20.73
41.86,17.65
44.19,17.43
46.51,16.13
48.84,16.67
51.16,13.75
53.49,12.85
55.81,12.37
58.14,11.96
60.47,11.11
62.79,11.30
65.12,11.57
67.44,11.51
69.77,11.86
72.09,11.52
74.42,5.76
76.74,5.92
Tabela,
Área,2043.93
Revocação,Precisão
0.00,100.00
10.00,41.67
20.00,31.03
30.00,27.66
40.00,17.65
50.00,13.75
60.00,11.11
70.00,11.52
80.00,0.00
90.00,0.00
100.00,0.00
,
,
,
Consulta Num,80
Qtd Rel,34
Qtd Rec,722
Qtd Rec Rel,29
Pontos,
Área,4099.33
Revocação,Precisão
2.94,100.00
5.88,66.67
8.82,75.00
11.76,80.00
14.71,83.33
17.65,85.71
20.59,70.00
23.53,72.73
26.47,75.00
29.41,76.92
32.35,78.57
35.29,75.00
38.24,61.90
41.18,51.85
44.12,32.61
47.06,31.37
50.00,27.87
52.94,28.57
55.88,25.68
58.82,24.39
61.76,19.44
64.71,17.46
67.65,15.65
70.59,12.70
73.53,12.95
76.47,11.40
79.41,8.71
82.35,5.74
85.29,5.51
Tabela,
Área,3968.75
Revocação,Precisão
0.00,100.00
10.00,80.00
20.00,70.00
30.00,78.57
40.00,51.85
50.00,28.57
60.00,19.44
70.00,12.70
80.00,5.74
90.00,0.00
100.00,0.00
,
,
,
Consulta Num,81
Qtd Rel,28
Qtd Rec,606
Qtd Rec Rel,22
Pontos,
Área,3307.65
Revocação,Precisão
3.57,100.00
7.14,100.00
10.71,100.00
14.29,100.00
17.86,100.00
21.43,60.00
25.00,63.64
28.57,50.00
32.14,52.94
35.71,47.62
39.29,11.96
42.86,12.90
46.43,10.48
50.00,9.52
53.57,8.67
57.14,8.51
60.71,7.73
64.29,7.50
67.86,4.04
71.43,3.81
75.00,3.68
78.57,3.75
Tabela,
Área,2960.52
Revocação,Precisão
0.00,100.00
10.00,100.00
20.00,60.00
30.00,52.94
40.00,12.90
50.00,8.67
60.00,7.73
70.00,3.81
80.00,0.00
90.00,0.00
100.00,0.00
,
,
,
Consulta Num,82
Qtd Rel,62
Qtd Rec,905
Qtd Rec Rel,59
Pontos,
Área,3066.49
Revocação,Precisão
1.61,100.00
3.23,66.67
4.84,60.00
6.45,66.67
8.06,71.43
9.68,75.00
11.29,63.64
12.90,61.54
14.52,56.25
16.13,58.82
17.74,57.89
19.35,57.14
20.97,50.00
22.58,46.67
24.19,45.45
25.81,42.11
27.42,43.59
29.03,39.13
30.65,33.33
32.26,33.90
33.87,35.00
35.48,34.38
37.10,33.33
38.71,32.43
40.32,26.60
41.94,26.53
43.55,27.27
45.16,25.00
46.77,25.22
48.39,24.39
50.00,24.22
51.61,24.06
53.23,21.85
54.84,21.79
56.45,19.34
58.06,19.67
59.68,18.14
61.29,15.90
62.90,16.25
64.52,16.46
66.13,16.40
67.74,16.15
69.35,15.75
70.97,15.60
72.58,14.95
74.19,12.64
75.81,12.70
77.42,12.50
79.03,12.50
80.65,12.08
82.26,12.29
83.87,10.86
85.48,10.08
87.10,9.44
88.71,9.42
90.32,8.78
91.94,8.86
93.55,8.38
95.16,7.39
Tabela,
Área,2999.83
Revocação,Precisão
0.00,100.00
10.00,63.64
20.00,50.00
30.00,33.33
40.00,26.60
50.00,24.06
60.00,15.90
70.00,15.60
80.00,12.08
90.00,8.78
100.00,0.00
,
,
,
Consulta Num,83
Qtd Rel,32
Qtd Rec,890
Qtd Rec Rel,30
Pontos,
Área,3194.92
Revocação,Precisão
3.13,100.00
6.25,100.00
9.38,60.00
12.50,44.44
15.63,50.00
18.75,54.55
21.88,58.33
25.00,57.14
28.13,50.00
31.25,52.63
34.38,34.38
37.50,36.36
40.63,35.14
43.75,32.56
46.88,27.78
50.00,27.59
53.13,20.48
56.25,20.69
59.38,16.10
62.50,15.63
65.63,10.61
68.75,9.82
71.88,9.58
75.00,9.96
78.13,6.91
81.25,6.99
84.38,6.34
87.50,6.29
90.63,5.35
93.75,4.49
Tabela,
Área,3056.79
Revocação,Precisão
0.00,100.00
10.00,44.44
20.00,58.33
30.00,52.63
40.00,35.14
50.00,27.59
60.00,15.63
70.00,9.58
80.00,6.99
90.00,5.35
100.00,0.00
,
,
,
Consulta Num,84
Qtd Rel,16
Qtd Rec,624
Qtd Rec Rel,13
Pontos,
Área,4337.65
Revocação,Precisão
6.25,100.00
12.50,50.00
18.75,50.00
25.00,57.14
31.25,62.50
37.50,66.67
43.75,63.64
50.00,53.33
56.25,47.37
62.50,32.26
68.75,30.56
75.00,26.09
81.25,2.24
Tabela,
Área,3971.95
Revocação,Precisão
0.00,100.00
10.00,50.00
20.00,57.14
30.00,62.50
40.00,63.64
50.00,53.33
60.00,32.26
70.00,26.09
80.00,2.24
90.00,0.00
100.00,0.00
,
,
,
Consulta Num,85
Qtd Rel,31
Qtd Rec,1094
Qtd Rec Rel,29
Pontos,
Área,789.12
Revocação,Precisão
3.23,25.00
6.45,11.11
9.68,15.00
12.90,14.29
16.13,12.82
19.35,14.29
22.58,10.29
25.81,8.51
29.03,9.18
32.26,8.62
35.48,8.15
38.71,8.76
41.94,8.90
45.16,8.14
48.39,8.02
51.61,6.13
54.84,4.86
58.06,5.03
61.29,4.90
64.52,5.00
67.74,5.07
70.97,4.04
74.19,4.19
77.42,4.20
80.65,4.32
83.87,3.31
87.10,3.32
90.32,2.63
93.55,2.69
Tabela,
Área,766.25
Revocação,Precisão
0.00,25.00
10.00,14.29
20.00,10.29
30.00,8.62
40.00,8.90
50.00,6.13
60.00,4.90
70.00,4.04
80.00,4.32
90.00,2.63
100.00,0.00
,
,
,
Consulta Num,86
Qtd Rel,47
Qtd Rec,1004
Qtd Rec Rel,45
Pontos,
Área,3077.52
Revocação,Precisão
2.13,100.00
4.26,50.00
6.38,60.00
8.51,66.67
10.64,41.67
12.77,46.15
14.89,46.67
17.02,50.00
19.15,52.94
21.28,45.45
23.40,47.83
25.53,42.86
27.66,41.94
29.79,38.89
31.91,36.59
34.04,32.00
36.17,31.48
38.30,31.03
40.43,32.20
42.55,33.33
44.68,32.81
46.81,32.84
48.94,31.08
51.06,30.38
53.19,27.78
55.32,26.00
57.45,26.73
59.57,27.18
61.70,26.13
63.83,25.21
65.96,22.63
68.09,16.58
70.21,16.42
72.34,13.23
74.47,12.96
76.60,10.98
78.72,10.54
80.85,10.05
82.98,10.13
85.11,10.36
87.23,10.46
89.36,10.02
91.49,9.98
93.62,8.64
95.74,6.41
Tabela,
Área,2988.63
Revocação,Precisão
0.00,100.00
10.00,41.67
20.00,45.45
30.00,36.59
40.00,32.20
50.00,30.38
60.00,26.13
70.00,16.42
80.00,10.05
90.00,9.98
100.00,0.00
,
,
,
Consulta Num,87
Qtd Rel,38
Qtd Rec,873
Qtd Rec Rel,33
Pontos,
Área,836.72
Revocação,Precisão
2.63,16.67
5.26,20.00
7.89,25.00
10.53,21.05
13.16,11.11
15.79,12.24
18.42,9.46
21.05,9.20
23.68,8.57
26.32,8.85
28.95,9.48
31.58,9.68
34.21,8.33
36.84,8.33
39.47,8.43
42.11,8.47
44.74,8.63
47.37,7.86
50.00,7.63
52.63,7.72
55.26,7.75
57.89,6.77
60.53,6.76
63.16,6.92
65.79,6.36
68.42,6.33
71.05,5.79
73.68,5.65
76.32,5.58
78.95,4.52
81.58,4.04
84.21,4.09
86.84,4.12
Tabela,
Área,809.55
Revocação,Precisão
0.00,16.67
10.00,21.05
20.00,9.20
30.00,9.68
40.00,8.47
50.00,7.63
60.00,6.76
70.00,5.79
80.00,4.04
90.00,0.00
100.00,0.00
,
,
,
Consulta Num,88
Qtd Rel,14
Qtd Rec,910
Qtd Rec Rel,14
Pontos,
Área,2973.98
Revocação,Precisão
7.14,100.00
14.29,100.00
21.43,75.00
28.57,22.22
35.71,18.52
42.86,13.64
50.00,14.58
57.14,10.81
64.29,7.96
71.43,7.52
78.57,2.83
85.71,3.06
92.86,1.78
100.00,1.78
Tabela,
Área,2929.48
Revocação,Precisão
0.00,100.00
10.00,100.00
20.00,75.00
30.00,18.52
40.00,13.64
50.00,14.58
60.00,7.96
70.00,7.52
80.00,3.06
90.00,1.78
100.00,1.78
,
,
,
Consulta Num,89
Qtd Rel,17
Qtd Rec,1239
Qtd Rec Rel,17
Pontos,
Área,4935.18
Revocação,Precisão
5.88,100.00
11.76,100.00
17.65,75.00
23.53,80.00
29.41,83.33
35.29,85.71
41.18,77.78
47.06,36.36
52.94,36.00
58.82,33.33
64.71,31.43
70.59,23.08
76.47,22.03
82.35,19.18
88.24,3.38
94.12,3.58
100.00,2.65
Tabela,
Área,5080.81
Revocação,Precisão
0.00,100.00
10.00,100.00
20.00,80.00
30.00,85.71
40.00,77.78
50.00,36.00
60.00,31.43
70.00,23.08
80.00,19.18
90.00,3.58
100.00,2.65
,
,
,
Consulta Num,90
Qtd Rel,28
Qtd Rec,700
Qtd Rec Rel,27
Pontos,
Área,6367.92
Revocação,Precisão
3.57,100.00
7.14,100.00
10.71,100.00
14.29,100.00
17.86,100.00
21.43,100.00
25.00,100.00
28.57,100.00
32.14,100.00
35.71,100.00
39.29,100.00
42.86,100.00
46.43,86.67
50.00,53.85
53.57,51.72
57.14,47.06
60.71,48.57
64.29,37.50
67.86,35.85
71.43,34.48
75.00,28.38
78.57,28.21
82.14,29.11
85.71,27.59
89.29,10.50
92.86,9.59
96.43,3.94
Tabela,
Área,6234.86
Revocação,Precisão
0.00,100.00
10.00,100.00
20.00,100.00
30.00,100.00
40.00,100.00
50.00,51.72
60.00,48.57
70.00,34.48
80.00,29.11
90.00,9.59
100.00,0.00
,
,
,
Consulta Num,91
Qtd Rel,304
Qtd Rec,1239
Qtd Rec Rel,304
Pontos,
Área,1699.25
Revocação,Precisão
0.33,50.00
0.66,66.67
0.99,50.00
1.32,57.14
1.64,55.56
1.97,60.00
2.30,63.64
2.63,66.67
2.96,64.29
3.29,66.67
3.62,68.75
3.95,70.59
4.28,68.42
4.61,63.64
4.93,65.22
5.26,61.54
5.59,62.96
5.92,62.07
6.25,61.29
6.58,54.05
6.91,55.26
7.24,53.66
7.57,34.85
7.89,35.29
8.22,36.23
8.55,36.62
8.88,35.06
9.21,35.90
9.54,36.25
9.87,37.04
10.20,36.90
10.53,33.33
10.86,33.00
11.18,33.01
11.51,32.71
11.84,33.33
12.17,33.94
12.50,34.55
12.83,34.82
13.16,35.40
13.49,35.96
13.82,33.60
14.14,34.13
14.47,31.65
14.80,31.91
15.13,31.94
15.46,31.54
15.79,30.97
16.12,31.41
16.45,31.65
16.78,30.36
17.11,30.23
17.43,29.94
17.76,30.00
18.09,30.22
18.42,28.28
18.75,28.36
19.08,27.10
19.41,27.44
19.74,27.27
20.07,27.48
20.39,27.56
20.72,26.92
21.05,26.67
21.38,26.75
21.71,25.88
22.04,25.67
22.37,25.95
22.70,26.14
23.03,26.12
23.36,26.39
23.68,26.37
24.01,26.35
24.34,26.15
24.67,26.22
25.00,26.48
25.33,26.74
25.66,26.99
25.99,26.96
26.32,27.12
26.64,27.36
26.97,27.61
27.30,27.85
27.63,27.63
27.96,27.78
28.29,28.01
28.62,27.80
28.95,28.03
29.28,28.25
29.61,28.48
29.93,28.62
30.26,28.40
30.59,28.27
30.92,28.48
31.25,28.70
31.58,28.92
31.91,28.87
32.24,28.91
32.57,28.70
32.89,28.90
33.22,28.61
33.55,28.33
33.88,28.14
34.21,28.26
34.54,27.49
34.87,27.39
35.20,27.37
35.53,27.55
35.86,27.74
36.18,27.92
36.51,27.61
36.84,27.59
37.17,27.76
37.50,27.94
37.83,27.98
38.16,28.02
38.49,27.73
38.82,27.51
39.14,27.61
39.47,27.21
39.80,27.25
40.13,27.11
40.46,27.27
40.79,27.25
41.12,27.06
41.45,27.04
41.78,27.14
42.11,27.06
42.43,27.16
42.76,27.31
43.09,27.18
43.42,27.05
43.75,26.87
44.08,26.69
44.41,26.68
44.74,26.61
45.07,26.55
45.39,25.94
45.72,25.93
46.05,25.97
46.38,25.87
46.71,26.01
47.04,26.14
47.37,26.13
47.70,26.13
48.03,25.84
48.36,25.93
48.68,26.06
49.01,26.14
49.34,26.22
49.67,26.31
50.00,26.34
50.33,26.33
50.66,26.32
50.99,26.18
51.32,26.13
51.64,26.08
51.97,26.20
52.30,26.11
52.63,26.23
52.96,26.35
53.29,26.47
53.62,26.55
53.95,26.67
54.28,26.61
54.61,26.73
54.93,26.63
55.26,26.58
55.59,26.57
55.92,26.65
56.25,26.64
56.58,26.71
56.91,26.62
57.24,26.17
57.57,26.28
57.89,26.35
58.22,26.46
58.55,26.41
58.88,26.40
59.21,26.47
59.54,26.46
59.87,26.42
60.20,25.31
60.53,25.31
60.86,25.07
61.18,24.93
61.51,25.03
61.84,25.07
62.17,24.32
62.50,24.42
62.83,24.49
63.16,24.55
63.49,24.65
63.82,24.74
64.14,24.47
64.47,23.99
64.80,24.08
65.13,24.12
65.46,24.21
65.79,24.21
66.12,24.19
66.45,24.16
66.78,24.20
67.11,24.29
67.43,24.26
67.76,24.35
68.09,24.18
68.42,24.07
68.75,24.05
69.08,24.08
69.41,24.14
69.74,24.12
70.07,24.04
70.39,24.07
70.72,23.94
71.05,23.95
71.38,24.00
71.71,24.09
72.04,24.15
72.37,23.78
72.70,23.87
73.03,23.95
73.36,23.90
73.68,23.96
74.01,24.04
74.34,24.09
74.67,24.12
75.00,24.20
75.33,24.26
75.66,24.31
75.99,24.37
76.32,24.42
76.64,24.47
76.97,24.55
77.30,24.40
77.63,24.48
77.96,24.53
78.29,24.61
78.62,24.56
78.95,24.64
79.28,24.72
79.61,24.80
79.93,24.87
80.26,24.95
80.59,25.00
80.92,25.03
81.25,25.03
81.58,25.00
81.91,24.95
82.24,25.03
82.57,25.02
82.89,24.93
83.22,24.88
83.55,24.95
83.88,24.81
84.21,24.83
84.54,24.83
84.87,24.88
85.20,24.95
85.53,24.98
85.86,24.93
86.18,25.00
86.51,24.72
86.84,24.79
87.17,24.63
87.50,24.65
87.83,24.72
88.16,24.77
88.49,24.75
88.82,24.77
89.14,24.84
89.47,24.79
89.80,24.73
90.13,24.60
90.46,24.64
90.79,24.62
91.12,24.62
91.45,24.62
91.78,24.65
92.11,24.69
92.43,24.69
92.76,24.54
93.09,24.61
93.42,24.59
93.75,24.61
94.08,24.57
94.41,24.59
94.74,24.66
95.07,24.37
95.39,24.39
95.72,24.43
96.05,24.48
96.38,24.54
96.71,24.54
97.04,24.54
97.37,24.61
97.70,24.67
98.03,24.55
98.36,24.55
98.68,24.55
99.01,24.61
99.34,24.61
99.67,24.67
100.00,24.74
Tabela,
Área,2824.96
Revocação,Precisão
0.00,50.00
10.00,36.90
20.00,27.48
30.00,28.40
40.00,27.11
50.00,26.34
60.00,25.31
70.00,24.04
80.00,24.95
90.00,24.60
100.00,24.74
,
,
,
Consulta Num,92
Qtd Rel,108
Qtd Rec,840
Qtd Rec Rel,93
Pontos,
Área,4312.40
Revocação,Precisão
0.93,100.00
1.85,100.00
2.78,100.00
3.70,100.00
4.63,100.00
5.56,100.00
6.48,100.00
7.41,100.00
8.33,100.00
9.26,100.00
10.19,100.00
11.11,100.00
12.04,100.00
12.96,93.33
13.89,88.24
14.81,84.21
15.74,85.00
16.67,81.82
17.59,79.17
18.52,80.00
19.44,80.77
20.37,81.48
21.30,82.14
22.22,82.76
23.15,80.65
24.07,72.22
25.00,71.05
25.93,60.87
26.85,60.42
27.78,61.22
28.70,60.78
29.63,61.54
30.56,62.26
31.48,62.96
32.41,60.34
33.33,56.25
34.26,56.92
35.19,55.07
36.11,55.71
37.04,54.05
37.96,54.67
38.89,53.85
39.81,51.19
40.74,49.44
41.67,48.91
42.59,49.46
43.52,49.47
44.44,48.98
45.37,49.00
46.30,48.54
47.22,48.57
48.15,41.60
49.07,35.10
50.00,28.27
50.93,28.21
51.85,28.43
52.78,27.54
53.70,27.23
54.63,26.46
55.56,26.55
56.48,25.00
57.41,24.31
58.33,23.86
59.26,23.10
60.19,16.13
61.11,16.10
62.04,16.03
62.96,15.49
63.89,15.68
64.81,15.45
65.74,15.57
66.67,15.58
67.59,15.73
68.52,14.89
69.44,14.48
70.37,13.69
71.30,13.77
72.22,13.76
73.15,12.91
74.07,12.99
75.00,12.78
75.93,12.79
76.85,12.19
77.78,12.21
78.70,12.28
79.63,12.29
80.56,12.07
81.48,12.15
82.41,12.24
83.33,12.33
84.26,12.08
85.19,11.84
86.11,11.61
Tabela,
Área,4132.78
Revocação,Precisão
0.00,100.00
10.00,100.00
20.00,81.48
30.00,62.26
40.00,49.44
50.00,28.21
60.00,16.13
70.00,13.69
80.00,12.07
90.00,0.00
100.00,0.00
,
,
,
Consulta Num,93
Qtd Rel,18
Qtd Rec,1072
Qtd Rec Rel,16
Pontos,
Área,161.24
Revocação,Precisão
5.56,1.39
11.11,1.60
16.67,2.03
22.22,2.21
27.78,1.85
33.33,1.97
38.89,1.53
44.44,1.40
50.00,1.47
55.56,1.61
61.11,1.62
66.67,1.74
72.22,1.83
77.78,1.64
83.33,1.72
88.89,1.81
Tabela,
Área,145.20
Revocação,Precisão
0.00,1.39
10.00,1.60
20.00,2.21
30.00,1.97
40.00,1.40
50.00,1.47
60.00,1.62
70.00,1.83
80.00,1.72
90.00,0.00
100.00,0.00
,
,
,
Consulta Num,94
Qtd Rel,43
Qtd Rec,451
Qtd Rec Rel,35
Pontos,
Área,5542.76
Revocação,Precisão
2.33,100.00
4.65,100.00
6.98,100.00
9.30,100.00
11.63,100.00
13.95,100.00
16.28,100.00
18.60,100.00
20.93,100.00
23.26,90.91
25.58,91.67
27.91,92.31
30.23,81.25
32.56,82.35
34.88,83.33
37.21,84.21
39.53,85.00
41.86,85.71
44.19,79.17
46.51,66.67
48.84,58.33
51.16,59.46
53.49,50.00
55.81,47.06
58.14,37.31
60.47,22.61
62.79,22.69
65.12,22.76
67.44,21.48
69.77,20.13
72.09,18.90
74.42,19.28
76.74,18.44
79.07,17.71
81.40,16.59
Tabela,
Área,5345.23
Revocação,Precisão
0.00,100.00
10.00,100.00
20.00,100.00
30.00,81.25
40.00,85.71
50.00,59.46
60.00,22.61
70.00,18.90
80.00,16.59
90.00,0.00
100.00,0.00
,
,
,
Consulta Num,95
Qtd Rel,9
Qtd Rec,942
Qtd Rec Rel,5
Pontos,
Área,3132.06
Revocação,Precisão
11.11,100.00
22.22,66.67
33.33,60.00
44.44,2.31
55.56,1.16
Tabela,
Área,2801.42
Revocação,Precisão
0.00,100.00
10.00,100.00
20.00,66.67
30.00,60.00
40.00,2.31
50.00,1.16
60.00,0.00
70.00,0.00
80.00,0.00
90.00,0.00
100.00,0.00
,
,
,
Consulta Num,96
Qtd Rel,12
Qtd Rec,915
Qtd Rec Rel,11
Pontos,
Área,3186.82
Revocação,Precisão
8.33,100.00
16.67,100.00
25.00,75.00
33.33,21.05
41.67,10.87
50.00,9.09
58.33,6.86
66.67,3.94
75.00,2.05
83.33,1.69
91.67,1.85
Tabela,
Área,2755.56
Revocação,Precisão
0.00,100.00
10.00,100.00
20.00,75.00
30.00,21.05
40.00,10.87
50.00,9.09
60.00,3.94
70.00,2.05
80.00,1.69
90.00,1.85
100.00,0.00
,
,
,
Consulta Num,97
Qtd Rel,11
Qtd Rec,685
Qtd Rec Rel,10
Pontos,
Área,2876.30
Revocação,Precisão
9.09,50.00
18.18,50.00
27.27,37.50
36.36,36.36
45.45,33.33
54.55,33.33
63.64,24.14
72.73,13.33
81.82,10.23
90.91,3.16
Tabela,
Área,2663.93
Revocação,Precisão
0.00,50.00
10.00,50.00
20.00,37.50
30.00,36.36
40.00,33.33
50.00,33.33
60.00,24.14
70.00,13.33
80.00,10.23
90.00,3.16
100.00,0.00
,
,
,
Consulta Num,98
Qtd Rel,15
Qtd Rec,700
Qtd Rec Rel,13
Pontos,
Área,2847.90
Revocação,Precisão
6.67,100.00
13.33,100.00
20.00,75.00
26.67,57.14
33.33,21.74
40.00,4.35
46.67,2.90
53.33,3.19
60.00,3.14
66.67,2.35
73.33,2.24
80.00,2.07
86.67,2.05
Tabela,
Área,2609.26
Revocação,Precisão
0.00,100.00
10.00,100.00
20.00,75.00
30.00,21.74
40.00,4.35
50.00,3.19
60.00,2.35
70.00,2.24
80.00,2.07
90.00,0.00
100.00,0.00
,
,
,
Consulta Num,99
Qtd Rel,5
Qtd Rec,508
Qtd Rec Rel,4
Pontos,
Área,9000.00
Revocação,Precisão
20.00,100.00
40.00,100.00
60.00,100.00
80.00,100.00
Tabela,
Área,8500.00
Revocação,Precisão
0.00,100.00
10.00,100.00
20.00,100.00
30.00,100.00
40.00,100.00
50.00,100.00
60.00,100.00
70.00,100.00
80.00,100.00
90.00,0.00
100.00,0.00
,
,
,
Consulta Num,100
Qtd Rel,11
Qtd Rec,549
Qtd Rec Rel,6
Pontos,
Área,4062.46
Revocação,Precisão
9.09,100.00
18.18,100.00
27.27,100.00
36.36,80.00
45.45,12.20
54.55,1.56
Tabela,
Área,3437.54
Revocação,Precisão
0.00,100.00
10.00,100.00
20.00,100.00
30.00,80.00
40.00,12.20
50.00,1.56
60.00,0.00
70.00,0.00
80.00,0.00
90.00,0.00
100.00,0.00
