Tabela Média,2373.63
Revocação,Precisão
0.00,73.82
10.00,51.18
20.00,42.19
30.00,29.75
40.00,23.89
50.00,19.14
60.00,12.63
70.00,8.65
80.00,6.54
90.00,4.75
100.00,3.45



Consulta Num,1

Pontos
Revocação,Precisão
2.94,100.00
5.88,40.00
8.82,37.50
11.76,44.44
14.71,41.67
17.65,37.50
20.59,35.00
23.53,38.10
26.47,34.62
29.41,37.04
32.35,37.93
35.29,40.00
38.24,30.23
41.18,26.92
44.12,28.30
47.06,25.40
50.00,25.37
52.94,20.69
55.88,18.63
58.82,19.23
61.76,18.92
64.71,16.06
67.65,10.85
70.59,10.76
73.53,9.16
76.47,9.39
79.41,8.23
82.35,6.91
85.29,4.93
88.24,3.85
91.18,3.86
94.12,3.52
97.06,3.58
100.00,2.97
Tabela,2569.31
Revocação,Precisão
0.00,100.00
10.00,44.44
20.00,35.00
30.00,37.93
40.00,26.92
50.00,20.69
60.00,18.92
70.00,10.76
80.00,6.91
90.00,3.86
100.00,2.97



Consulta Num,2

Pontos
Revocação,Precisão
14.29,33.33
28.57,40.00
42.86,6.38
57.14,0.71
71.43,0.49
85.71,0.59
100.00,0.59
Tabela,1059.44
Revocação,Precisão
0.00,33.33
10.00,33.33
20.00,40.00
30.00,6.38
40.00,6.38
50.00,0.71
60.00,0.49
70.00,0.49
80.00,0.59
90.00,0.59
100.00,0.59



Consulta Num,3

Pontos
Revocação,Precisão
2.33,100.00
4.65,66.67
6.98,42.86
9.30,33.33
11.63,33.33
13.95,27.27
16.28,24.14
18.60,24.24
20.93,18.75
23.26,16.39
25.58,15.94
27.91,16.90
30.23,18.06
32.56,18.92
34.88,20.00
37.21,19.51
39.53,19.54
41.86,20.45
44.19,17.59
46.51,14.81
48.84,13.64
51.16,12.79
53.49,12.11
55.81,12.12
58.14,9.16
60.47,8.81
62.79,8.49
65.12,8.07
67.44,7.75
69.77,7.43
72.09,6.03
74.42,6.15
76.74,6.32
79.07,6.44
81.40,6.57
83.72,6.65
86.05,6.57
88.37,6.62
90.70,6.57
93.02,6.29
95.35,6.25
97.67,4.26
100.00,3.77
Tabela,1832.47
Revocação,Precisão
0.00,100.00
10.00,33.33
20.00,18.75
30.00,18.06
40.00,20.45
50.00,12.79
60.00,8.81
70.00,6.03
80.00,6.57
90.00,6.57
100.00,3.77



Consulta Num,4

Pontos
Revocação,Precisão
11.11,14.29
22.22,25.00
33.33,21.43
44.44,22.22
55.56,7.69
66.67,2.86
77.78,2.57
88.89,1.76
100.00,1.59
Tabela,1073.45
Revocação,Precisão
0.00,14.29
10.00,14.29
20.00,25.00
30.00,21.43
40.00,22.22
50.00,7.69
60.00,2.86
70.00,2.57
80.00,1.76
90.00,1.59
100.00,1.59



Consulta Num,5

Pontos
Revocação,Precisão
0.76,100.00
1.53,100.00
2.29,37.50
3.05,44.44
3.82,50.00
4.58,50.00
5.34,53.85
6.11,53.33
6.87,52.94
7.63,55.56
8.40,55.00
9.16,54.55
9.92,54.17
10.69,51.85
11.45,53.57
12.21,53.33
12.98,51.52
13.74,51.43
14.50,51.35
15.27,52.63
16.03,53.85
16.79,55.00
17.56,56.10
18.32,55.81
19.08,54.35
19.85,55.32
20.61,56.25
21.37,56.00
22.14,56.86
22.90,55.56
23.66,56.36
24.43,57.14
25.19,56.90
25.95,50.75
26.72,50.72
27.48,42.86
28.24,41.57
29.01,40.00
29.77,39.39
30.53,30.30
31.30,28.47
32.06,25.77
32.82,23.63
33.59,23.28
34.35,22.50
35.11,22.01
35.88,21.08
36.64,20.60
37.40,20.16
38.17,20.33
38.93,18.48
39.69,17.45
40.46,17.04
41.22,16.67
41.98,15.85
42.75,16.09
43.51,16.29
44.27,16.43
45.04,16.62
45.80,16.71
46.56,16.67
47.33,16.89
48.09,16.84
48.85,16.98
49.62,17.02
50.38,16.71
Tabela,2221.56
Revocação,Precisão
0.00,100.00
10.00,51.85
20.00,56.25
30.00,30.30
40.00,17.04
50.00,16.71
60.00,0.00
70.00,0.00
80.00,0.00
90.00,0.00
100.00,0.00



Consulta Num,6

Pontos
Revocação,Precisão
4.17,100.00
8.33,66.67
12.50,50.00
16.67,40.00
20.83,45.45
25.00,50.00
29.17,46.67
33.33,18.60
37.50,14.75
41.67,14.49
45.83,9.73
50.00,8.57
54.17,8.44
58.33,8.43
62.50,5.32
66.67,5.52
70.83,5.69
75.00,5.64
79.17,4.92
83.33,5.08
87.50,3.34
91.67,3.14
95.83,2.90
100.00,2.76
Tabela,2075.91
Revocação,Precisão
0.00,100.00
10.00,50.00
20.00,45.45
30.00,18.60
40.00,14.49
50.00,8.44
60.00,5.32
70.00,5.69
80.00,5.08
90.00,3.14
100.00,2.76



Consulta Num,7

Pontos
Revocação,Precisão
3.57,100.00
7.14,100.00
10.71,100.00
14.29,80.00
17.86,17.86
21.43,9.23
25.00,5.74
28.57,4.60
32.14,4.33
35.71,4.31
39.29,4.49
42.86,4.40
46.43,4.15
50.00,4.01
53.57,3.85
57.14,3.97
60.71,3.98
64.29,3.97
67.86,4.01
71.43,4.05
75.00,3.95
78.57,4.07
82.14,3.91
85.71,3.90
89.29,2.84
92.86,2.31
96.43,2.26
100.00,2.30
Tabela,1871.97
Revocação,Precisão
0.00,100.00
10.00,100.00
20.00,9.23
30.00,4.33
40.00,4.40
50.00,3.85
60.00,3.98
70.00,4.05
80.00,3.91
90.00,2.31
100.00,2.30



Consulta Num,8

Pontos
Revocação,Precisão
4.55,100.00
9.09,10.00
13.64,2.24
18.18,2.26
22.73,1.68
27.27,2.01
31.82,2.29
36.36,1.91
40.91,2.12
45.45,2.28
50.00,2.45
54.55,2.42
59.09,2.51
63.64,2.61
68.18,2.51
72.73,2.66
77.27,2.64
81.82,2.68
86.36,2.58
90.91,2.42
95.45,2.46
100.00,2.54
Tabela,724.14
Revocação,Precisão
0.00,100.00
10.00,2.24
20.00,1.68
30.00,2.29
40.00,2.12
50.00,2.45
60.00,2.61
70.00,2.66
80.00,2.68
90.00,2.42
100.00,2.54



Consulta Num,9

Pontos
Revocação,Precisão
10.00,100.00
20.00,100.00
30.00,18.75
40.00,14.81
50.00,12.82
60.00,15.00
70.00,14.29
80.00,15.09
90.00,1.88
100.00,1.18
Tabela,3432.29
Revocação,Precisão
0.00,100.00
10.00,100.00
20.00,100.00
30.00,18.75
40.00,14.81
50.00,12.82
60.00,15.00
70.00,14.29
80.00,15.09
90.00,1.88
100.00,1.18



Consulta Num,10

Pontos
Revocação,Precisão
4.00,100.00
8.00,100.00
12.00,75.00
16.00,80.00
20.00,83.33
24.00,75.00
28.00,18.42
32.00,14.81
36.00,14.75
40.00,10.53
44.00,8.33
48.00,5.91
52.00,6.25
56.00,6.48
60.00,5.91
64.00,6.11
68.00,6.25
72.00,5.29
76.00,4.17
80.00,3.56
84.00,2.93
88.00,2.74
92.00,2.78
96.00,2.20
100.00,2.10
Tabela,2585.10
Revocação,Precisão
0.00,100.00
10.00,75.00
20.00,83.33
30.00,14.81
40.00,10.53
50.00,6.25
60.00,5.91
70.00,5.29
80.00,3.56
90.00,2.78
100.00,2.10



Consulta Num,11

Pontos
Revocação,Precisão
4.55,100.00
9.09,100.00
13.64,100.00
18.18,100.00
22.73,100.00
27.27,66.67
31.82,70.00
36.36,72.73
40.91,75.00
45.45,66.67
50.00,61.11
54.55,63.16
59.09,61.90
63.64,29.79
68.18,28.30
72.73,19.75
77.27,20.00
81.82,17.82
86.36,3.30
90.91,3.26
95.45,3.01
100.00,2.19
Tabela,5278.31
Revocação,Precisão
0.00,100.00
10.00,100.00
20.00,100.00
30.00,70.00
40.00,75.00
50.00,61.11
60.00,29.79
70.00,19.75
80.00,17.82
90.00,3.26
100.00,2.19



Consulta Num,12

Pontos
Revocação,Precisão
14.29,4.35
28.57,7.14
42.86,10.34
57.14,13.33
71.43,2.65
85.71,0.55
100.00,0.58
Tabela,544.07
Revocação,Precisão
0.00,4.35
10.00,4.35
20.00,7.14
30.00,10.34
40.00,10.34
50.00,13.33
60.00,2.65
70.00,2.65
80.00,0.55
90.00,0.58
100.00,0.58



Consulta Num,13

Pontos
Revocação,Precisão
4.17,33.33
8.33,50.00
12.50,25.00
16.67,21.05
20.83,23.81
25.00,21.43
29.17,21.88
33.33,22.86
37.50,22.50
41.67,20.41
45.83,16.67
50.00,17.91
54.17,5.68
58.33,5.91
62.50,2.58
66.67,2.53
70.83,2.47
75.00,2.20
79.17,2.32
83.33,2.33
87.50,2.18
91.67,2.12
95.83,2.00
100.00,2.07
Tabela,1249.53
Revocação,Precisão
0.00,33.33
10.00,25.00
20.00,23.81
30.00,22.86
40.00,20.41
50.00,5.68
60.00,2.58
70.00,2.47
80.00,2.33
90.00,2.12
100.00,2.07



Consulta Num,14

Pontos
Revocação,Precisão
1.82,33.33
3.64,33.33
5.45,37.50
7.27,36.36
9.09,41.67
10.91,46.15
12.73,46.67
14.55,50.00
16.36,45.00
18.18,40.00
20.00,23.91
21.82,21.43
23.64,20.97
25.45,20.29
27.27,21.43
29.09,22.54
30.91,20.24
32.73,20.93
34.55,19.00
36.36,16.53
38.18,16.03
40.00,16.30
41.82,16.55
43.64,16.55
45.45,15.72
47.27,13.00
49.09,12.00
50.91,9.93
52.73,10.25
54.55,10.34
56.36,9.97
58.18,10.09
60.00,9.97
61.82,9.24
63.64,9.23
65.45,9.05
67.27,9.27
69.09,9.05
70.91,7.71
72.73,7.77
74.55,6.07
76.36,6.14
78.18,6.23
80.00,5.89
81.82,5.63
83.64,5.51
85.45,5.38
87.27,5.42
89.09,4.75
90.91,4.76
92.73,4.79
94.55,4.83
96.36,4.88
98.18,4.95
100.00,4.65
Tabela,1613.57
Revocação,Precisão
0.00,33.33
10.00,46.15
20.00,21.43
30.00,20.24
40.00,16.55
50.00,9.93
60.00,9.97
70.00,7.71
80.00,5.63
90.00,4.76
100.00,4.65



Consulta Num,15

Pontos
Revocação,Precisão
0.96,100.00
1.92,50.00
2.88,60.00
3.85,57.14
4.81,62.50
5.77,60.00
6.73,58.33
7.69,61.54
8.65,64.29
9.62,62.50
10.58,64.71
11.54,52.17
12.50,54.17
13.46,56.00
14.42,51.72
15.38,48.48
16.35,48.57
17.31,39.13
18.27,38.78
19.23,40.00
20.19,36.21
21.15,37.29
22.12,38.33
23.08,38.71
24.04,38.46
25.00,38.81
25.96,38.03
26.92,35.44
27.88,32.95
28.85,27.03
29.81,23.85
30.77,22.54
31.73,23.08
32.69,22.82
33.65,22.01
34.62,21.30
35.58,13.91
36.54,13.29
37.50,12.19
38.46,12.35
39.42,12.24
40.38,11.57
41.35,11.65
42.31,11.20
43.27,10.54
44.23,10.43
45.19,10.28
46.15,10.15
47.12,10.25
48.08,9.82
49.04,9.85
50.00,10.00
50.96,9.64
51.92,9.68
52.88,9.08
53.85,8.71
54.81,8.77
55.77,8.87
56.73,8.87
57.69,8.68
58.65,8.80
59.62,8.90
60.58,8.95
61.54,9.03
62.50,8.74
63.46,8.75
64.42,8.69
65.38,8.75
66.35,8.61
67.31,8.47
68.27,8.54
69.23,8.63
70.19,8.56
71.15,8.62
72.12,8.71
73.08,8.74
74.04,8.67
75.00,8.76
75.96,8.75
76.92,8.65
77.88,8.67
78.85,8.73
79.81,8.75
80.77,8.83
81.73,8.67
82.69,8.77
83.65,8.78
84.62,8.87
85.58,8.86
86.54,8.85
87.50,8.90
88.46,8.65
89.42,8.68
90.38,8.67
91.35,8.52
92.31,8.52
93.27,8.37
94.23,8.39
95.19,8.43
96.15,8.42
97.12,8.44
98.08,8.46
99.04,8.45
100.00,8.43
Tabela,2338.80
Revocação,Precisão
0.00,100.00
10.00,64.71
20.00,36.21
30.00,22.54
40.00,11.57
50.00,9.64
60.00,8.95
70.00,8.56
80.00,8.83
90.00,8.67
100.00,8.43



Consulta Num,16

Pontos
Revocação,Precisão
0.56,100.00
1.11,100.00
1.67,60.00
2.22,66.67
2.78,71.43
3.33,75.00
3.89,77.78
4.44,72.73
5.00,69.23
5.56,62.50
6.11,57.89
6.67,60.00
7.22,61.90
7.78,63.64
8.33,57.69
8.89,57.14
9.44,58.62
10.00,60.00
10.56,61.29
11.11,62.50
11.67,60.00
12.22,59.46
12.78,60.53
13.33,52.17
13.89,53.19
14.44,50.00
15.00,50.00
15.56,45.90
16.11,46.77
16.67,40.00
17.22,40.79
17.78,41.56
18.33,35.87
18.89,34.69
19.44,33.98
20.00,34.29
20.56,34.91
21.11,35.19
21.67,35.14
22.22,34.78
22.78,35.04
23.33,35.59
23.89,35.83
24.44,35.77
25.00,34.88
25.56,35.38
26.11,35.61
26.67,35.82
27.22,33.79
27.78,32.89
28.33,32.28
28.89,31.90
29.44,32.32
30.00,32.73
30.56,32.74
31.11,33.14
31.67,30.16
32.22,30.37
32.78,29.95
33.33,29.13
33.89,29.47
34.44,29.67
35.00,29.58
35.56,28.96
36.11,28.63
36.67,28.21
37.22,28.27
37.78,28.57
38.33,28.87
38.89,28.93
39.44,29.10
40.00,29.03
40.56,29.20
41.11,28.68
41.67,28.63
42.22,28.15
42.78,26.55
43.33,26.44
43.89,26.69
44.44,26.85
45.00,27.00
45.56,26.71
46.11,26.95
46.67,25.85
47.22,25.37
47.78,25.22
48.33,25.29
48.89,25.07
49.44,24.86
50.00,24.32
50.56,24.53
51.11,24.53
51.67,24.35
52.22,23.33
52.78,23.46
53.33,23.53
53.89,23.49
54.44,23.56
55.00,23.46
55.56,22.83
56.11,22.60
56.67,22.67
57.22,22.59
57.78,22.61
58.33,22.29
58.89,21.99
59.44,21.62
60.00,21.26
60.56,20.37
61.11,20.00
61.67,20.04
62.22,20.07
62.78,20.00
63.33,19.49
63.89,19.43
64.44,19.27
65.00,18.96
65.56,19.09
66.11,18.31
66.67,18.38
67.22,18.50
67.78,18.63
68.33,18.55
68.89,18.26
69.44,18.25
70.00,17.90
70.56,17.96
71.11,18.08
71.67,18.17
72.22,17.88
72.78,17.63
73.33,17.55
73.89,17.66
74.44,17.70
75.00,17.81
75.56,17.02
76.11,16.91
76.67,16.95
77.22,16.93
77.78,16.75
78.33,16.83
78.89,16.92
79.44,16.98
80.00,16.94
80.56,17.04
81.11,17.12
81.67,17.01
82.22,17.11
82.78,17.11
83.33,16.87
83.89,16.82
84.44,16.83
85.00,16.67
85.56,16.74
86.11,16.81
86.67,16.86
87.22,16.37
87.78,16.22
88.33,16.22
88.89,16.28
89.44,16.36
90.00,16.40
90.56,16.37
91.11,15.50
91.67,15.24
92.22,15.02
92.78,15.02
93.33,14.76
93.89,14.76
94.44,14.78
95.00,14.83
95.56,14.58
96.11,14.61
96.67,14.51
97.22,14.58
97.78,14.58
98.33,14.60
98.89,14.52
99.44,14.55
100.00,14.55
Tabela,3114.31
Revocação,Precisão
0.00,100.00
10.00,61.29
20.00,34.29
30.00,32.73
40.00,29.03
50.00,24.32
60.00,21.26
70.00,17.90
80.00,16.94
90.00,16.40
100.00,14.55



Consulta Num,17

Pontos
Revocação,Precisão
1.82,100.00
3.64,100.00
5.45,60.00
7.27,40.00
9.09,18.52
10.91,15.79
12.73,14.89
14.55,14.81
16.36,16.36
18.18,16.95
20.00,16.42
21.82,17.65
23.64,18.57
25.45,16.87
27.27,17.86
29.09,18.82
30.91,18.48
32.73,19.15
34.55,19.79
36.36,18.35
38.18,16.67
40.00,17.32
41.82,13.37
43.64,12.63
45.45,13.02
47.27,12.15
49.09,12.27
50.91,11.72
52.73,10.32
54.55,10.45
56.36,10.65
58.18,10.81
60.00,11.11
61.82,11.37
63.64,11.63
65.45,11.80
67.27,11.97
69.09,10.56
70.91,8.19
72.73,7.72
74.55,7.69
76.36,7.33
78.18,7.26
80.00,7.10
81.82,6.78
83.64,6.92
85.45,6.46
87.27,6.39
89.09,6.12
90.91,6.08
92.73,5.76
94.55,5.65
96.36,5.75
98.18,5.60
100.00,4.88
Tabela,1616.07
Revocação,Precisão
0.00,100.00
10.00,15.79
20.00,17.65
30.00,18.48
40.00,13.37
50.00,11.72
60.00,11.11
70.00,8.19
80.00,6.78
90.00,6.08
100.00,4.88



Consulta Num,18

Pontos
Revocação,Precisão
4.76,100.00
9.52,33.33
14.29,37.50
19.05,44.44
23.81,45.45
28.57,42.86
33.33,36.84
38.10,40.00
42.86,39.13
47.62,32.26
52.38,27.50
57.14,24.49
61.90,19.70
66.67,20.59
71.43,19.23
76.19,14.41
80.95,1.75
85.71,1.85
90.48,1.92
95.24,1.97
100.00,1.73
Tabela,2798.92
Revocação,Precisão
0.00,100.00
10.00,37.50
20.00,45.45
30.00,36.84
40.00,39.13
50.00,27.50
60.00,19.70
70.00,19.23
80.00,1.75
90.00,1.92
100.00,1.73



Consulta Num,19

Pontos
Revocação,Precisão
4.55,10.00
9.09,14.29
13.64,15.00
18.18,12.50
22.73,14.71
27.27,16.22
31.82,17.95
36.36,13.33
40.91,13.43
45.45,14.49
50.00,11.58
54.55,11.32
59.09,6.63
63.64,6.14
68.18,4.50
72.73,4.58
77.27,4.59
81.82,3.96
86.36,3.52
90.91,2.91
95.45,2.54
100.00,2.21
Tabela,963.58
Revocação,Precisão
0.00,10.00
10.00,15.00
20.00,14.71
30.00,17.95
40.00,13.43
50.00,11.58
60.00,6.14
70.00,4.58
80.00,3.96
90.00,2.91
100.00,2.21



Consulta Num,20

Pontos
Revocação,Precisão
2.17,100.00
4.35,100.00
6.52,100.00
8.70,100.00
10.87,100.00
13.04,100.00
15.22,100.00
17.39,100.00
19.57,100.00
21.74,100.00
23.91,100.00
26.09,100.00
28.26,92.86
30.43,93.33
32.61,93.75
34.78,94.12
36.96,89.47
39.13,90.00
41.30,90.48
43.48,90.91
45.65,87.50
47.83,88.00
50.00,82.14
52.17,82.76
54.35,83.33
56.52,78.79
58.70,56.25
60.87,50.91
63.04,46.77
65.22,28.30
67.39,22.30
69.57,22.70
71.74,22.76
73.91,17.35
76.09,13.31
78.26,10.50
80.43,10.11
82.61,8.98
84.78,6.72
86.96,5.60
89.13,4.83
91.30,4.60
93.48,4.42
95.65,4.00
97.83,3.95
100.00,4.00
Tabela,6069.42
Revocação,Precisão
0.00,100.00
10.00,100.00
20.00,100.00
30.00,93.33
40.00,90.48
50.00,82.76
60.00,50.91
70.00,22.76
80.00,10.11
90.00,4.60
100.00,4.00



Consulta Num,21

Pontos
Revocação,Precisão
4.00,5.56
8.00,3.51
12.00,4.69
16.00,5.88
20.00,6.85
24.00,6.98
28.00,7.45
32.00,7.69
36.00,6.82
40.00,7.35
44.00,7.75
48.00,7.59
52.00,6.16
56.00,4.43
60.00,4.07
64.00,3.45
68.00,2.28
72.00,2.39
76.00,2.48
80.00,2.30
84.00,2.23
88.00,2.10
92.00,2.00
96.00,2.06
100.00,2.07
Tabela,473.11
Revocação,Precisão
0.00,5.56
10.00,4.69
20.00,6.85
30.00,7.69
40.00,7.35
50.00,6.16
60.00,4.07
70.00,2.39
80.00,2.30
90.00,2.00
100.00,2.07



Consulta Num,22

Pontos
Revocação,Precisão
1.43,100.00
2.86,100.00
4.29,100.00
5.71,100.00
7.14,100.00
8.57,66.67
10.00,43.75
11.43,47.06
12.86,28.13
14.29,29.41
15.71,28.21
17.14,30.00
18.57,23.64
20.00,19.72
21.43,19.48
22.86,20.51
24.29,19.10
25.71,18.75
27.14,18.27
28.57,18.35
30.00,17.21
31.43,17.60
32.86,17.42
34.29,12.57
35.71,12.44
37.14,12.56
38.57,9.28
40.00,8.81
41.43,8.06
42.86,7.30
44.29,7.51
45.71,7.73
47.14,7.91
48.57,7.66
50.00,7.80
51.43,7.86
52.86,7.79
54.29,7.98
55.71,8.14
57.14,7.83
58.57,7.90
60.00,7.91
61.43,7.14
62.86,7.26
64.29,7.23
65.71,7.36
67.14,7.34
68.57,7.34
70.00,7.15
71.43,7.29
72.86,7.40
74.29,7.50
75.71,7.12
77.14,7.12
78.57,7.20
80.00,7.32
81.43,7.34
82.86,7.44
84.29,7.51
85.71,7.48
87.14,6.85
88.57,6.49
90.00,6.52
91.43,6.56
92.86,6.65
94.29,6.40
95.71,6.02
97.14,5.67
98.57,5.61
100.00,5.67
Tabela,1784.20
Revocação,Precisão
0.00,100.00
10.00,43.75
20.00,19.48
30.00,17.60
40.00,8.06
50.00,7.80
60.00,7.91
70.00,7.15
80.00,7.32
90.00,6.52
100.00,5.67



Consulta Num,23

Pontos
Revocação,Precisão
2.86,20.00
5.71,10.00
8.57,13.64
11.43,13.33
14.29,14.29
17.14,7.06
20.00,7.95
22.86,8.60
25.71,8.11
28.57,8.77
31.43,9.24
34.29,7.79
37.14,6.53
40.00,6.80
42.86,6.76
45.71,5.65
48.57,5.38
51.43,3.30
54.29,3.36
57.14,2.92
60.00,2.88
62.86,2.98
65.71,2.94
68.57,2.96
71.43,3.06
74.29,2.96
77.14,3.02
80.00,2.85
82.86,2.69
85.71,2.75
88.57,2.81
91.43,2.80
94.29,2.88
97.14,2.95
100.00,2.86
Tabela,635.47
Revocação,Precisão
0.00,20.00
10.00,13.33
20.00,7.95
30.00,9.24
40.00,6.76
50.00,3.30
60.00,2.98
70.00,3.06
80.00,2.69
90.00,2.80
100.00,2.86



Consulta Num,24

Pontos
Revocação,Precisão
3.23,9.09
6.45,6.06
9.68,6.98
12.90,8.33
16.13,6.41
19.35,6.45
22.58,7.00
25.81,7.92
29.03,6.34
32.26,5.78
35.48,4.62
38.71,4.78
41.94,4.58
45.16,4.46
48.39,4.75
51.61,4.73
54.84,3.62
58.06,3.68
61.29,2.43
64.52,2.51
67.74,2.53
70.97,2.52
74.19,2.50
77.42,2.42
80.65,2.52
83.87,2.45
87.10,2.49
90.32,2.57
93.55,2.58
96.77,2.54
100.00,2.53
Tabela,462.70
Revocação,Precisão
0.00,9.09
10.00,8.33
20.00,7.00
30.00,5.78
40.00,4.58
50.00,4.73
60.00,2.43
70.00,2.52
80.00,2.52
90.00,2.57
100.00,2.53



Consulta Num,25

Pontos
Revocação,Precisão
1.96,20.00
3.92,33.33
5.88,27.27
7.84,25.00
9.80,27.78
11.76,26.09
13.73,28.00
15.69,27.59
17.65,21.95
19.61,17.54
21.57,17.74
23.53,17.14
25.49,15.85
27.45,15.22
29.41,15.96
31.37,15.53
33.33,16.04
35.29,14.63
37.25,13.87
39.22,14.49
41.18,13.38
43.14,13.66
45.10,12.99
47.06,12.31
49.02,12.56
50.98,12.32
52.94,11.59
54.90,11.52
56.86,11.69
58.82,11.32
60.78,10.69
62.75,9.73
64.71,8.57
66.67,8.35
68.63,7.95
70.59,7.95
72.55,8.04
74.51,7.87
76.47,6.94
78.43,6.99
80.39,7.16
82.35,7.13
84.31,6.14
86.27,5.90
88.24,5.90
90.20,5.74
92.16,5.48
94.12,5.06
96.08,4.91
98.04,4.80
100.00,4.37
Tabela,1287.81
Revocação,Precisão
0.00,20.00
10.00,26.09
20.00,17.74
30.00,15.53
40.00,13.38
50.00,12.32
60.00,10.69
70.00,7.95
80.00,7.16
90.00,5.74
100.00,4.37



Consulta Num,26

Pontos
Revocação,Precisão
3.03,100.00
6.06,100.00
9.09,100.00
12.12,100.00
15.15,100.00
18.18,100.00
21.21,87.50
24.24,88.89
27.27,56.25
30.30,34.48
33.33,32.35
36.36,30.00
39.39,24.53
42.42,24.14
45.45,25.42
48.48,25.81
51.52,22.08
54.55,21.18
57.58,11.11
60.61,6.35
63.64,6.54
66.67,6.47
69.70,6.69
72.73,6.88
75.76,6.07
78.79,5.46
81.82,5.21
84.85,4.96
87.88,3.37
90.91,3.42
93.94,3.38
96.97,3.43
100.00,2.70
Tabela,3414.11
Revocação,Precisão
0.00,100.00
10.00,100.00
20.00,87.50
30.00,34.48
40.00,24.14
50.00,22.08
60.00,6.35
70.00,6.88
80.00,5.21
90.00,3.42
100.00,2.70



Consulta Num,27

Pontos
Revocação,Precisão
9.09,100.00
18.18,100.00
27.27,21.43
36.36,5.63
45.45,5.38
54.55,3.09
63.64,1.84
72.73,1.53
81.82,1.12
90.91,1.22
100.00,1.03
Tabela,1917.56
Revocação,Precisão
0.00,100.00
10.00,100.00
20.00,21.43
30.00,5.63
40.00,5.38
50.00,3.09
60.00,1.84
70.00,1.53
80.00,1.12
90.00,1.22
100.00,1.03



Consulta Num,28

Pontos
Revocação,Precisão
1.96,100.00
3.92,100.00
5.88,100.00
7.84,80.00
9.80,50.00
11.76,35.29
13.73,30.43
15.69,32.00
17.65,32.14
19.61,32.26
21.57,32.35
23.53,22.64
25.49,18.06
27.45,17.07
29.41,13.04
31.37,13.68
33.33,11.41
35.29,10.98
37.25,11.38
39.22,11.05
41.18,10.40
43.14,10.68
45.10,11.11
47.06,11.37
49.02,10.04
50.98,8.87
52.94,9.12
54.90,8.46
56.86,7.16
58.82,6.86
60.78,6.92
62.75,7.05
64.71,6.78
66.67,6.61
68.63,6.26
70.59,5.38
72.55,5.52
74.51,5.57
76.47,5.23
78.43,5.33
80.39,4.54
82.35,4.41
84.31,4.39
86.27,3.91
88.24,3.86
90.20,3.93
92.16,4.01
94.12,4.08
96.08,4.08
98.04,4.09
100.00,4.14
Tabela,1734.31
Revocação,Precisão
0.00,100.00
10.00,35.29
20.00,32.35
30.00,13.68
40.00,10.40
50.00,8.87
60.00,6.92
70.00,5.38
80.00,4.54
90.00,3.93
100.00,4.14



Consulta Num,29

Pontos
Revocação,Precisão
2.27,100.00
4.55,40.00
6.82,16.67
9.09,21.05
11.36,16.13
13.64,16.22
15.91,18.42
18.18,18.18
20.45,16.98
22.73,12.82
25.00,11.46
27.27,12.24
29.55,11.02
31.82,11.20
34.09,11.81
36.36,9.88
38.64,8.81
40.91,9.00
43.18,8.96
45.45,8.40
47.73,7.47
50.00,6.65
52.27,6.39
54.55,5.45
56.82,5.52
59.09,4.63
61.36,4.36
63.64,4.44
65.91,3.98
68.18,4.00
70.45,4.11
72.73,4.13
75.00,4.19
77.27,4.25
79.55,4.29
81.82,4.14
84.09,4.14
86.36,4.13
88.64,4.07
90.91,3.44
93.18,3.41
95.45,3.47
97.73,3.54
100.00,3.60
Tabela,1278.05
Revocação,Precisão
0.00,100.00
10.00,16.13
20.00,16.98
30.00,11.20
40.00,9.00
50.00,6.65
60.00,4.36
70.00,4.11
80.00,4.14
90.00,3.44
100.00,3.60



Consulta Num,30

Pontos
Revocação,Precisão
5.88,50.00
11.76,66.67
17.65,75.00
23.53,80.00
29.41,62.50
35.29,60.00
41.18,58.33
47.06,38.10
52.94,34.62
58.82,21.28
64.71,12.22
70.59,5.91
76.47,2.22
82.35,2.34
88.24,2.36
94.12,2.19
100.00,1.42
Tabela,3479.80
Revocação,Precisão
0.00,50.00
10.00,66.67
20.00,80.00
30.00,60.00
40.00,58.33
50.00,34.62
60.00,12.22
70.00,5.91
80.00,2.34
90.00,2.19
100.00,1.42



Consulta Num,31

Pontos
Revocação,Precisão
1.72,50.00
3.45,66.67
5.17,60.00
6.90,66.67
8.62,71.43
10.34,60.00
12.07,53.85
13.79,40.00
15.52,36.00
17.24,35.71
18.97,22.92
20.69,22.64
22.41,22.81
24.14,23.73
25.86,24.19
27.59,16.67
29.31,14.53
31.03,14.52
32.76,12.42
34.48,10.64
36.21,9.38
37.93,7.21
39.66,7.14
41.38,7.38
43.10,7.27
44.83,7.51
46.55,7.07
48.28,7.09
50.00,6.74
51.72,6.68
53.45,6.87
55.17,6.90
56.90,6.52
58.62,6.65
60.34,6.32
62.07,6.47
63.79,6.37
65.52,6.25
67.24,6.40
68.97,6.26
70.69,6.32
72.41,6.06
74.14,6.08
75.86,6.13
77.59,6.19
79.31,5.74
81.03,5.60
82.76,5.71
84.48,5.44
86.21,4.55
87.93,4.51
89.66,4.55
91.38,4.62
93.10,4.66
94.83,4.52
96.55,4.59
98.28,4.63
100.00,4.70
Tabela,1614.92
Revocação,Precisão
0.00,50.00
10.00,60.00
20.00,22.64
30.00,14.52
40.00,7.38
50.00,6.74
60.00,6.32
70.00,6.32
80.00,5.60
90.00,4.62
100.00,4.70



Consulta Num,32

Pontos
Revocação,Precisão
3.33,100.00
6.67,50.00
10.00,42.86
13.33,50.00
16.67,29.41
20.00,17.65
23.33,14.29
26.67,14.29
30.00,9.18
33.33,8.06
36.67,3.94
40.00,3.38
43.33,3.49
46.67,3.70
50.00,3.16
53.33,2.89
56.67,2.86
60.00,2.20
63.33,2.24
66.67,2.30
70.00,2.39
73.33,2.24
76.67,2.34
80.00,2.37
83.33,2.35
86.67,2.43
90.00,2.39
93.33,2.43
96.67,2.40
100.00,2.47
Tabela,1357.36
Revocação,Precisão
0.00,100.00
10.00,42.86
20.00,17.65
30.00,8.06
40.00,3.38
50.00,3.16
60.00,2.20
70.00,2.39
80.00,2.37
90.00,2.43
100.00,2.47



Consulta Num,33

Pontos
Revocação,Precisão
1.75,50.00
3.51,50.00
5.26,33.33
7.02,36.36
8.77,35.71
10.53,33.33
12.28,36.84
14.04,40.00
15.79,42.86
17.54,45.45
19.30,39.29
21.05,30.00
22.81,30.23
24.56,28.57
26.32,30.00
28.07,30.19
29.82,25.00
31.58,25.71
33.33,22.09
35.09,21.74
36.84,22.11
38.60,22.92
40.35,22.55
42.11,22.43
43.86,22.12
45.61,22.41
47.37,22.69
49.12,23.14
50.88,22.66
52.63,23.26
54.39,23.85
56.14,23.70
57.89,23.74
59.65,22.37
61.40,21.88
63.16,21.95
64.91,22.42
66.67,22.89
68.42,23.35
70.18,23.81
71.93,23.98
73.68,22.58
75.44,22.99
77.19,19.82
78.95,18.44
80.70,16.61
82.46,15.56
84.21,9.25
85.96,7.32
87.72,6.99
89.47,7.02
91.23,6.81
92.98,6.17
94.74,6.09
96.49,5.31
Tabela,2283.50
Revocação,Precisão
0.00,50.00
10.00,33.33
20.00,30.00
30.00,25.71
40.00,22.55
50.00,22.66
60.00,21.88
70.00,23.81
80.00,16.61
90.00,6.81
100.00,0.00



Consulta Num,34

Pontos
Revocação,Precisão
2.56,100.00
5.13,100.00
7.69,75.00
10.26,80.00
12.82,71.43
15.38,66.67
17.95,70.00
20.51,72.73
23.08,69.23
25.64,62.50
28.21,64.71
30.77,60.00
33.33,54.17
35.90,48.28
38.46,45.45
41.03,43.24
43.59,41.46
46.15,38.30
48.72,32.20
51.28,26.67
53.85,26.25
56.41,27.16
58.97,25.00
61.54,20.51
64.10,21.19
66.67,19.40
69.23,18.12
71.79,16.00
74.36,13.06
76.92,12.99
79.49,9.75
82.05,9.79
84.62,6.86
87.18,5.95
89.74,5.36
92.31,5.02
94.87,5.03
97.44,3.73
100.00,3.37
Tabela,3856.42
Revocação,Precisão
0.00,100.00
10.00,80.00
20.00,72.73
30.00,60.00
40.00,43.24
50.00,26.67
60.00,20.51
70.00,16.00
80.00,9.79
90.00,5.02
100.00,3.37



Consulta Num,35

Pontos
Revocação,Precisão
7.14,50.00
14.29,18.18
21.43,23.08
28.57,12.90
35.71,13.89
42.86,12.50
50.00,13.46
57.14,4.00
64.29,3.86
71.43,2.38
78.57,2.57
85.71,2.11
Tabela,1144.58
Revocação,Precisão
0.00,50.00
10.00,18.18
20.00,23.08
30.00,13.89
40.00,12.50
50.00,13.46
60.00,3.86
70.00,2.38
80.00,2.11
90.00,0.00
100.00,0.00



Consulta Num,36

Pontos
Revocação,Precisão
11.11,50.00
22.22,28.57
33.33,37.50
44.44,30.77
55.56,1.98
66.67,2.17
77.78,2.42
88.89,2.52
100.00,0.74
Tabela,1820.32
Revocação,Precisão
0.00,50.00
10.00,50.00
20.00,28.57
30.00,37.50
40.00,30.77
50.00,1.98
60.00,2.17
70.00,2.42
80.00,2.52
90.00,0.74
100.00,0.74



Consulta Num,37

Pontos
Revocação,Precisão
1.02,100.00
2.04,100.00
3.06,100.00
4.08,100.00
5.10,100.00
6.12,100.00
7.14,100.00
8.16,100.00
9.18,100.00
10.20,100.00
11.22,100.00
12.24,100.00
13.27,92.86
14.29,93.33
15.31,88.24
16.33,80.00
17.35,80.95
18.37,81.82
19.39,82.61
20.41,83.33
21.43,84.00
22.45,84.62
23.47,85.19
24.49,82.76
25.51,83.33
26.53,81.25
27.55,69.23
28.57,70.00
29.59,70.73
30.61,66.67
31.63,63.27
32.65,58.18
33.67,57.89
34.69,57.63
35.71,57.38
36.73,54.55
37.76,55.22
38.78,51.35
39.80,50.65
40.82,51.28
41.84,50.62
42.86,46.15
43.88,46.74
44.90,45.36
45.92,45.00
46.94,44.23
47.96,42.73
48.98,43.24
50.00,43.75
51.02,44.25
52.04,42.50
53.06,39.10
54.08,37.59
55.10,33.96
56.12,33.13
57.14,32.56
58.16,32.76
59.18,32.58
60.20,31.72
61.22,31.41
62.24,30.81
63.27,30.54
64.29,30.88
65.31,28.96
66.33,28.63
67.35,28.21
68.37,27.13
69.39,26.77
70.41,25.65
71.43,21.21
72.45,18.68
73.47,18.80
74.49,17.42
75.51,17.17
76.53,15.96
77.55,15.97
78.57,14.92
79.59,14.86
80.61,14.36
81.63,13.84
82.65,13.97
83.67,12.69
84.69,12.56
85.71,11.57
86.73,10.43
87.76,10.50
88.78,10.37
89.80,10.21
90.82,10.18
91.84,9.89
92.86,9.91
93.88,9.61
94.90,9.54
95.92,9.31
96.94,9.34
97.96,9.38
98.98,9.25
100.00,8.19
Tabela,4810.47
Revocação,Precisão
0.00,100.00
10.00,100.00
20.00,83.33
30.00,66.67
40.00,51.28
50.00,43.75
60.00,31.72
70.00,25.65
80.00,14.36
90.00,10.18
100.00,8.19



Consulta Num,38

Pontos
Revocação,Precisão
1.89,33.33
3.77,5.41
5.66,7.69
7.55,9.52
9.43,9.43
11.32,9.68
13.21,10.77
15.09,11.11
16.98,10.98
18.87,8.26
20.75,8.33
22.64,8.33
24.53,6.02
26.42,6.45
28.30,6.61
30.19,5.00
32.08,4.80
33.96,4.96
35.85,5.15
37.74,4.90
39.62,5.02
41.51,5.25
43.40,5.12
45.28,5.27
47.17,5.20
49.06,4.74
50.94,4.75
52.83,4.66
54.72,4.79
56.60,4.84
58.49,4.70
60.38,4.74
62.26,4.88
64.15,4.83
66.04,4.92
67.92,4.91
69.81,4.84
Tabela,544.14
Revocação,Precisão
0.00,33.33
10.00,9.68
20.00,8.33
30.00,5.00
40.00,5.25
50.00,4.75
60.00,4.74
70.00,0.00
80.00,0.00
90.00,0.00
100.00,0.00



Consulta Num,39

Pontos
Revocação,Precisão
0.62,50.00
1.23,66.67
1.85,75.00
2.47,80.00
3.09,83.33
3.70,85.71
4.32,77.78
4.94,80.00
5.56,75.00
6.17,76.92
6.79,73.33
7.41,75.00
8.02,72.22
8.64,73.68
9.26,75.00
9.88,72.73
10.49,73.91
11.11,72.00
11.73,73.08
12.35,71.43
12.96,67.74
13.58,68.75
14.20,67.65
14.81,64.86
15.43,65.79
16.05,59.09
16.67,60.00
17.28,59.57
17.90,58.00
18.52,58.82
19.14,57.41
19.75,58.18
20.37,58.93
20.99,55.74
21.60,55.56
22.22,53.73
22.84,54.41
23.46,55.07
24.07,53.42
24.69,53.33
25.31,52.56
25.93,53.16
26.54,53.09
27.16,51.76
27.78,48.39
28.40,47.42
29.01,46.53
29.63,45.71
30.25,46.23
30.86,46.30
31.48,46.36
32.10,45.61
32.72,46.09
33.33,46.55
33.95,39.57
34.57,39.16
35.19,38.78
35.80,38.67
36.42,39.07
37.04,39.47
37.65,37.42
38.27,37.80
38.89,37.95
39.51,38.32
40.12,35.91
40.74,34.02
41.36,33.84
41.98,32.85
42.59,32.86
43.21,31.82
43.83,31.28
44.44,30.51
45.06,28.63
45.68,28.46
46.30,28.41
46.91,28.46
47.53,27.60
48.15,27.76
48.77,27.62
49.38,27.12
50.00,26.56
50.62,26.62
51.23,26.18
51.85,26.25
52.47,26.32
53.09,26.38
53.70,25.44
54.32,25.21
54.94,24.65
55.56,24.32
56.17,24.01
56.79,23.65
57.41,23.54
58.02,23.68
58.64,23.75
59.26,23.76
59.88,22.30
60.49,22.22
61.11,21.43
61.73,21.05
62.35,20.28
62.96,20.24
63.58,20.36
64.20,20.35
64.81,19.92
65.43,20.00
66.05,19.31
66.67,19.32
67.28,18.89
67.90,18.49
68.52,18.41
69.14,18.42
69.75,18.43
70.37,18.54
70.99,18.55
71.60,18.38
72.22,17.97
72.84,18.10
73.46,18.03
74.07,18.15
74.69,17.93
75.31,16.53
75.93,16.49
76.54,16.53
77.16,16.64
77.78,16.69
78.40,16.69
79.01,16.62
79.63,16.69
80.25,16.62
80.86,16.29
81.48,16.36
82.10,16.36
82.72,16.44
83.33,16.34
83.95,16.43
84.57,16.37
85.19,16.10
85.80,16.01
86.42,15.95
87.04,15.88
87.65,15.62
88.27,15.65
88.89,15.50
89.51,15.18
90.12,15.07
90.74,15.06
91.36,15.13
91.98,15.14
92.59,15.23
93.21,14.98
93.83,14.90
Tabela,3389.87
Revocação,Precisão
0.00,50.00
10.00,73.91
20.00,58.93
30.00,46.23
40.00,35.91
50.00,26.56
60.00,22.22
70.00,18.54
80.00,16.62
90.00,15.07
100.00,0.00



Consulta Num,40

Pontos
Revocação,Precisão
0.68,100.00
1.37,100.00
2.05,60.00
2.74,66.67
3.42,55.56
4.11,35.29
4.79,28.00
5.48,29.63
6.16,31.03
6.85,32.26
7.53,28.95
8.22,29.27
8.90,26.00
9.59,26.92
10.27,26.32
10.96,27.59
11.64,26.98
12.33,28.13
13.01,26.03
13.70,27.03
14.38,26.92
15.07,27.85
15.75,28.75
16.44,27.91
17.12,28.09
17.81,28.57
18.49,28.42
19.18,27.72
19.86,28.43
20.55,27.78
21.23,28.44
21.92,28.32
22.60,28.95
23.29,28.33
23.97,28.69
24.66,25.71
25.34,26.24
26.03,25.33
26.71,24.68
27.40,24.54
28.08,24.40
28.77,24.28
29.45,24.71
30.14,24.72
30.82,23.44
31.51,23.35
32.19,23.62
32.88,23.65
33.56,23.90
34.25,23.15
34.93,23.29
35.62,22.32
36.30,21.72
36.99,21.34
37.67,21.48
38.36,21.37
39.04,21.11
39.73,21.17
40.41,20.63
41.10,20.91
41.78,19.81
42.47,20.06
43.15,20.19
43.84,20.13
44.52,19.76
45.21,19.58
45.89,19.76
46.58,19.21
47.26,19.27
47.95,18.62
48.63,18.49
49.32,18.65
50.00,18.48
50.68,18.45
51.37,18.52
52.05,18.49
52.74,18.25
53.42,18.22
54.11,18.33
54.79,18.18
55.48,18.24
56.16,18.43
56.85,18.53
57.53,18.71
58.22,18.24
58.90,18.34
59.59,18.13
60.27,18.14
60.96,17.98
61.64,17.58
62.33,17.27
63.01,17.16
63.70,17.22
64.38,17.12
65.07,16.93
65.75,17.08
66.44,17.05
67.12,16.39
67.81,16.18
68.49,16.23
69.18,15.40
69.86,15.02
70.55,15.01
71.23,14.61
71.92,14.58
72.60,14.19
73.29,14.17
73.97,14.17
74.66,14.05
75.34,14.08
76.03,14.07
76.71,13.71
77.40,13.66
78.08,13.67
78.77,13.28
79.45,13.15
80.14,12.90
80.82,12.85
81.51,12.88
82.19,12.97
82.88,12.93
83.56,12.98
84.25,12.84
84.93,12.90
85.62,12.97
86.30,13.00
86.99,13.05
87.67,13.11
88.36,13.18
89.04,12.94
89.73,13.01
90.41,13.08
91.10,13.05
91.78,12.90
92.47,12.75
93.15,12.26
93.84,12.33
94.52,12.28
95.21,12.36
95.89,12.42
96.58,12.16
97.26,11.83
97.95,11.91
98.63,11.88
99.32,11.84
Tabela,2270.64
Revocação,Precisão
0.00,100.00
10.00,26.32
20.00,27.78
30.00,24.72
40.00,20.63
50.00,18.48
60.00,18.14
70.00,15.01
80.00,12.90
90.00,13.08
100.00,0.00



Consulta Num,41

Pontos
Revocação,Precisão
6.67,100.00
13.33,40.00
20.00,21.43
26.67,15.38
33.33,2.39
40.00,2.84
46.67,3.03
53.33,3.16
60.00,3.01
66.67,3.28
73.33,3.59
80.00,3.91
86.67,1.57
93.33,1.22
100.00,1.30
Tabela,1324.76
Revocação,Precisão
0.00,100.00
10.00,40.00
20.00,21.43
30.00,2.39
40.00,2.84
50.00,3.16
60.00,3.28
70.00,3.59
80.00,3.91
90.00,1.22
100.00,1.30



Consulta Num,42

Pontos
Revocação,Precisão
2.13,100.00
4.26,100.00
6.38,100.00
8.51,100.00
10.64,100.00
12.77,100.00
14.89,100.00
17.02,100.00
19.15,100.00
21.28,58.82
23.40,35.48
25.53,22.22
27.66,12.62
29.79,12.50
31.91,12.82
34.04,6.35
36.17,5.63
38.30,4.23
40.43,4.40
42.55,4.16
44.68,4.28
46.81,4.46
48.94,4.37
51.06,4.46
53.19,4.62
55.32,4.78
57.45,4.75
59.57,4.85
61.70,4.84
63.83,4.99
65.96,4.51
68.09,4.58
70.21,4.65
72.34,4.57
74.47,4.69
76.60,4.65
78.72,4.56
80.85,4.44
82.98,4.17
85.11,4.09
87.23,3.64
89.36,3.68
91.49,3.68
93.62,3.76
95.74,3.69
97.87,3.75
100.00,3.81
Tabela,2500.14
Revocação,Precisão
0.00,100.00
10.00,100.00
20.00,58.82
30.00,12.82
40.00,4.40
50.00,4.46
60.00,4.84
70.00,4.65
80.00,4.44
90.00,3.68
100.00,3.81



Consulta Num,43

Pontos
Revocação,Precisão
1.02,100.00
2.04,33.33
3.06,42.86
4.08,44.44
5.10,50.00
6.12,50.00
7.14,53.85
8.16,57.14
9.18,56.25
10.20,55.56
11.22,57.89
12.24,60.00
13.27,61.90
14.29,58.33
15.31,60.00
16.33,61.54
17.35,62.96
18.37,50.00
19.39,50.00
20.41,51.28
21.43,52.50
22.45,48.89
23.47,45.10
24.49,45.28
25.51,44.64
26.53,43.33
27.55,41.54
28.57,40.58
29.59,41.43
30.61,38.96
31.63,39.74
32.65,40.00
33.67,39.29
34.69,39.53
35.71,38.89
36.73,39.56
37.76,40.22
38.78,40.86
39.80,41.49
40.82,42.11
41.84,42.27
42.86,40.78
43.88,40.95
44.90,40.74
45.92,40.18
46.94,40.71
47.96,40.87
48.98,40.00
50.00,38.58
51.02,36.50
52.04,36.17
53.06,35.37
54.08,35.81
55.10,35.76
56.12,35.71
57.14,33.94
58.16,34.13
59.18,34.12
60.20,33.52
61.22,30.77
62.24,31.12
63.27,31.31
64.29,30.29
65.31,29.22
66.33,28.89
67.35,26.09
68.37,24.63
69.39,23.45
70.41,23.00
71.43,23.18
72.45,19.56
73.47,17.65
74.49,16.26
75.51,15.38
76.53,13.91
77.55,13.22
78.57,13.28
79.59,12.54
80.61,11.77
81.63,11.38
82.65,11.07
83.67,10.43
84.69,10.44
85.71,10.17
86.73,10.28
87.76,9.89
88.78,9.68
89.80,9.44
90.82,8.93
91.84,8.72
92.86,8.70
93.88,8.77
94.90,8.81
95.92,8.65
96.94,8.37
97.96,8.21
98.98,8.21
100.00,8.21
Tabela,3578.13
Revocação,Precisão
0.00,100.00
10.00,55.56
20.00,51.28
30.00,38.96
40.00,42.11
50.00,38.58
60.00,33.52
70.00,23.00
80.00,11.77
90.00,8.93
100.00,8.21



Consulta Num,44

Pontos
Revocação,Precisão
0.71,50.00
1.43,66.67
2.14,75.00
2.86,80.00
3.57,83.33
4.29,75.00
5.00,77.78
5.71,61.54
6.43,60.00
7.14,55.56
7.86,57.89
8.57,60.00
9.29,54.17
10.00,51.85
10.71,53.57
11.43,55.17
12.14,54.84
12.86,56.25
13.57,57.58
14.29,58.82
15.00,53.85
15.71,53.66
16.43,54.76
17.14,53.33
17.86,54.35
18.57,55.32
19.29,51.92
20.00,50.00
20.71,48.33
21.43,49.18
22.14,50.00
22.86,50.00
23.57,47.83
24.29,48.57
25.00,49.30
25.71,50.00
26.43,50.68
27.14,51.35
27.86,50.65
28.57,48.78
29.29,47.67
30.00,48.28
30.71,46.74
31.43,44.90
32.14,45.45
32.86,46.00
33.57,45.63
34.29,44.86
35.00,45.37
35.71,45.45
36.43,40.48
37.14,40.94
37.86,40.46
38.57,40.30
39.29,40.15
40.00,40.29
40.71,40.43
41.43,40.56
42.14,39.33
42.86,37.97
43.57,38.36
44.29,38.51
45.00,38.89
45.71,39.26
46.43,38.69
47.14,38.37
47.86,38.07
48.57,37.36
49.29,36.90
50.00,36.27
50.71,35.86
51.43,36.18
52.14,35.96
52.86,35.41
53.57,34.56
54.29,31.15
55.00,30.56
55.71,29.77
56.43,27.82
57.14,28.07
57.86,28.03
58.57,27.52
59.29,26.95
60.00,26.09
60.71,25.84
61.43,25.67
62.14,25.59
62.86,25.58
63.57,25.80
64.29,25.94
65.00,24.33
65.71,24.27
66.43,24.28
67.14,24.48
67.86,24.55
68.57,23.59
69.29,22.99
70.00,23.11
70.71,22.76
71.43,22.83
72.14,21.58
72.86,21.75
73.57,21.87
74.29,21.49
75.00,21.38
75.71,21.41
76.43,21.19
77.14,20.81
77.86,20.84
78.57,20.99
79.29,20.75
80.00,20.51
80.71,20.36
81.43,20.36
82.14,20.25
82.86,18.95
83.57,19.06
84.29,19.00
85.00,18.14
85.71,17.49
86.43,17.19
87.14,16.87
87.86,15.89
88.57,15.72
89.29,15.72
90.00,15.61
90.71,15.28
91.43,14.88
92.14,14.73
92.86,14.64
93.57,14.54
94.29,14.62
95.00,14.66
95.71,14.64
96.43,14.12
97.14,13.81
97.86,13.58
98.57,12.21
99.29,12.05
100.00,11.47
Tabela,3423.14
Revocação,Precisão
0.00,50.00
10.00,53.57
20.00,48.33
30.00,48.28
40.00,40.29
50.00,36.27
60.00,26.09
70.00,23.11
80.00,20.36
90.00,15.28
100.00,11.47



Consulta Num,45

Pontos
Revocação,Precisão
5.00,100.00
10.00,40.00
15.00,27.27
20.00,22.22
25.00,20.83
30.00,7.59
35.00,8.64
40.00,8.00
45.00,7.83
50.00,8.55
55.00,4.93
60.00,5.00
65.00,4.87
70.00,4.46
75.00,4.63
80.00,3.27
85.00,3.03
90.00,2.85
95.00,1.91
100.00,1.67
Tabela,1527.77
Revocação,Precisão
0.00,100.00
10.00,40.00
20.00,22.22
30.00,7.59
40.00,8.00
50.00,8.55
60.00,5.00
70.00,4.46
80.00,3.27
90.00,2.85
100.00,1.67



Consulta Num,46

Pontos
Revocação,Precisão
5.56,100.00
11.11,100.00
16.67,100.00
22.22,50.00
27.78,20.83
33.33,21.43
38.89,10.00
44.44,8.25
50.00,7.83
55.56,8.00
61.11,8.27
66.67,4.23
72.22,2.78
77.78,2.23
83.33,1.90
88.89,1.85
94.44,1.93
100.00,1.93
Tabela,2533.46
Revocação,Precisão
0.00,100.00
10.00,100.00
20.00,50.00
30.00,21.43
40.00,8.25
50.00,7.83
60.00,8.27
70.00,2.78
80.00,1.90
90.00,1.93
100.00,1.93



Consulta Num,47

Pontos
Revocação,Precisão
1.67,33.33
3.33,20.00
5.00,17.65
6.67,18.18
8.33,16.13
10.00,12.00
11.67,10.77
13.33,11.76
15.00,8.57
16.67,8.33
18.33,9.09
20.00,9.30
21.67,8.61
23.33,8.54
25.00,8.88
26.67,8.99
28.33,9.24
30.00,8.11
31.67,8.23
33.33,8.47
35.00,8.82
36.67,9.21
38.33,8.27
40.00,8.54
41.67,8.74
43.33,7.90
45.00,7.99
46.67,7.76
48.33,7.90
50.00,7.54
51.67,7.65
53.33,7.86
55.00,8.01
56.67,7.91
58.33,7.85
60.00,8.02
61.67,7.60
63.33,7.51
65.00,7.63
66.67,7.62
68.33,7.68
70.00,7.38
71.67,7.36
73.33,6.85
75.00,6.94
76.67,6.95
78.33,6.97
80.00,6.88
81.67,6.56
83.33,6.44
85.00,6.10
86.67,6.07
88.33,6.10
90.00,5.87
91.67,5.79
93.33,5.81
95.00,5.62
96.67,5.23
98.33,5.14
100.00,5.17
Tabela,925.65
Revocação,Precisão
0.00,33.33
10.00,12.00
20.00,9.30
30.00,8.11
40.00,8.54
50.00,7.65
60.00,7.60
70.00,7.36
80.00,6.88
90.00,5.87
100.00,5.17



Consulta Num,48

Pontos
Revocação,Precisão
3.33,33.33
6.67,50.00
10.00,60.00
13.33,66.67
16.67,71.43
20.00,75.00
23.33,58.33
26.67,57.14
30.00,56.25
33.33,38.46
36.67,34.38
40.00,33.33
43.33,31.71
46.67,33.33
50.00,27.27
53.33,25.00
56.67,21.79
60.00,22.50
63.33,20.65
66.67,20.20
70.00,21.00
73.33,7.75
76.67,7.67
80.00,7.77
83.33,7.20
86.67,5.19
90.00,3.96
93.33,2.85
96.67,2.70
100.00,2.76
Tabela,3062.31
Revocação,Precisão
0.00,33.33
10.00,60.00
20.00,75.00
30.00,38.46
40.00,33.33
50.00,27.27
60.00,22.50
70.00,21.00
80.00,7.77
90.00,2.85
100.00,2.76



Consulta Num,49

Pontos
Revocação,Precisão
2.78,100.00
5.56,100.00
8.33,100.00
11.11,100.00
13.89,100.00
16.67,100.00
19.44,100.00
22.22,100.00
25.00,90.00
27.78,90.91
30.56,84.62
33.33,80.00
36.11,72.22
38.89,29.17
41.67,30.00
44.44,31.37
47.22,27.87
50.00,19.78
52.78,17.76
55.56,17.70
58.33,11.86
61.11,10.73
63.89,10.90
66.67,8.73
69.44,8.99
72.22,8.47
75.00,7.36
77.78,6.76
80.56,6.24
83.33,4.76
86.11,4.74
88.89,4.86
91.67,4.10
94.44,3.37
97.22,3.43
100.00,3.27
Tabela,4155.74
Revocação,Precisão
0.00,100.00
10.00,100.00
20.00,100.00
30.00,84.62
40.00,30.00
50.00,19.78
60.00,10.73
70.00,8.47
80.00,6.24
90.00,4.10
100.00,3.27



Consulta Num,50

Pontos
Revocação,Precisão
4.00,100.00
8.00,100.00
12.00,100.00
16.00,100.00
20.00,62.50
24.00,37.50
28.00,41.18
32.00,16.33
36.00,11.25
40.00,11.36
44.00,9.65
48.00,10.17
52.00,7.60
56.00,7.29
60.00,5.84
64.00,5.25
68.00,4.24
72.00,4.38
76.00,3.96
80.00,3.44
84.00,3.09
88.00,2.84
92.00,2.45
96.00,2.15
100.00,2.03
Tabela,2649.21
Revocação,Precisão
0.00,100.00
10.00,100.00
20.00,62.50
30.00,16.33
40.00,11.36
50.00,7.60
60.00,5.84
70.00,4.38
80.00,3.44
90.00,2.45
100.00,2.03



Consulta Num,51

Pontos
Revocação,Precisão
0.41,100.00
0.83,40.00
1.24,37.50
1.66,44.44
2.07,38.46
2.49,37.50
2.90,41.18
3.32,44.44
3.73,47.37
4.15,41.67
4.56,44.00
4.98,44.44
5.39,46.43
5.81,42.42
6.22,44.12
6.64,44.44
7.05,44.74
7.47,39.13
7.88,38.78
8.30,40.00
8.71,40.38
9.13,39.29
9.54,40.35
9.96,41.38
10.37,40.98
10.79,40.00
11.20,40.30
11.62,39.44
12.03,39.73
12.45,40.00
12.86,39.74
13.28,40.00
13.69,40.24
14.11,37.78
14.52,38.46
14.94,39.13
15.35,38.95
15.77,38.38
16.18,38.24
16.60,38.46
17.01,38.68
17.43,37.84
17.84,37.39
18.26,36.07
18.67,34.62
19.09,34.59
19.50,35.07
19.92,34.53
20.33,34.75
20.75,35.21
21.16,35.66
21.58,35.62
21.99,35.81
22.41,36.24
22.82,36.67
23.24,36.13
23.65,36.54
24.07,36.94
24.48,33.71
24.90,33.71
25.31,32.80
25.73,32.98
26.14,32.14
26.56,32.32
26.97,32.66
27.39,32.84
27.80,33.00
28.22,33.17
28.63,33.33
29.05,33.65
29.46,32.87
29.88,33.18
30.29,33.49
30.71,32.89
31.12,33.19
31.54,33.19
31.95,32.91
32.37,32.50
32.78,32.24
33.20,32.13
33.61,31.27
34.02,31.06
34.44,31.09
34.85,31.00
35.27,30.04
35.68,28.96
36.10,28.52
36.51,28.76
36.93,28.71
37.34,27.11
37.76,27.08
38.17,27.14
38.59,27.27
39.00,27.49
39.42,27.62
39.83,27.83
40.25,27.64
40.66,27.84
41.08,27.73
41.49,27.62
41.91,27.37
42.32,26.84
42.74,26.75
43.15,26.67
43.57,26.79
43.98,26.77
44.40,26.75
44.81,25.84
45.23,25.23
45.64,25.35
46.06,25.28
46.47,25.06
46.89,24.89
47.30,24.62
47.72,24.78
48.13,24.84
48.55,24.89
48.96,24.95
49.38,25.11
49.79,24.54
50.21,24.69
50.62,24.85
51.04,24.85
51.45,24.70
51.87,24.41
52.28,24.51
52.70,24.66
53.11,24.76
53.53,24.86
53.94,24.95
54.36,25.10
54.77,25.24
55.19,25.38
55.60,24.68
56.02,24.82
56.43,24.95
56.85,24.95
57.26,25.05
57.68,25.14
58.09,25.18
58.51,25.09
58.92,25.18
59.34,25.31
59.75,25.35
60.17,25.44
60.58,25.52
61.00,25.48
61.41,25.21
61.83,25.17
62.24,25.17
62.66,25.25
63.07,25.00
63.49,25.12
63.90,25.08
64.32,25.04
64.73,25.00
65.15,24.92
65.56,24.92
65.98,24.61
66.39,24.65
66.80,24.54
67.22,24.43
67.63,24.55
68.05,24.66
68.46,24.66
68.88,24.67
69.29,24.63
69.71,24.38
70.12,24.46
70.54,24.11
70.95,24.08
71.37,24.19
71.78,23.86
72.20,23.90
72.61,24.01
73.03,23.98
73.44,23.79
73.86,23.48
74.27,23.43
74.69,23.08
75.10,23.18
75.52,23.01
75.93,22.90
76.35,22.94
76.76,23.01
77.18,22.93
77.59,22.89
78.01,22.95
78.42,22.91
78.84,22.86
79.25,22.87
79.67,22.61
80.08,22.55
80.50,22.58
80.91,22.60
81.33,22.69
81.74,22.70
82.16,22.53
82.57,22.41
82.99,22.32
83.40,22.38
83.82,22.47
84.23,22.51
84.65,22.49
85.06,22.07
85.48,22.10
85.89,22.09
86.31,22.06
86.72,22.00
87.14,21.99
87.55,21.60
87.97,21.65
88.38,21.67
88.80,21.68
89.21,21.52
89.63,21.51
90.04,21.59
90.46,21.41
90.87,21.41
91.29,21.36
91.70,21.21
92.12,21.26
92.53,20.59
92.95,20.53
93.36,20.42
93.78,20.49
94.19,20.49
94.61,20.54
95.02,20.58
95.44,20.65
95.85,20.64
96.27,20.55
96.68,20.53
97.10,20.60
97.51,20.54
97.93,20.19
98.34,20.08
98.76,20.08
99.17,19.67
99.59,19.72
100.00,19.45
Tabela,3153.11
Revocação,Precisão
0.00,100.00
10.00,40.98
20.00,34.75
30.00,33.49
40.00,27.64
50.00,24.69
60.00,25.44
70.00,24.46
80.00,22.55
90.00,21.59
100.00,19.45



Consulta Num,52

Pontos
Revocação,Precisão
50.00,100.00
100.00,7.41
Tabela,5833.33
Revocação,Precisão
0.00,100.00
10.00,100.00
20.00,100.00
30.00,100.00
40.00,100.00
50.00,100.00
60.00,7.41
70.00,7.41
80.00,7.41
90.00,7.41
100.00,7.41



Consulta Num,53

Pontos
Revocação,Precisão
4.35,50.00
8.70,66.67
13.04,75.00
17.39,33.33
21.74,38.46
26.09,42.86
30.43,29.17
34.78,32.00
39.13,31.03
43.48,29.41
47.83,25.58
52.17,26.67
56.52,28.26
60.87,29.79
65.22,23.44
69.57,16.49
73.91,4.45
78.26,4.60
82.61,3.87
86.96,4.07
91.30,3.20
95.65,2.73
100.00,2.77
Tabela,2663.97
Revocação,Precisão
0.00,50.00
10.00,75.00
20.00,38.46
30.00,29.17
40.00,29.41
50.00,26.67
60.00,29.79
70.00,4.45
80.00,3.87
90.00,3.20
100.00,2.77



Consulta Num,54

Pontos
Revocação,Precisão
1.61,100.00
3.23,100.00
4.84,100.00
6.45,100.00
8.06,100.00
9.68,85.71
11.29,87.50
12.90,88.89
14.52,90.00
16.13,90.91
17.74,84.62
19.35,80.00
20.97,81.25
22.58,70.00
24.19,60.00
25.81,59.26
27.42,58.62
29.03,60.00
30.65,54.29
32.26,55.56
33.87,53.85
35.48,55.00
37.10,53.49
38.71,51.06
40.32,52.08
41.94,53.06
43.55,54.00
45.16,50.91
46.77,51.79
48.39,46.88
50.00,41.89
51.61,42.11
53.23,42.86
54.84,34.00
56.45,32.41
58.06,30.51
59.68,27.21
61.29,23.17
62.90,23.08
64.52,16.60
66.13,14.80
67.74,15.05
69.35,15.36
70.97,15.12
72.58,15.20
74.19,14.11
75.81,13.54
77.42,13.04
79.03,12.66
80.65,12.82
82.26,13.04
83.87,11.82
85.48,11.88
87.10,10.21
88.71,9.87
90.32,7.10
91.94,6.06
93.55,5.96
95.16,5.85
96.77,5.13
98.39,5.15
100.00,5.07
Tabela,4279.70
Revocação,Precisão
0.00,100.00
10.00,87.50
20.00,81.25
30.00,54.29
40.00,52.08
50.00,42.11
60.00,23.17
70.00,15.12
80.00,12.82
90.00,7.10
100.00,5.07



Consulta Num,55

Pontos
Revocação,Precisão
4.17,16.67
8.33,7.14
12.50,3.80
16.67,4.65
20.83,4.50
25.00,5.08
29.17,4.49
33.33,4.85
37.50,5.08
41.67,5.38
45.83,3.43
50.00,3.48
54.17,3.07
58.33,2.85
62.50,2.21
66.67,2.22
70.83,2.03
75.00,1.88
79.17,1.98
83.33,1.99
87.50,2.01
91.67,2.06
95.83,2.12
100.00,2.00
Tabela,392.19
Revocação,Precisão
0.00,16.67
10.00,3.80
20.00,4.50
30.00,4.85
40.00,5.38
50.00,3.07
60.00,2.21
70.00,2.03
80.00,1.99
90.00,2.06
100.00,2.00



Consulta Num,56

Pontos
Revocação,Precisão
3.13,100.00
6.25,12.50
9.38,17.65
12.50,18.18
15.63,17.24
18.75,8.96
21.88,4.40
25.00,4.02
28.13,4.23
31.25,4.63
34.38,3.51
37.50,3.81
40.63,3.22
43.75,2.81
46.88,2.99
50.00,3.18
53.13,2.80
56.25,2.58
59.38,2.59
62.50,2.65
65.63,2.66
68.75,2.68
71.88,2.67
75.00,2.73
78.13,2.83
81.25,2.62
84.38,2.69
87.50,2.65
90.63,2.68
93.75,2.68
96.88,2.73
100.00,2.68
Tabela,955.75
Revocação,Precisão
0.00,100.00
10.00,18.18
20.00,4.40
30.00,4.63
40.00,3.22
50.00,3.18
60.00,2.65
70.00,2.67
80.00,2.62
90.00,2.68
100.00,2.68



Consulta Num,57

Pontos
Revocação,Precisão
1.96,100.00
3.92,100.00
5.88,100.00
7.84,100.00
9.80,100.00
11.76,54.55
13.73,58.33
15.69,61.54
17.65,64.29
19.61,62.50
21.57,57.89
23.53,60.00
25.49,56.52
27.45,58.33
29.41,60.00
31.37,61.54
33.33,62.96
35.29,54.55
37.25,48.72
39.22,50.00
41.18,48.84
43.14,48.89
45.10,50.00
47.06,50.00
49.02,51.02
50.98,52.00
52.94,50.00
54.90,47.46
56.86,42.03
58.82,40.54
60.78,41.33
62.75,42.11
64.71,42.86
66.67,41.46
68.63,28.69
70.59,28.57
72.55,28.68
74.51,26.39
76.47,26.17
78.43,22.60
80.39,20.00
82.35,18.26
84.31,18.07
86.27,15.02
88.24,12.26
90.20,10.07
92.16,6.28
94.12,4.36
96.08,4.42
98.04,4.40
100.00,4.12
Tabela,4268.46
Revocação,Precisão
0.00,100.00
10.00,54.55
20.00,57.89
30.00,61.54
40.00,48.84
50.00,52.00
60.00,41.33
70.00,28.57
80.00,20.00
90.00,10.07
100.00,4.12



Consulta Num,58

Pontos
Revocação,Precisão
1.05,100.00
2.11,66.67
3.16,60.00
4.21,50.00
5.26,45.45
6.32,40.00
7.37,43.75
8.42,47.06
9.47,50.00
10.53,52.63
11.58,52.38
12.63,52.17
13.68,52.00
14.74,51.85
15.79,53.57
16.84,55.17
17.89,56.67
18.95,50.00
20.00,50.00
21.05,50.00
22.11,45.65
23.16,46.81
24.21,46.94
25.26,47.06
26.32,47.17
27.37,48.15
28.42,48.21
29.47,48.28
30.53,49.15
31.58,43.48
32.63,39.74
33.68,38.10
34.74,37.08
35.79,35.05
36.84,35.35
37.89,35.29
38.95,35.58
40.00,36.19
41.05,36.79
42.11,34.48
43.16,34.17
44.21,34.43
45.26,34.96
46.32,31.43
47.37,30.82
48.42,28.40
49.47,27.81
50.53,26.97
51.58,27.07
52.63,25.00
53.68,25.00
54.74,22.03
55.79,21.99
56.84,21.95
57.89,21.07
58.95,19.24
60.00,19.39
61.05,19.59
62.11,18.32
63.16,16.57
64.21,16.49
65.26,16.67
66.32,15.14
67.37,14.75
68.42,14.64
69.47,13.69
70.53,13.70
71.58,13.55
72.63,13.19
73.68,12.64
74.74,11.18
75.79,10.47
76.84,10.04
77.89,9.11
78.95,8.94
80.00,8.89
81.05,8.76
82.11,8.71
83.16,8.61
84.21,8.02
85.26,8.04
86.32,8.07
87.37,8.04
88.42,8.11
89.47,8.20
90.53,8.13
91.58,8.18
92.63,8.16
93.68,8.11
94.74,8.07
95.79,8.15
96.84,8.16
97.89,8.21
98.95,8.22
100.00,8.09
Tabela,3190.90
Revocação,Precisão
0.00,100.00
10.00,52.63
20.00,50.00
30.00,49.15
40.00,36.19
50.00,26.97
60.00,19.39
70.00,13.70
80.00,8.89
90.00,8.13
100.00,8.09



Consulta Num,59

Pontos
Revocação,Precisão
0.69,50.00
1.38,66.67
2.07,50.00
2.76,28.57
3.45,27.78
4.14,24.00
4.83,26.92
5.52,24.24
6.21,25.71
6.90,24.39
7.59,23.91
8.28,18.75
8.97,16.46
9.66,15.22
10.34,14.71
11.03,14.16
11.72,14.29
12.41,14.75
13.10,14.96
13.79,14.93
14.48,15.33
15.17,14.97
15.86,15.13
16.55,15.09
17.24,14.71
17.93,15.12
18.62,15.34
19.31,14.97
20.00,15.10
20.69,15.08
21.38,15.35
22.07,15.76
22.76,16.18
23.45,16.11
24.14,16.13
24.83,15.65
25.52,15.55
26.21,14.84
26.90,15.00
27.59,15.15
28.28,13.99
28.97,13.46
29.66,13.27
30.34,13.17
31.03,13.08
31.72,12.17
32.41,12.40
33.10,12.28
33.79,12.41
34.48,12.53
35.17,12.72
35.86,12.78
36.55,12.50
37.24,12.62
37.93,12.61
38.62,12.36
39.31,12.56
40.00,12.69
40.69,12.83
41.38,13.02
42.07,13.15
42.76,13.16
43.45,12.99
44.14,13.14
44.83,13.16
45.52,13.15
46.21,13.27
46.90,13.39
47.59,13.37
48.28,13.36
48.97,13.20
49.66,13.28
50.34,13.42
51.03,13.58
51.72,13.69
52.41,13.74
53.10,13.63
53.79,13.73
54.48,13.69
55.17,13.58
55.86,12.94
56.55,12.91
57.24,12.85
57.93,12.96
58.62,12.72
59.31,12.86
60.00,12.95
60.69,12.88
61.38,12.81
62.07,12.93
62.76,12.89
63.45,12.96
64.14,12.86
64.83,12.79
65.52,12.77
66.21,12.80
66.90,12.83
67.59,12.88
68.28,12.94
68.97,12.95
69.66,12.98
70.34,12.94
71.03,13.01
71.72,12.87
72.41,12.80
73.10,12.56
73.79,12.57
74.48,12.47
75.17,12.49
75.86,12.59
76.55,12.44
77.24,12.54
77.93,12.61
78.62,12.56
79.31,12.34
80.00,12.42
80.69,12.51
81.38,12.29
82.07,12.36
82.76,12.36
83.45,12.26
84.14,12.31
84.83,12.36
85.52,12.34
86.21,12.28
86.90,12.34
87.59,12.14
88.28,12.12
88.97,12.03
89.66,11.75
90.34,11.79
91.03,11.86
91.72,11.83
92.41,11.86
93.10,11.85
93.79,11.82
94.48,11.81
95.17,11.85
95.86,11.92
96.55,11.98
97.24,12.02
97.93,11.97
98.62,11.95
Tabela,1441.96
Revocação,Precisão
0.00,50.00
10.00,14.71
20.00,15.10
30.00,13.17
40.00,12.69
50.00,13.42
60.00,12.95
70.00,12.94
80.00,12.42
90.00,11.79
100.00,0.00



Consulta Num,60

Pontos
Revocação,Precisão
2.94,5.56
5.88,6.25
8.82,2.80
11.76,3.54
14.71,4.35
17.65,5.08
20.59,5.56
23.53,5.33
26.47,5.63
29.41,5.08
32.35,5.47
35.29,5.85
38.24,6.31
41.18,5.24
44.12,5.05
47.06,5.37
50.00,5.69
52.94,5.54
55.88,5.52
58.82,5.67
61.76,5.59
64.71,5.24
67.65,4.86
70.59,4.15
73.53,3.62
76.47,3.50
79.41,3.40
82.35,3.52
85.29,3.24
88.24,3.25
91.18,3.10
94.12,2.99
97.06,2.87
100.00,2.92
Tabela,459.43
Revocação,Precisão
0.00,5.56
10.00,3.54
20.00,5.56
30.00,5.47
40.00,5.24
50.00,5.54
60.00,5.59
70.00,4.15
80.00,3.52
90.00,3.10
100.00,2.92



Consulta Num,61

Pontos
Revocação,Precisão
1.43,100.00
2.86,100.00
4.29,100.00
5.71,100.00
7.14,100.00
8.57,100.00
10.00,100.00
11.43,100.00
12.86,90.00
14.29,90.91
15.71,91.67
17.14,85.71
18.57,76.47
20.00,77.78
21.43,75.00
22.86,72.73
24.29,54.84
25.71,56.25
27.14,57.58
28.57,50.00
30.00,50.00
31.43,46.81
32.86,45.10
34.29,45.28
35.71,40.98
37.14,28.26
38.57,28.42
40.00,28.57
41.43,28.71
42.86,28.04
44.29,27.43
45.71,25.81
47.14,20.25
48.57,19.88
50.00,15.98
51.43,13.33
52.86,13.26
54.29,13.48
55.71,13.78
57.14,12.78
58.57,13.02
60.00,12.10
61.43,11.23
62.86,10.89
64.29,10.77
65.71,9.68
67.14,9.46
68.57,8.94
70.00,9.09
71.43,9.14
72.86,9.04
74.29,9.14
75.71,9.23
77.14,9.39
78.57,9.53
80.00,8.83
81.43,8.98
82.86,8.96
84.29,8.58
85.71,7.63
87.14,7.74
88.57,7.36
90.00,7.06
91.43,7.04
92.86,6.83
94.29,6.73
95.71,6.63
97.14,6.31
98.57,5.87
100.00,5.83
Tabela,3565.08
Revocação,Precisão
0.00,100.00
10.00,100.00
20.00,75.00
30.00,46.81
40.00,28.71
50.00,15.98
60.00,12.10
70.00,9.09
80.00,8.83
90.00,7.06
100.00,5.83



Consulta Num,62

Pontos
Revocação,Precisão
0.69,100.00
1.39,100.00
2.08,100.00
2.78,100.00
3.47,50.00
4.17,54.55
4.86,58.33
5.56,57.14
6.25,56.25
6.94,52.63
7.64,47.83
8.33,48.00
9.03,44.83
9.72,46.67
10.42,46.88
11.11,45.71
11.81,47.22
12.50,41.86
13.19,40.43
13.89,35.09
14.58,35.59
15.28,34.38
15.97,35.38
16.67,36.36
17.36,37.31
18.06,37.68
18.75,35.06
19.44,35.90
20.14,35.80
20.83,35.71
21.53,35.63
22.22,35.96
22.92,36.67
23.61,36.56
24.31,36.08
25.00,36.73
25.69,36.27
26.39,32.76
27.08,33.05
27.78,32.26
28.47,32.03
29.17,32.56
29.86,33.08
30.56,33.08
31.25,32.61
31.94,32.62
32.64,31.54
33.33,32.00
34.03,28.32
34.72,28.74
35.42,28.02
36.11,28.11
36.81,28.19
37.50,28.42
38.19,28.35
38.89,28.28
39.58,28.08
40.28,27.62
40.97,27.83
41.67,27.91
42.36,28.24
43.06,28.44
43.75,28.13
44.44,26.89
45.14,26.75
45.83,26.94
46.53,26.69
47.22,25.95
47.92,24.64
48.61,23.18
49.31,23.20
50.00,23.30
50.69,21.73
51.39,21.51
52.08,20.55
52.78,20.43
53.47,20.26
54.17,19.55
54.86,19.17
55.56,18.96
56.25,18.79
56.94,18.89
57.64,18.91
58.33,18.34
59.03,18.52
59.72,18.66
60.42,18.83
61.11,18.60
61.81,18.54
62.50,18.56
63.19,18.57
63.89,18.44
64.58,18.31
65.28,17.67
65.97,16.21
66.67,16.16
67.36,16.19
68.06,16.23
68.75,16.15
69.44,16.18
70.14,16.16
70.83,15.67
71.53,15.47
72.22,15.57
72.92,15.33
73.61,15.23
74.31,15.22
75.00,15.28
75.69,15.31
76.39,15.34
77.08,15.46
77.78,15.53
78.47,14.95
79.17,14.82
79.86,14.74
80.56,14.83
81.25,14.74
81.94,14.59
82.64,14.23
83.33,14.23
84.03,14.34
84.72,14.35
85.42,14.20
86.11,14.24
86.81,13.71
87.50,13.50
88.19,13.41
88.89,13.06
89.58,13.14
90.28,12.94
90.97,12.91
91.67,12.61
92.36,12.67
93.06,12.64
93.75,12.69
94.44,12.00
95.14,11.91
95.83,11.96
96.53,11.70
97.22,11.69
97.92,11.75
98.61,11.75
99.31,11.81
100.00,11.64
Tabela,2836.86
Revocação,Precisão
0.00,100.00
10.00,46.88
20.00,35.80
30.00,33.08
40.00,27.62
50.00,21.73
60.00,18.83
70.00,16.16
80.00,14.83
90.00,12.94
100.00,11.64



Consulta Num,63

Pontos
Revocação,Precisão
2.56,25.00
5.13,9.09
7.69,13.04
10.26,16.67
12.82,16.13
15.38,17.14
17.95,19.44
20.51,20.00
23.08,10.11
25.64,9.35
28.21,8.40
30.77,8.89
33.33,7.07
35.90,7.29
38.46,6.17
41.03,6.43
43.59,6.44
46.15,6.62
48.72,6.23
51.28,6.25
53.85,5.45
56.41,5.67
58.97,4.75
61.54,4.44
64.10,4.60
66.67,4.36
69.23,3.68
71.79,3.46
74.36,3.56
76.92,3.46
79.49,3.22
82.05,3.30
84.62,3.35
87.18,3.38
89.74,3.44
92.31,3.29
94.87,3.20
97.44,3.14
100.00,3.19
Tabela,868.05
Revocação,Precisão
0.00,25.00
10.00,16.67
20.00,20.00
30.00,8.89
40.00,6.43
50.00,6.25
60.00,4.44
70.00,3.46
80.00,3.30
90.00,3.29
100.00,3.19



Consulta Num,64

Pontos
Revocação,Precisão
2.00,14.29
4.00,25.00
6.00,20.00
8.00,14.29
10.00,16.67
12.00,18.18
14.00,18.42
16.00,19.51
18.00,13.43
20.00,12.35
22.00,12.50
24.00,13.48
26.00,14.29
28.00,11.67
30.00,12.20
32.00,12.12
34.00,12.32
36.00,10.98
38.00,10.73
40.00,10.64
42.00,10.77
44.00,8.27
46.00,7.64
48.00,7.19
50.00,7.12
52.00,6.30
54.00,6.25
56.00,6.42
58.00,6.58
60.00,6.04
62.00,5.98
64.00,6.12
66.00,6.30
68.00,5.71
70.00,5.41
72.00,5.50
74.00,5.64
76.00,5.71
78.00,5.52
80.00,5.63
82.00,5.69
84.00,5.43
86.00,5.05
88.00,4.69
90.00,4.62
92.00,4.65
94.00,4.72
96.00,4.23
98.00,4.05
100.00,4.11
Tabela,898.72
Revocação,Precisão
0.00,14.29
10.00,16.67
20.00,12.35
30.00,12.20
40.00,10.64
50.00,7.12
60.00,6.04
70.00,5.41
80.00,5.63
90.00,4.62
100.00,4.11



Consulta Num,65

Pontos
Revocação,Precisão
1.06,25.00
2.13,40.00
3.19,33.33
4.26,33.33
5.32,33.33
6.38,37.50
7.45,41.18
8.51,34.78
9.57,37.50
10.64,38.46
11.70,39.29
12.77,41.38
13.83,43.33
14.89,43.75
15.96,45.45
17.02,45.71
18.09,47.22
19.15,43.90
20.21,44.19
21.28,44.44
22.34,37.50
23.40,36.67
24.47,36.51
25.53,32.88
26.60,32.05
27.66,32.91
28.72,33.33
29.79,27.45
30.85,24.37
31.91,23.26
32.98,23.13
34.04,21.48
35.11,19.30
36.17,19.77
37.23,20.00
38.30,19.46
39.36,19.79
40.43,20.21
41.49,20.42
42.55,20.51
43.62,20.40
44.68,20.10
45.74,19.63
46.81,19.64
47.87,18.00
48.94,17.97
50.00,18.15
51.06,16.84
52.13,16.96
53.19,16.95
54.26,16.45
55.32,16.51
56.38,16.61
57.45,16.72
58.51,16.98
59.57,16.77
60.64,16.86
61.70,17.11
62.77,17.10
63.83,16.53
64.89,16.53
65.96,16.53
67.02,15.87
68.09,15.88
69.15,15.85
70.21,14.13
71.28,13.54
72.34,13.05
73.40,13.14
74.47,13.21
75.53,12.98
76.60,12.97
77.66,13.04
78.72,12.33
79.79,11.92
80.85,11.91
81.91,11.58
82.98,11.56
84.04,11.55
85.11,9.93
86.17,9.84
87.23,9.62
88.30,9.71
89.36,9.50
90.43,9.43
91.49,9.39
92.55,9.40
93.62,8.60
94.68,8.54
95.74,8.09
96.81,7.98
97.87,7.98
98.94,7.82
100.00,7.74
Tabela,2127.87
Revocação,Precisão
0.00,25.00
10.00,38.46
20.00,44.19
30.00,24.37
40.00,20.21
50.00,16.84
60.00,16.86
70.00,14.13
80.00,11.91
90.00,9.43
100.00,7.74



Consulta Num,66

Pontos
Revocação,Precisão
1.59,50.00
3.17,66.67
4.76,50.00
6.35,50.00
7.94,55.56
9.52,60.00
11.11,50.00
12.70,53.33
14.29,45.00
15.87,35.71
17.46,36.67
19.05,36.36
20.63,32.50
22.22,24.56
23.81,25.00
25.40,26.23
26.98,16.83
28.57,17.65
30.16,18.27
31.75,18.18
33.33,14.89
34.92,14.86
36.51,15.23
38.10,14.63
39.68,15.15
41.27,13.61
42.86,14.06
44.44,13.33
46.03,13.62
47.62,13.70
49.21,13.60
50.79,12.96
52.38,12.55
53.97,12.32
55.56,12.24
57.14,11.36
58.73,10.63
60.32,9.67
61.90,9.18
63.49,6.92
65.08,6.59
66.67,5.99
68.25,5.96
69.84,6.01
71.43,5.86
73.02,5.91
74.60,5.98
76.19,5.87
77.78,5.88
79.37,5.90
80.95,5.76
82.54,5.49
84.13,5.55
85.71,5.63
87.30,5.65
88.89,5.63
90.48,5.50
92.06,5.23
93.65,5.19
95.24,5.25
96.83,5.18
98.41,5.14
100.00,5.09
Tabela,1816.65
Revocação,Precisão
0.00,50.00
10.00,50.00
20.00,32.50
30.00,18.27
40.00,13.61
50.00,12.96
60.00,9.67
70.00,5.86
80.00,5.76
90.00,5.50
100.00,5.09



Consulta Num,67

Pontos
Revocação,Precisão
7.14,25.00
14.29,13.33
21.43,17.65
28.57,21.05
35.71,19.23
42.86,18.75
50.00,10.29
57.14,7.34
64.29,6.16
71.43,2.02
78.57,1.20
85.71,1.17
92.86,1.16
100.00,1.21
Tabela,1028.67
Revocação,Precisão
0.00,25.00
10.00,13.33
20.00,17.65
30.00,19.23
40.00,18.75
50.00,10.29
60.00,6.16
70.00,2.02
80.00,1.17
90.00,1.16
100.00,1.21



Consulta Num,68

Pontos
Revocação,Precisão
2.22,50.00
4.44,5.71
6.67,6.82
8.89,5.41
11.11,3.50
13.33,3.41
15.56,3.74
17.78,4.15
20.00,4.25
22.22,4.61
24.44,4.74
26.67,4.96
28.89,5.24
31.11,5.62
33.33,6.00
35.56,6.23
37.78,5.96
40.00,4.86
42.22,5.05
44.44,4.80
46.67,4.83
48.89,4.99
51.11,5.17
53.33,5.36
55.56,5.54
57.78,5.75
60.00,5.73
62.22,5.80
64.44,5.91
66.67,5.62
68.89,5.75
71.11,5.26
73.33,4.56
75.56,4.52
77.78,4.63
80.00,4.58
82.22,4.67
84.44,4.57
86.67,4.64
88.89,4.41
91.11,4.48
93.33,4.44
95.56,3.80
97.78,3.78
100.00,3.72
Tabela,709.23
Revocação,Precisão
0.00,50.00
10.00,3.50
20.00,4.61
30.00,5.62
40.00,5.05
50.00,5.17
60.00,5.80
70.00,5.26
80.00,4.58
90.00,4.48
100.00,3.72



Consulta Num,69

Pontos
Revocação,Precisão
6.67,100.00
13.33,66.67
20.00,75.00
26.67,40.00
33.33,21.74
40.00,25.00
46.67,11.86
53.33,13.33
60.00,2.49
66.67,2.72
73.33,2.52
80.00,1.98
86.67,1.66
93.33,1.76
100.00,1.34
Tabela,2613.95
Revocação,Precisão
0.00,100.00
10.00,66.67
20.00,75.00
30.00,21.74
40.00,25.00
50.00,13.33
60.00,2.72
70.00,2.52
80.00,1.98
90.00,1.76
100.00,1.34



Consulta Num,70

Pontos
Revocação,Precisão
5.88,100.00
11.76,66.67
17.65,60.00
23.53,57.14
29.41,62.50
35.29,40.00
41.18,41.18
47.06,34.78
52.94,31.03
58.82,29.41
64.71,18.97
70.59,14.63
76.47,15.66
82.35,3.57
88.24,2.86
94.12,2.34
100.00,2.11
Tabela,3265.85
Revocação,Precisão
0.00,100.00
10.00,66.67
20.00,57.14
30.00,40.00
40.00,41.18
50.00,31.03
60.00,18.97
70.00,14.63
80.00,3.57
90.00,2.34
100.00,2.11



Consulta Num,71

Pontos
Revocação,Precisão
16.67,100.00
33.33,100.00
50.00,60.00
66.67,5.71
83.33,3.62
100.00,0.51
Tabela,4837.18
Revocação,Precisão
0.00,100.00
10.00,100.00
20.00,100.00
30.00,100.00
40.00,60.00
50.00,60.00
60.00,5.71
70.00,3.62
80.00,3.62
90.00,0.51
100.00,0.51



Consulta Num,72

Pontos
Revocação,Precisão
7.69,50.00
15.38,66.67
23.08,75.00
30.77,80.00
38.46,62.50
46.15,54.55
53.85,50.00
61.54,36.36
69.23,9.57
76.92,8.62
84.62,5.56
92.31,4.15
100.00,3.41
Tabela,4076.10
Revocação,Precisão
0.00,50.00
10.00,66.67
20.00,75.00
30.00,80.00
40.00,54.55
50.00,50.00
60.00,36.36
70.00,8.62
80.00,5.56
90.00,4.15
100.00,3.41



Consulta Num,73

Pontos
Revocação,Precisão
5.56,100.00
11.11,100.00
16.67,75.00
22.22,57.14
27.78,38.46
33.33,40.00
38.89,43.75
44.44,42.11
50.00,40.91
55.56,27.03
61.11,22.92
66.67,20.69
72.22,14.29
77.78,3.41
83.33,2.54
88.89,2.05
94.44,1.62
Tabela,3715.21
Revocação,Precisão
0.00,100.00
10.00,100.00
20.00,57.14
30.00,40.00
40.00,42.11
50.00,40.91
60.00,22.92
70.00,14.29
80.00,2.54
90.00,1.62
100.00,0.00



Consulta Num,74

Pontos
Revocação,Precisão
14.29,100.00
28.57,50.00
42.86,9.09
57.14,0.90
71.43,0.90
85.71,0.93
100.00,0.59
Tabela,2227.07
Revocação,Precisão
0.00,100.00
10.00,100.00
20.00,50.00
30.00,9.09
40.00,9.09
50.00,0.90
60.00,0.90
70.00,0.90
80.00,0.93
90.00,0.59
100.00,0.59



Consulta Num,75

Pontos
Revocação,Precisão
4.76,50.00
9.52,66.67
14.29,75.00
19.05,57.14
23.81,62.50
28.57,66.67
33.33,63.64
38.10,61.54
42.86,64.29
47.62,62.50
52.38,33.33
57.14,30.77
61.90,12.62
66.67,9.52
71.43,5.66
76.19,4.19
80.95,3.26
85.71,2.51
90.48,2.54
95.24,1.92
100.00,1.77
Tabela,3487.23
Revocação,Precisão
0.00,50.00
10.00,75.00
20.00,62.50
30.00,63.64
40.00,64.29
50.00,33.33
60.00,12.62
70.00,5.66
80.00,3.26
90.00,2.54
100.00,1.77



Consulta Num,76

Pontos
Revocação,Precisão
5.88,100.00
11.76,100.00
17.65,75.00
23.53,40.00
29.41,17.86
35.29,13.04
41.18,2.67
47.06,2.17
52.94,2.07
58.82,2.29
64.71,2.14
70.59,1.74
76.47,1.71
82.35,1.81
88.24,1.90
94.12,1.85
100.00,1.70
Tabela,2161.70
Revocação,Precisão
0.00,100.00
10.00,100.00
20.00,40.00
30.00,13.04
40.00,2.67
50.00,2.07
60.00,2.14
70.00,1.74
80.00,1.81
90.00,1.85
100.00,1.70



Consulta Num,77

Pontos
Revocação,Precisão
1.22,100.00
2.44,33.33
3.66,14.29
4.88,12.90
6.10,14.29
7.32,12.77
8.54,12.96
9.76,12.12
10.98,13.04
12.20,13.89
13.41,13.25
14.63,12.90
15.85,13.13
17.07,14.00
18.29,14.42
19.51,14.29
20.73,13.71
21.95,13.33
23.17,13.87
24.39,14.29
25.61,14.48
26.83,15.07
28.05,13.94
29.27,14.46
30.49,14.20
31.71,13.98
32.93,13.92
34.15,13.40
35.37,13.18
36.59,13.45
37.80,10.03
39.02,9.88
40.24,9.22
41.46,9.32
42.68,9.38
43.90,9.60
45.12,9.74
46.34,9.31
47.56,9.51
48.78,9.57
50.00,9.32
51.22,9.17
52.44,8.78
53.66,8.70
54.88,8.81
56.10,8.85
57.32,8.45
58.54,8.42
59.76,8.39
60.98,8.35
62.20,8.46
63.41,8.55
64.63,8.67
65.85,8.81
67.07,8.83
68.29,8.93
69.51,8.58
70.73,8.59
71.95,8.44
73.17,8.47
74.39,8.52
75.61,8.54
76.83,7.72
78.05,7.31
79.27,6.77
80.49,6.87
81.71,6.74
82.93,6.73
84.15,6.80
85.37,6.83
86.59,6.76
87.80,6.67
89.02,6.62
90.24,6.64
91.46,6.71
92.68,6.44
93.90,6.48
95.12,6.44
96.34,6.52
97.56,6.51
98.78,6.55
Tabela,1397.96
Revocação,Precisão
0.00,100.00
10.00,13.04
20.00,13.71
30.00,14.20
40.00,9.22
50.00,9.17
60.00,8.35
70.00,8.59
80.00,6.87
90.00,6.64
100.00,0.00



Consulta Num,78

Pontos
Revocação,Precisão
1.30,20.00
2.60,25.00
3.90,21.43
5.19,17.39
6.49,20.83
7.79,22.22
9.09,18.92
10.39,17.02
11.69,18.75
12.99,17.54
14.29,18.64
15.58,18.46
16.88,17.33
18.18,17.72
19.48,18.75
20.78,16.00
22.08,15.60
23.38,15.25
24.68,15.32
25.97,15.63
27.27,15.91
28.57,13.17
29.87,13.22
31.17,13.71
32.47,13.51
33.77,13.98
35.06,14.44
36.36,14.43
37.66,13.36
38.96,12.66
40.26,11.31
41.56,11.19
42.86,11.07
44.16,11.33
45.45,10.57
46.75,10.26
48.05,9.59
49.35,9.34
50.65,9.13
51.95,9.17
53.25,8.89
54.55,8.96
55.84,8.45
57.14,8.43
58.44,8.51
59.74,8.65
61.04,8.56
62.34,8.57
63.64,8.67
64.94,8.82
66.23,8.90
67.53,8.68
68.83,8.80
70.13,8.88
71.43,8.70
72.73,8.74
74.03,8.82
75.32,8.84
76.62,8.69
77.92,8.82
79.22,8.64
80.52,8.77
81.82,8.70
83.12,8.33
84.42,7.67
85.71,7.73
87.01,7.84
88.31,7.67
89.61,7.30
90.91,6.83
92.21,6.89
93.51,6.72
94.81,6.79
96.10,6.75
97.40,6.76
98.70,6.31
100.00,6.37
Tabela,1134.09
Revocação,Precisão
0.00,20.00
10.00,17.02
20.00,16.00
30.00,13.71
40.00,11.31
50.00,9.13
60.00,8.56
70.00,8.88
80.00,8.77
90.00,6.83
100.00,6.37



Consulta Num,79

Pontos
Revocação,Precisão
2.33,100.00
4.65,50.00
6.98,27.27
9.30,30.77
11.63,29.41
13.95,27.27
16.28,26.92
18.60,28.57
20.93,29.03
23.26,17.86
25.58,15.71
27.91,16.00
30.23,14.94
32.56,15.05
34.88,13.76
37.21,13.45
39.53,14.17
41.86,14.88
44.19,14.96
46.51,15.38
48.84,12.80
51.16,13.25
53.49,13.53
55.81,13.79
58.14,14.04
60.47,7.37
62.79,6.89
65.12,6.91
67.44,6.70
69.77,5.59
72.09,5.57
74.42,4.93
76.74,4.95
79.07,5.07
81.40,5.01
83.72,4.81
86.05,4.71
88.37,4.73
90.70,3.80
93.02,3.88
95.35,3.47
97.67,3.54
100.00,3.54
Tabela,1750.31
Revocação,Precisão
0.00,100.00
10.00,29.41
20.00,29.03
30.00,14.94
40.00,14.88
50.00,13.25
60.00,7.37
70.00,5.57
80.00,5.01
90.00,3.80
100.00,3.54



Consulta Num,80

Pontos
Revocação,Precisão
2.94,100.00
5.88,28.57
8.82,37.50
11.76,40.00
14.71,38.46
17.65,40.00
20.59,43.75
23.53,34.78
26.47,32.14
29.41,33.33
32.35,30.56
35.29,30.00
38.24,30.23
41.18,26.42
44.12,23.81
47.06,23.88
50.00,22.67
52.94,18.75
55.88,10.98
58.82,10.36
61.76,10.71
64.71,10.78
67.65,8.39
70.59,8.63
73.53,6.93
76.47,6.95
79.41,7.14
82.35,5.61
85.29,4.80
88.24,4.72
91.18,4.55
94.12,3.60
97.06,3.63
100.00,2.77
Tabela,2403.66
Revocação,Precisão
0.00,100.00
10.00,40.00
20.00,43.75
30.00,30.56
40.00,26.42
50.00,18.75
60.00,10.71
70.00,8.63
80.00,5.61
90.00,4.55
100.00,2.77



Consulta Num,81

Pontos
Revocação,Precisão
3.57,100.00
7.14,100.00
10.71,75.00
14.29,66.67
17.86,38.46
21.43,35.29
25.00,30.43
28.57,30.77
32.14,27.27
35.71,17.24
39.29,15.49
42.86,16.00
46.43,16.25
50.00,15.22
53.57,5.93
57.14,3.77
60.71,3.58
64.29,3.72
67.86,3.63
71.43,3.78
75.00,3.95
78.57,3.89
82.14,3.89
85.71,4.00
89.29,3.14
92.86,3.24
96.43,2.71
100.00,2.64
Tabela,2252.98
Revocação,Precisão
0.00,100.00
10.00,75.00
20.00,35.29
30.00,27.27
40.00,16.00
50.00,5.93
60.00,3.58
70.00,3.78
80.00,3.89
90.00,3.24
100.00,2.64



Consulta Num,82

Pontos
Revocação,Precisão
1.61,100.00
3.23,100.00
4.84,100.00
6.45,66.67
8.06,55.56
9.68,18.18
11.29,18.92
12.90,17.78
14.52,18.37
16.13,18.18
17.74,19.30
19.35,20.69
20.97,18.06
22.58,18.92
24.19,19.48
25.81,20.51
27.42,21.25
29.03,18.95
30.65,15.83
32.26,15.87
33.87,15.44
35.48,14.97
37.10,15.33
38.71,15.89
40.32,16.13
41.94,15.95
43.55,16.17
45.16,16.18
46.77,15.18
48.39,14.08
50.00,11.57
51.61,11.90
53.23,11.96
54.84,11.49
56.45,10.26
58.06,10.40
59.68,10.54
61.29,9.38
62.90,9.35
64.52,8.99
66.13,8.97
67.74,8.66
69.35,8.76
70.97,8.13
72.58,8.21
74.19,8.35
75.81,8.19
77.42,7.49
79.03,7.38
80.65,7.26
82.26,7.30
83.87,7.14
85.48,7.13
87.10,7.18
88.71,7.12
90.32,6.52
91.94,6.40
93.55,6.47
95.16,6.43
96.77,6.20
98.39,5.96
100.00,5.10
Tabela,1646.74
Revocação,Precisão
0.00,100.00
10.00,18.92
20.00,18.06
30.00,15.83
40.00,16.13
50.00,11.90
60.00,9.38
70.00,8.13
80.00,7.26
90.00,6.52
100.00,5.10



Consulta Num,83

Pontos
Revocação,Precisão
3.13,100.00
6.25,100.00
9.38,30.00
12.50,36.36
15.63,29.41
18.75,31.58
21.88,35.00
25.00,38.10
28.13,37.50
31.25,32.26
34.38,32.35
37.50,29.27
40.63,29.55
43.75,31.11
46.88,32.61
50.00,21.05
53.13,21.79
56.25,20.00
59.38,19.59
62.50,10.42
65.63,8.68
68.75,8.46
71.88,7.30
75.00,7.27
78.13,5.91
81.25,5.71
84.38,5.60
87.50,5.31
90.63,4.22
93.75,4.07
96.88,3.33
100.00,3.33
Tabela,2335.40
Revocação,Precisão
0.00,100.00
10.00,36.36
20.00,35.00
30.00,32.26
40.00,29.55
50.00,21.05
60.00,10.42
70.00,7.30
80.00,5.71
90.00,4.22
100.00,3.33



Consulta Num,84

Pontos
Revocação,Precisão
6.25,100.00
12.50,66.67
18.75,75.00
25.00,80.00
31.25,83.33
37.50,85.71
43.75,70.00
50.00,61.54
56.25,32.14
62.50,32.26
68.75,22.92
75.00,18.75
81.25,3.46
87.50,2.11
93.75,2.07
100.00,1.70
Tabela,4689.25
Revocação,Precisão
0.00,100.00
10.00,66.67
20.00,80.00
30.00,83.33
40.00,70.00
50.00,61.54
60.00,32.26
70.00,18.75
80.00,3.46
90.00,2.07
100.00,1.70



Consulta Num,85

Pontos
Revocação,Precisão
3.23,16.67
6.45,12.50
9.68,12.00
12.90,12.12
16.13,9.62
19.35,7.14
22.58,7.95
25.81,8.08
29.03,6.87
32.26,7.14
35.48,6.96
38.71,7.02
41.94,6.28
45.16,5.81
48.39,6.15
51.61,6.50
54.84,5.80
58.06,4.93
61.29,3.75
64.52,3.53
67.74,3.20
70.97,3.31
74.19,3.01
77.42,3.05
80.65,3.12
83.87,3.16
87.10,2.98
90.32,2.96
93.55,2.96
96.77,2.62
Tabela,614.70
Revocação,Precisão
0.00,16.67
10.00,12.12
20.00,7.95
30.00,7.14
40.00,6.28
50.00,6.50
60.00,3.75
70.00,3.31
80.00,3.12
90.00,2.96
100.00,0.00



Consulta Num,86

Pontos
Revocação,Precisão
2.13,33.33
4.26,50.00
6.38,60.00
8.51,44.44
10.64,45.45
12.77,50.00
14.89,50.00
17.02,44.44
19.15,47.37
21.28,50.00
23.40,45.83
25.53,48.00
27.66,40.63
29.79,37.84
31.91,34.09
34.04,32.65
36.17,32.69
38.30,29.51
40.43,30.16
42.55,29.41
44.68,30.43
46.81,30.99
48.94,31.51
51.06,30.38
53.19,26.32
55.32,24.30
57.45,23.48
59.57,19.72
61.70,18.71
63.83,17.75
65.96,15.12
68.09,14.88
70.21,14.10
72.34,10.63
74.47,10.32
76.60,9.94
78.72,9.05
80.85,8.80
82.98,7.53
85.11,6.76
87.23,6.15
89.36,6.20
91.49,6.25
93.62,5.15
95.74,4.92
97.87,4.25
100.00,4.03
Tabela,2566.26
Revocação,Precisão
0.00,33.33
10.00,45.45
20.00,50.00
30.00,34.09
40.00,30.16
50.00,30.38
60.00,18.71
70.00,14.10
80.00,8.80
90.00,6.25
100.00,4.03



Consulta Num,87

Pontos
Revocação,Precisão
2.63,16.67
5.26,28.57
7.89,15.79
10.53,12.50
13.16,14.29
15.79,14.63
18.42,16.28
21.05,9.52
23.68,7.96
26.32,8.62
28.95,8.87
31.58,8.76
34.21,9.29
36.84,6.54
39.47,5.79
42.11,5.97
44.74,5.54
47.37,5.13
50.00,5.32
52.63,4.90
55.26,4.92
57.89,5.03
60.53,5.05
63.16,4.90
65.79,4.94
68.42,3.73
71.05,3.85
73.68,3.95
76.32,4.03
78.95,4.16
81.58,4.29
84.21,4.10
86.84,3.41
89.47,3.43
92.11,3.24
94.74,3.30
97.37,3.02
100.00,3.07
Tabela,683.78
Revocação,Precisão
0.00,16.67
10.00,12.50
20.00,9.52
30.00,8.76
40.00,5.97
50.00,5.32
60.00,5.05
70.00,3.85
80.00,4.29
90.00,3.24
100.00,3.07



Consulta Num,88

Pontos
Revocação,Precisão
7.14,100.00
14.29,28.57
21.43,37.50
28.57,14.29
35.71,10.00
42.86,5.08
50.00,5.22
57.14,2.13
64.29,1.75
71.43,1.34
78.57,1.47
85.71,1.38
92.86,1.33
100.00,1.27
Tabela,1428.16
Revocação,Precisão
0.00,100.00
10.00,28.57
20.00,37.50
30.00,10.00
40.00,5.08
50.00,5.22
60.00,1.75
70.00,1.34
80.00,1.38
90.00,1.33
100.00,1.27



Consulta Num,89

Pontos
Revocação,Precisão
5.88,100.00
11.76,100.00
17.65,75.00
23.53,80.00
29.41,83.33
35.29,75.00
41.18,58.33
47.06,61.54
52.94,37.50
58.82,30.30
64.71,24.44
70.59,21.05
76.47,20.97
82.35,21.21
88.24,6.44
94.12,4.75
100.00,4.29
Tabela,4744.37
Revocação,Precisão
0.00,100.00
10.00,100.00
20.00,80.00
30.00,75.00
40.00,58.33
50.00,37.50
60.00,24.44
70.00,21.05
80.00,21.21
90.00,4.75
100.00,4.29



Consulta Num,90

Pontos
Revocação,Precisão
3.57,100.00
7.14,100.00
10.71,100.00
14.29,100.00
17.86,100.00
21.43,100.00
25.00,100.00
28.57,100.00
32.14,90.00
35.71,90.91
39.29,91.67
42.86,92.31
46.43,92.86
50.00,82.35
53.57,68.18
57.14,66.67
60.71,38.64
64.29,38.30
67.86,37.25
71.43,35.09
75.00,32.81
78.57,27.85
82.14,28.75
85.71,21.24
89.29,19.23
92.86,14.36
96.43,8.46
100.00,2.52
Tabela,6185.89
Revocação,Precisão
0.00,100.00
10.00,100.00
20.00,100.00
30.00,90.00
40.00,92.31
50.00,68.18
60.00,38.64
70.00,35.09
80.00,28.75
90.00,14.36
100.00,2.52



Consulta Num,91

Pontos
Revocação,Precisão
0.33,50.00
0.66,66.67
0.99,75.00
1.32,80.00
1.64,83.33
1.97,66.67
2.30,63.64
2.63,66.67
2.96,64.29
3.29,58.82
3.62,61.11
3.95,57.14
4.28,56.52
4.61,50.00
4.93,39.47
5.26,40.00
5.59,38.64
5.92,39.13
6.25,38.78
6.58,40.00
6.91,38.89
7.24,36.67
7.57,35.94
7.89,35.82
8.22,36.23
8.55,37.14
8.88,36.99
9.21,37.33
9.54,36.71
9.87,36.59
10.20,36.47
10.53,35.96
10.86,35.48
11.18,35.79
11.51,36.08
11.84,32.73
12.17,32.17
12.50,32.20
12.83,32.50
13.16,32.52
13.49,31.06
13.82,29.37
14.14,29.45
14.47,29.73
14.80,30.00
15.13,30.07
15.46,30.52
15.79,30.97
16.12,29.70
16.45,30.12
16.78,30.54
17.11,30.23
17.43,30.29
17.76,30.00
18.09,30.39
18.42,29.32
18.75,29.38
19.08,29.44
19.41,29.50
19.74,29.56
20.07,29.61
20.39,29.81
20.72,30.14
21.05,29.49
21.38,29.28
21.71,28.95
22.04,29.26
22.37,29.06
22.70,29.36
23.03,29.54
23.36,28.98
23.68,28.92
24.01,29.20
24.34,28.91
24.67,29.18
25.00,29.46
25.33,29.62
25.66,28.89
25.99,27.62
26.32,27.68
26.64,27.84
26.97,28.08
27.30,28.23
27.63,28.47
27.96,28.62
28.29,28.76
28.62,28.52
28.95,28.76
29.28,28.99
29.61,29.13
29.93,28.80
30.26,28.66
30.59,28.62
30.92,26.93
31.25,26.46
31.58,26.59
31.91,26.36
32.24,26.49
32.57,26.05
32.89,25.91
33.22,26.10
33.55,26.29
33.88,26.48
34.21,26.60
34.54,26.79
34.87,26.43
35.20,26.62
35.53,26.73
35.86,26.46
36.18,26.13
36.51,26.00
36.84,26.11
37.17,26.28
37.50,25.33
37.83,25.50
38.16,25.66
38.49,25.43
38.82,25.54
39.14,25.54
39.47,25.59
39.80,25.64
40.13,25.63
40.46,25.57
40.79,24.65
41.12,24.75
41.45,24.80
41.78,24.95
42.11,25.00
42.43,24.90
42.76,25.00
43.09,25.10
43.42,24.91
43.75,24.86
44.08,24.91
44.41,25.00
44.74,25.09
45.07,25.14
45.39,25.23
45.72,25.32
46.05,25.32
46.38,25.45
46.71,25.40
47.04,25.40
47.37,25.31
47.70,25.39
48.03,25.39
48.36,25.26
48.68,25.39
49.01,25.47
49.34,25.13
49.67,25.25
50.00,25.38
50.33,25.33
50.66,25.45
50.99,25.54
51.32,25.66
51.64,25.65
51.97,25.44
52.30,25.48
52.63,25.52
52.96,25.31
53.29,25.31
53.62,25.15
53.95,25.11
54.28,24.96
54.61,24.89
54.93,25.00
55.26,25.04
55.59,24.71
55.92,24.82
56.25,24.93
56.58,25.00
56.91,25.11
57.24,25.22
57.57,25.00
57.89,25.11
58.22,25.21
58.55,24.90
58.88,24.97
59.21,25.07
59.54,25.10
59.87,24.97
60.20,24.93
60.53,24.97
60.86,24.47
61.18,24.31
61.51,24.25
61.84,24.29
62.17,24.36
62.50,24.42
62.83,24.49
63.16,24.58
63.49,24.68
63.82,24.56
64.14,24.62
64.47,24.69
64.80,24.56
65.13,24.54
65.46,24.42
65.79,24.21
66.12,24.30
66.45,24.31
66.78,24.34
67.11,24.40
67.43,24.46
67.76,24.47
68.09,24.41
68.42,24.10
68.75,23.97
69.08,24.03
69.41,24.00
69.74,24.01
70.07,24.07
70.39,23.99
70.72,24.08
71.05,24.08
71.38,24.06
71.71,24.06
72.04,24.09
72.37,24.18
72.70,24.26
73.03,24.32
73.36,24.27
73.68,24.19
74.01,24.27
74.34,24.25
74.67,24.30
75.00,24.31
75.33,23.98
75.66,24.01
75.99,23.99
76.32,24.04
76.64,24.12
76.97,24.15
77.30,24.20
77.63,24.28
77.96,24.36
78.29,24.41
78.62,24.49
78.95,24.44
79.28,24.42
79.61,24.44
79.93,24.47
80.26,24.50
80.59,24.55
80.92,24.31
81.25,24.33
81.58,24.36
81.91,24.36
82.24,24.27
82.57,24.25
82.89,24.30
83.22,24.26
83.55,24.14
83.88,24.15
84.21,24.22
84.54,24.29
84.87,24.32
85.20,24.30
85.53,24.32
85.86,24.39
86.18,24.19
86.51,24.26
86.84,24.24
87.17,24.29
87.50,24.29
87.83,24.34
88.16,24.39
88.49,24.41
88.82,24.35
89.14,24.39
89.47,24.46
89.80,24.35
90.13,24.42
90.46,24.42
90.79,24.45
91.12,24.49
91.45,24.54
91.78,24.47
92.11,24.50
92.43,24.39
92.76,24.44
93.09,24.48
93.42,24.50
93.75,24.51
94.08,24.47
94.41,24.30
94.74,24.30
95.07,24.37
95.39,24.41
95.72,24.31
96.05,24.25
96.38,24.23
96.71,24.28
97.04,24.34
97.37,24.34
97.70,24.40
98.03,24.37
98.36,24.37
98.68,24.43
99.01,24.49
99.34,24.53
99.67,24.59
100.00,24.56
Tabela,2809.45
Revocação,Precisão
0.00,50.00
10.00,36.47
20.00,29.61
30.00,28.66
40.00,25.63
50.00,25.38
60.00,24.93
70.00,24.07
80.00,24.50
90.00,24.42
100.00,24.56



Consulta Num,92

Pontos
Revocação,Precisão
0.93,100.00
1.85,100.00
2.78,100.00
3.70,100.00
4.63,100.00
5.56,100.00
6.48,100.00
7.41,100.00
8.33,100.00
9.26,100.00
10.19,100.00
11.11,85.71
12.04,76.47
12.96,77.78
13.89,78.95
14.81,72.73
15.74,65.38
16.67,62.07
17.59,59.38
18.52,60.61
19.44,61.76
20.37,59.46
21.30,60.53
22.22,61.54
23.15,60.98
24.07,61.90
25.00,62.79
25.93,62.22
26.85,63.04
27.78,63.83
28.70,60.78
29.63,61.54
30.56,45.21
31.48,41.98
32.41,38.46
33.33,39.13
34.26,34.26
35.19,31.93
36.11,30.71
37.04,23.53
37.96,23.84
38.89,23.86
39.81,22.75
40.74,22.11
41.67,21.74
42.59,21.90
43.52,21.76
44.44,21.43
45.37,21.78
46.30,21.10
47.22,21.16
48.15,20.80
49.07,20.95
50.00,19.15
50.93,17.92
51.85,18.06
52.78,16.67
53.70,15.30
54.63,15.01
55.56,14.78
56.48,14.49
57.41,13.63
58.33,13.82
59.26,13.56
60.19,13.66
61.11,13.47
62.04,13.24
62.96,13.31
63.89,13.04
64.81,13.08
65.74,12.68
66.67,12.77
67.59,12.72
68.52,12.71
69.44,12.76
70.37,12.79
71.30,12.52
72.22,12.66
73.15,12.54
74.07,12.25
75.00,11.76
75.93,11.37
76.85,11.31
77.78,11.19
78.70,10.98
79.63,10.49
80.56,9.92
81.48,9.76
82.41,9.74
83.33,9.72
84.26,9.82
85.19,9.80
86.11,9.84
87.04,9.62
87.96,9.70
88.89,9.76
89.81,9.78
90.74,9.77
91.67,9.26
92.59,9.29
93.52,9.34
94.44,9.36
95.37,9.15
96.30,9.08
97.22,8.96
98.15,8.92
99.07,8.94
100.00,8.95
Tabela,3453.06
Revocação,Precisão
0.00,100.00
10.00,100.00
20.00,59.46
30.00,45.21
40.00,22.11
50.00,17.92
60.00,13.66
70.00,12.79
80.00,9.92
90.00,9.77
100.00,8.95



Consulta Num,93

Pontos
Revocação,Precisão
5.56,0.74
11.11,1.16
16.67,1.33
22.22,1.58
27.78,1.65
33.33,1.51
38.89,1.42
44.44,1.32
50.00,1.48
55.56,1.62
61.11,1.71
66.67,1.81
72.22,1.60
77.78,1.53
83.33,1.58
88.89,1.56
Tabela,123.20
Revocação,Precisão
0.00,0.74
10.00,1.16
20.00,1.58
30.00,1.51
40.00,1.32
50.00,1.48
60.00,1.71
70.00,1.60
80.00,1.58
90.00,0.00
100.00,0.00



Consulta Num,94

Pontos
Revocação,Precisão
2.33,100.00
4.65,33.33
6.98,37.50
9.30,30.77
11.63,35.71
13.95,37.50
16.28,33.33
18.60,36.36
20.93,37.50
23.26,38.46
25.58,33.33
27.91,32.43
30.23,32.50
32.56,30.43
34.88,28.30
37.21,27.59
39.53,17.89
41.86,15.38
44.19,15.20
46.51,10.47
48.84,9.21
51.16,8.27
53.49,7.82
55.81,7.95
58.14,7.25
60.47,7.30
62.79,6.80
65.12,5.49
67.44,5.66
69.77,5.51
72.09,5.60
74.42,5.12
76.74,4.93
79.07,4.70
81.40,4.26
83.72,4.33
86.05,4.40
88.37,4.26
90.70,4.34
93.02,4.26
95.35,4.32
97.67,4.24
Tabela,2008.70
Revocação,Precisão
0.00,100.00
10.00,35.71
20.00,37.50
30.00,32.50
40.00,15.38
50.00,8.27
60.00,7.30
70.00,5.60
80.00,4.26
90.00,4.34
100.00,0.00



Consulta Num,95

Pontos
Revocação,Precisão
11.11,100.00
22.22,100.00
33.33,27.27
44.44,3.54
55.56,0.69
66.67,0.66
77.78,0.70
88.89,0.73
100.00,0.78
Tabela,2847.60
Revocação,Precisão
0.00,100.00
10.00,100.00
20.00,100.00
30.00,27.27
40.00,3.54
50.00,0.69
60.00,0.66
70.00,0.70
80.00,0.73
90.00,0.78
100.00,0.78



Consulta Num,96

Pontos
Revocação,Precisão
8.33,100.00
16.67,50.00
25.00,50.00
33.33,57.14
41.67,8.06
50.00,8.22
58.33,4.24
66.67,3.00
75.00,2.30
83.33,2.23
91.67,2.03
100.00,1.19
Tabela,2335.71
Revocação,Precisão
0.00,100.00
10.00,50.00
20.00,50.00
30.00,57.14
40.00,8.06
50.00,8.22
60.00,3.00
70.00,2.30
80.00,2.23
90.00,2.03
100.00,1.19



Consulta Num,97

Pontos
Revocação,Precisão
9.09,100.00
18.18,33.33
27.27,37.50
36.36,44.44
45.45,38.46
54.55,30.00
63.64,25.00
72.73,8.42
81.82,4.95
90.91,1.77
100.00,1.19
Tabela,2744.70
Revocação,Precisão
0.00,100.00
10.00,33.33
20.00,37.50
30.00,44.44
40.00,38.46
50.00,30.00
60.00,25.00
70.00,8.42
80.00,4.95
90.00,1.77
100.00,1.19



Consulta Num,98

Pontos
Revocação,Precisão
6.67,100.00
13.33,11.11
20.00,12.00
26.67,10.26
33.33,6.02
40.00,3.23
46.67,2.81
53.33,2.59
60.00,2.88
66.67,2.92
73.33,2.93
80.00,1.44
86.67,1.55
93.33,1.48
100.00,1.56
Tabela,945.05
Revocação,Precisão
0.00,100.00
10.00,11.11
20.00,12.00
30.00,6.02
40.00,3.23
50.00,2.59
60.00,2.92
70.00,2.93
80.00,1.44
90.00,1.48
100.00,1.56



Consulta Num,99

Pontos
Revocação,Precisão
20.00,100.00
40.00,100.00
60.00,100.00
80.00,0.52
100.00,0.49
Tabela,6517.70
Revocação,Precisão
0.00,100.00
10.00,100.00
20.00,100.00
30.00,100.00
40.00,100.00
50.00,100.00
60.00,100.00
70.00,0.52
80.00,0.52
90.00,0.49
100.00,0.49



Consulta Num,100

Pontos
Revocação,Precisão
9.09,100.00
18.18,100.00
27.27,100.00
36.36,3.39
45.45,1.17
54.55,0.87
63.64,0.94
72.73,1.02
81.82,0.98
90.91,1.02
100.00,0.90
Tabela,2598.30
Revocação,Precisão
0.00,100.00
10.00,100.00
20.00,100.00
30.00,3.39
40.00,1.17
50.00,0.87
60.00,0.94
70.00,1.02
80.00,0.98
90.00,1.02
100.00,0.90
