Tabela Média,1997.13
Revocação,Precisão
0.00,67.16
10.00,45.91
20.00,32.82
30.00,23.43
40.00,18.64
50.00,14.93
60.00,11.00
70.00,7.28
80.00,5.82
90.00,4.61
100.00,3.39



Consulta Num,1

Pontos
Revocação,Precisão
2.94,25.00
5.88,33.33
8.82,27.27
11.76,23.53
14.71,21.74
17.65,20.69
20.59,22.58
23.53,25.00
26.47,26.47
29.41,28.57
32.35,18.33
35.29,17.65
38.24,17.57
41.18,14.29
44.12,11.03
47.06,11.51
50.00,11.72
52.94,10.59
55.88,9.50
58.82,9.90
61.76,9.91
64.71,8.15
67.65,8.07
70.59,7.67
73.53,7.86
76.47,8.10
79.41,7.58
82.35,6.78
85.29,6.50
88.24,5.58
91.18,5.04
94.12,4.58
97.06,4.20
100.00,3.59
Tabela,1330.06
Revocação,Precisão
0.00,25.00
10.00,23.53
20.00,22.58
30.00,18.33
40.00,14.29
50.00,10.59
60.00,9.91
70.00,7.67
80.00,6.78
90.00,5.04
100.00,3.59



Consulta Num,2

Pontos
Revocação,Precisão
14.29,50.00
28.57,66.67
42.86,5.17
57.14,0.99
71.43,0.73
85.71,0.59
100.00,0.60
Tabela,1559.36
Revocação,Precisão
0.00,50.00
10.00,50.00
20.00,66.67
30.00,5.17
40.00,5.17
50.00,0.99
60.00,0.73
70.00,0.73
80.00,0.59
90.00,0.60
100.00,0.60



Consulta Num,3

Pontos
Revocação,Precisão
2.33,100.00
4.65,66.67
6.98,60.00
9.30,30.77
11.63,26.32
13.95,14.63
16.28,14.89
18.60,16.33
20.93,15.25
23.26,12.99
25.58,13.58
27.91,13.48
30.23,12.04
32.56,12.17
34.88,12.30
37.21,11.94
39.53,12.59
41.86,12.24
44.19,8.96
46.51,9.39
48.84,9.05
51.16,9.44
53.49,9.62
55.81,7.82
58.14,7.86
60.47,8.02
62.79,8.16
65.12,8.09
67.44,8.36
69.77,8.31
72.09,7.97
74.42,8.10
76.74,7.33
79.07,7.14
81.40,7.34
83.72,7.00
86.05,7.13
88.37,6.70
90.70,6.61
93.02,6.75
95.35,6.80
97.67,4.49
100.00,3.75
Tabela,1571.12
Revocação,Precisão
0.00,100.00
10.00,26.32
20.00,15.25
30.00,12.04
40.00,12.24
50.00,9.44
60.00,8.02
70.00,7.97
80.00,7.34
90.00,6.61
100.00,3.75



Consulta Num,4

Pontos
Revocação,Precisão
11.11,12.50
22.22,16.67
33.33,23.08
44.44,16.67
55.56,2.49
66.67,2.29
77.78,1.72
88.89,1.79
100.00,1.58
Tabela,858.20
Revocação,Precisão
0.00,12.50
10.00,12.50
20.00,16.67
30.00,23.08
40.00,16.67
50.00,2.49
60.00,2.29
70.00,1.72
80.00,1.79
90.00,1.58
100.00,1.58



Consulta Num,5

Pontos
Revocação,Precisão
0.76,100.00
1.53,100.00
2.29,75.00
3.05,80.00
3.82,83.33
4.58,75.00
5.34,63.64
6.11,61.54
6.87,64.29
7.63,58.82
8.40,57.89
9.16,57.14
9.92,54.17
10.69,56.00
11.45,57.69
12.21,59.26
12.98,54.84
13.74,56.25
14.50,57.58
15.27,58.82
16.03,60.00
16.79,57.89
17.56,57.50
18.32,55.81
19.08,39.68
19.85,33.33
20.61,33.75
21.37,32.56
22.14,32.22
22.90,30.93
23.66,30.39
24.43,31.07
25.19,28.95
25.95,27.42
26.72,26.12
27.48,24.49
28.24,18.78
29.01,19.19
29.77,19.50
30.53,19.80
31.30,19.71
32.06,19.81
32.82,20.00
33.59,20.37
34.35,19.48
35.11,18.85
35.88,18.95
36.64,19.28
37.40,19.07
38.17,16.89
38.93,16.72
39.69,16.88
40.46,17.04
41.22,16.67
41.98,16.92
42.75,17.13
43.51,16.86
44.27,16.62
45.04,16.57
45.80,16.81
46.56,16.85
47.33,16.99
48.09,16.89
48.85,17.07
49.62,16.97
50.38,16.71
Tabela,1933.03
Revocação,Precisão
0.00,100.00
10.00,56.00
20.00,33.75
30.00,19.80
40.00,17.04
50.00,16.71
60.00,0.00
70.00,0.00
80.00,0.00
90.00,0.00
100.00,0.00



Consulta Num,6

Pontos
Revocação,Precisão
4.17,100.00
8.33,100.00
12.50,60.00
16.67,50.00
20.83,38.46
25.00,42.86
29.17,46.67
33.33,20.00
37.50,19.57
41.67,14.93
45.83,10.58
50.00,11.43
54.17,6.19
58.33,6.51
62.50,4.42
66.67,4.49
70.83,4.66
75.00,4.56
79.17,3.44
83.33,3.58
87.50,3.37
91.67,3.09
95.83,2.78
100.00,2.67
Tabela,2066.56
Revocação,Precisão
0.00,100.00
10.00,60.00
20.00,38.46
30.00,20.00
40.00,14.93
50.00,6.19
60.00,4.42
70.00,4.66
80.00,3.58
90.00,3.09
100.00,2.67



Consulta Num,7

Pontos
Revocação,Precisão
3.57,100.00
7.14,100.00
10.71,75.00
14.29,40.00
17.86,11.63
21.43,11.54
25.00,12.73
28.57,3.85
32.14,4.09
35.71,4.24
39.29,4.17
42.86,3.74
46.43,3.32
50.00,3.54
53.57,3.79
57.14,4.00
60.71,3.87
64.29,4.04
67.86,4.03
71.43,4.18
75.00,3.66
78.57,3.71
82.14,3.22
85.71,3.24
89.29,2.35
92.86,2.31
96.43,2.35
100.00,2.30
Tabela,1628.85
Revocação,Precisão
0.00,100.00
10.00,75.00
20.00,11.54
30.00,4.09
40.00,3.74
50.00,3.79
60.00,3.87
70.00,4.18
80.00,3.22
90.00,2.31
100.00,2.30



Consulta Num,8

Pontos
Revocação,Precisão
4.55,50.00
9.09,33.33
13.64,16.67
18.18,21.05
22.73,17.24
27.27,15.79
31.82,6.60
36.36,6.02
40.91,4.04
45.45,3.34
50.00,2.55
54.55,2.76
59.09,2.56
63.64,2.68
68.18,2.80
72.73,2.56
77.27,2.51
81.82,2.56
86.36,2.63
90.91,2.66
95.45,2.04
100.00,2.10
Tabela,836.06
Revocação,Precisão
0.00,50.00
10.00,16.67
20.00,17.24
30.00,6.60
40.00,4.04
50.00,2.55
60.00,2.68
70.00,2.56
80.00,2.56
90.00,2.66
100.00,2.10



Consulta Num,9

Pontos
Revocação,Precisão
10.00,100.00
20.00,100.00
30.00,12.00
40.00,15.38
50.00,8.33
60.00,8.11
70.00,9.09
80.00,5.44
90.00,1.81
100.00,0.84
Tabela,3105.93
Revocação,Precisão
0.00,100.00
10.00,100.00
20.00,100.00
30.00,12.00
40.00,15.38
50.00,8.33
60.00,8.11
70.00,9.09
80.00,5.44
90.00,1.81
100.00,0.84



Consulta Num,10

Pontos
Revocação,Precisão
4.00,50.00
8.00,66.67
12.00,37.50
16.00,21.05
20.00,19.23
24.00,9.09
28.00,6.80
32.00,7.27
36.00,7.20
40.00,6.25
44.00,5.47
48.00,5.45
52.00,5.65
56.00,5.20
60.00,5.34
64.00,3.71
68.00,3.18
72.00,3.09
76.00,2.61
80.00,2.68
84.00,2.77
88.00,2.87
92.00,2.37
96.00,2.46
100.00,2.42
Tabela,1155.92
Revocação,Precisão
0.00,50.00
10.00,37.50
20.00,19.23
30.00,7.27
40.00,6.25
50.00,5.65
60.00,5.34
70.00,3.09
80.00,2.68
90.00,2.37
100.00,2.42



Consulta Num,11

Pontos
Revocação,Precisão
4.55,100.00
9.09,100.00
13.64,100.00
18.18,100.00
22.73,50.00
27.27,54.55
31.82,58.33
36.36,57.14
40.91,60.00
45.45,62.50
50.00,57.89
54.55,60.00
59.09,48.15
63.64,21.88
68.18,21.43
72.73,16.84
77.27,16.04
81.82,15.38
86.36,4.46
90.91,4.29
95.45,2.94
100.00,1.95
Tabela,4355.94
Revocação,Precisão
0.00,100.00
10.00,100.00
20.00,50.00
30.00,58.33
40.00,60.00
50.00,57.89
60.00,21.88
70.00,16.84
80.00,15.38
90.00,4.29
100.00,1.95



Consulta Num,12

Pontos
Revocação,Precisão
14.29,1.54
28.57,3.03
42.86,3.85
57.14,3.85
71.43,1.33
85.71,0.54
100.00,0.61
Tabela,209.75
Revocação,Precisão
0.00,1.54
10.00,1.54
20.00,3.03
30.00,3.85
40.00,3.85
50.00,3.85
60.00,1.33
70.00,1.33
80.00,0.54
90.00,0.61
100.00,0.61



Consulta Num,13

Pontos
Revocação,Precisão
4.17,100.00
8.33,50.00
12.50,23.08
16.67,26.67
20.83,17.24
25.00,18.75
29.17,18.42
33.33,20.51
37.50,19.57
41.67,16.95
45.83,11.58
50.00,10.26
54.17,8.50
58.33,4.58
62.50,2.34
66.67,2.27
70.83,2.24
75.00,2.13
79.17,2.14
83.33,1.93
87.50,1.92
91.67,1.94
95.83,1.98
100.00,2.03
Tabela,1457.33
Revocação,Precisão
0.00,100.00
10.00,23.08
20.00,17.24
30.00,20.51
40.00,16.95
50.00,8.50
60.00,2.34
70.00,2.24
80.00,1.93
90.00,1.94
100.00,2.03



Consulta Num,14

Pontos
Revocação,Precisão
1.82,100.00
3.64,100.00
5.45,60.00
7.27,36.36
9.09,38.46
10.91,33.33
12.73,26.92
14.55,27.59
16.36,28.13
18.18,26.32
20.00,21.15
21.82,18.46
23.64,18.84
25.45,15.73
27.27,16.48
29.09,14.95
30.91,14.91
32.73,14.40
34.55,14.84
36.36,14.93
38.18,15.44
40.00,13.58
41.82,13.53
43.64,10.43
45.45,10.64
47.27,10.83
49.09,10.93
50.91,11.20
52.73,11.07
54.55,10.95
56.36,9.20
58.18,9.47
60.00,8.68
61.82,8.76
63.64,8.82
65.45,8.63
67.27,8.64
69.09,8.62
70.91,6.91
72.73,6.73
74.55,6.75
76.36,6.77
78.18,5.77
80.00,5.31
81.82,5.28
83.64,5.15
85.45,5.21
87.27,5.26
89.09,5.34
90.91,4.98
92.73,4.87
94.55,4.81
96.36,4.69
98.18,4.75
100.00,4.78
Tabela,1696.89
Revocação,Precisão
0.00,100.00
10.00,33.33
20.00,18.46
30.00,14.91
40.00,13.53
50.00,11.20
60.00,8.68
70.00,6.91
80.00,5.28
90.00,4.98
100.00,4.78



Consulta Num,15

Pontos
Revocação,Precisão
0.96,20.00
1.92,22.22
2.88,23.08
3.85,20.00
4.81,19.23
5.77,21.43
6.73,24.14
7.69,26.67
8.65,28.13
9.62,27.78
10.58,27.50
11.54,28.57
12.50,27.66
13.46,28.57
14.42,27.27
15.38,28.07
16.35,29.31
17.31,27.69
18.27,27.54
19.23,28.57
20.19,29.58
21.15,24.44
22.12,23.71
23.08,19.20
24.04,19.08
25.00,18.18
25.96,17.88
26.92,15.38
27.88,15.76
28.85,15.87
29.81,14.76
30.77,14.75
31.73,15.14
32.69,15.04
33.65,13.67
34.62,11.21
35.58,11.49
36.54,11.45
37.50,11.24
38.46,11.20
39.42,11.36
40.38,10.94
41.35,11.17
42.31,10.55
43.27,10.49
44.23,10.65
45.19,10.68
46.15,10.39
47.12,10.52
48.08,10.64
49.04,10.83
50.00,10.90
50.96,10.47
51.92,10.65
52.88,10.42
53.85,9.82
54.81,9.95
55.77,8.85
56.73,8.64
57.69,8.53
58.65,8.63
59.62,8.60
60.58,8.58
61.54,8.57
62.50,8.68
63.46,8.80
64.42,8.86
65.38,8.98
66.35,9.00
67.31,8.97
68.27,8.96
69.23,9.03
70.19,9.14
71.15,9.22
72.12,9.14
73.08,9.03
74.04,8.77
75.00,8.75
75.96,8.80
76.92,8.47
77.88,8.56
78.85,8.32
79.81,8.32
80.77,8.32
81.73,8.35
82.69,8.41
83.65,8.43
84.62,8.45
85.58,8.17
86.54,8.21
87.50,8.30
88.46,8.37
89.42,8.45
90.38,8.51
91.35,8.59
92.31,8.47
93.27,8.35
94.23,8.38
95.19,8.43
96.15,8.47
97.12,8.45
98.08,8.44
99.04,8.48
100.00,8.42
Tabela,1419.97
Revocação,Precisão
0.00,20.00
10.00,27.50
20.00,29.58
30.00,14.75
40.00,10.94
50.00,10.47
60.00,8.58
70.00,9.14
80.00,8.32
90.00,8.51
100.00,8.42



Consulta Num,16

Pontos
Revocação,Precisão
0.56,100.00
1.11,100.00
1.67,100.00
2.22,66.67
2.78,55.56
3.33,60.00
3.89,63.64
4.44,66.67
5.00,60.00
5.56,58.82
6.11,61.11
6.67,63.16
7.22,65.00
7.78,66.67
8.33,57.69
8.89,59.26
9.44,60.71
10.00,58.06
10.56,57.58
11.11,57.14
11.67,52.50
12.22,53.66
12.78,53.49
13.33,54.55
13.89,55.56
14.44,54.17
15.00,49.09
15.56,43.08
16.11,42.65
16.67,42.86
17.22,41.89
17.78,41.03
18.33,35.87
18.89,36.56
19.44,36.46
20.00,33.33
20.56,33.94
21.11,33.63
21.67,34.21
22.22,33.90
22.78,34.45
23.33,31.34
23.89,31.85
24.44,31.65
25.00,31.47
25.56,31.29
26.11,30.13
26.67,30.57
27.22,30.25
27.78,29.94
28.33,30.00
28.89,30.23
29.44,30.64
30.00,27.98
30.56,27.23
31.11,27.32
31.67,27.27
32.22,26.73
32.78,26.22
33.33,26.43
33.89,26.07
34.44,26.05
35.00,26.36
35.56,26.34
36.11,26.32
36.67,25.88
37.22,25.38
37.78,25.00
38.33,24.38
38.89,24.56
39.44,24.83
40.00,24.91
40.56,25.00
41.11,25.26
41.67,25.51
42.22,25.42
42.78,25.25
43.33,25.49
43.89,25.48
44.44,25.64
45.00,25.71
45.56,24.33
46.11,24.34
46.67,24.56
47.22,24.57
47.78,24.57
48.33,24.44
48.89,24.51
49.44,24.72
50.00,24.79
50.56,24.80
51.11,22.94
51.67,22.96
52.22,22.98
52.78,22.84
53.33,22.80
53.89,22.35
54.44,21.68
55.00,21.71
55.56,21.69
56.11,21.58
56.67,20.48
57.22,20.60
57.78,20.76
58.33,20.11
58.89,20.23
59.44,20.15
60.00,20.19
60.56,19.33
61.11,19.30
61.67,19.24
62.22,19.31
62.78,19.22
63.33,18.97
63.89,19.10
64.44,18.83
65.00,18.96
65.56,18.55
66.11,18.45
66.67,18.10
67.22,18.22
67.78,18.24
68.33,18.36
68.89,18.16
69.44,18.25
70.00,18.16
70.56,18.22
71.11,18.16
71.67,17.97
72.22,17.96
72.78,17.99
73.33,17.86
73.89,17.78
74.44,17.75
75.00,17.72
75.56,17.71
76.11,17.54
76.67,17.51
77.22,17.22
77.78,17.28
78.33,17.32
78.89,17.40
79.44,17.06
80.00,16.94
80.56,17.00
81.11,16.74
81.67,16.82
82.22,16.59
82.78,16.67
83.33,16.39
83.89,16.40
84.44,16.41
85.00,16.50
85.56,16.35
86.11,16.44
86.67,16.46
87.22,16.37
87.78,16.19
88.33,16.09
88.89,15.75
89.44,15.82
90.00,15.84
90.56,15.69
91.11,15.59
91.67,15.19
92.22,15.24
92.78,15.06
93.33,14.91
93.89,14.86
94.44,14.89
95.00,14.55
95.56,14.56
96.11,14.39
96.67,14.42
97.22,14.47
97.78,14.55
98.33,14.51
98.89,14.54
99.44,14.59
100.00,14.57
Tabela,2970.02
Revocação,Precisão
0.00,100.00
10.00,57.58
20.00,33.33
30.00,27.98
40.00,24.91
50.00,24.79
60.00,20.19
70.00,18.16
80.00,16.94
90.00,15.84
100.00,14.57



Consulta Num,17

Pontos
Revocação,Precisão
1.82,100.00
3.64,100.00
5.45,75.00
7.27,66.67
9.09,71.43
10.91,60.00
12.73,41.18
14.55,34.78
16.36,13.04
18.18,10.31
20.00,10.58
21.82,10.91
23.64,10.24
25.45,10.07
27.27,10.71
29.09,10.00
30.91,10.12
32.73,10.65
34.55,10.73
36.36,9.17
38.18,9.46
40.00,9.69
41.82,8.78
43.64,8.00
45.45,8.04
47.27,8.23
49.09,7.71
50.91,7.82
52.73,7.38
54.55,7.37
56.36,7.51
58.18,7.73
60.00,7.82
61.82,7.98
63.64,7.56
65.45,7.74
67.27,7.47
69.09,7.63
70.91,7.68
72.73,7.72
74.55,7.78
76.36,7.27
78.18,6.74
80.00,6.69
81.82,6.64
83.64,6.52
85.45,6.55
87.27,6.50
89.09,6.23
90.91,5.97
92.73,5.96
94.55,5.71
96.36,4.54
98.18,4.47
100.00,4.44
Tabela,1779.50
Revocação,Precisão
0.00,100.00
10.00,60.00
20.00,10.91
30.00,10.12
40.00,8.78
50.00,7.82
60.00,7.82
70.00,7.68
80.00,6.64
90.00,5.97
100.00,4.44



Consulta Num,18

Pontos
Revocação,Precisão
4.76,100.00
9.52,100.00
14.29,100.00
19.05,57.14
23.81,55.56
28.57,60.00
33.33,46.67
38.10,40.00
42.86,31.03
47.62,30.30
52.38,32.35
57.14,16.00
61.90,9.03
66.67,8.48
71.43,6.67
76.19,6.64
80.95,2.13
85.71,1.82
90.48,1.88
95.24,1.84
100.00,1.77
Tabela,3361.93
Revocação,Precisão
0.00,100.00
10.00,100.00
20.00,55.56
30.00,46.67
40.00,31.03
50.00,32.35
60.00,9.03
70.00,6.67
80.00,2.13
90.00,1.88
100.00,1.77



Consulta Num,19

Pontos
Revocação,Precisão
4.55,16.67
9.09,16.67
13.64,7.69
18.18,9.09
22.73,7.69
27.27,9.09
31.82,10.45
36.36,10.67
40.91,10.84
45.45,10.53
50.00,9.09
54.55,8.16
59.09,7.78
63.64,5.62
68.18,5.12
72.73,4.06
77.27,4.27
81.82,3.06
86.36,2.87
90.91,2.82
95.45,2.72
100.00,2.41
Tabela,708.66
Revocação,Precisão
0.00,16.67
10.00,7.69
20.00,7.69
30.00,10.45
40.00,10.84
50.00,9.09
60.00,5.62
70.00,4.06
80.00,3.06
90.00,2.82
100.00,2.41



Consulta Num,20

Pontos
Revocação,Precisão
2.17,100.00
4.35,100.00
6.52,100.00
8.70,100.00
10.87,100.00
13.04,100.00
15.22,100.00
17.39,100.00
19.57,100.00
21.74,100.00
23.91,100.00
26.09,100.00
28.26,100.00
30.43,93.33
32.61,93.75
34.78,84.21
36.96,85.00
39.13,85.71
41.30,86.36
43.48,74.07
45.65,72.41
47.83,70.97
50.00,65.71
52.17,63.16
54.35,62.50
56.52,49.06
58.70,46.55
60.87,29.17
63.04,29.29
65.22,29.41
67.39,14.03
69.57,12.31
71.74,12.13
73.91,10.12
76.09,8.93
78.26,8.05
80.43,7.14
82.61,7.25
84.78,7.40
86.96,7.30
89.13,5.57
91.30,5.24
93.48,4.47
95.65,4.48
97.83,4.45
100.00,3.72
Tabela,5484.00
Revocação,Precisão
0.00,100.00
10.00,100.00
20.00,100.00
30.00,93.33
40.00,86.36
50.00,63.16
60.00,29.17
70.00,12.13
80.00,7.14
90.00,5.24
100.00,3.72



Consulta Num,21

Pontos
Revocação,Precisão
4.00,1.39
8.00,2.47
12.00,3.66
16.00,4.35
20.00,4.59
24.00,4.62
28.00,5.15
32.00,4.76
36.00,4.64
40.00,4.93
44.00,4.35
48.00,3.54
52.00,3.75
56.00,3.95
60.00,3.33
64.00,3.08
68.00,2.73
72.00,2.76
76.00,2.83
80.00,2.60
84.00,2.60
88.00,2.09
92.00,2.17
96.00,2.11
100.00,2.15
Tabela,343.02
Revocação,Precisão
0.00,1.39
10.00,3.66
20.00,4.59
30.00,4.76
40.00,4.93
50.00,3.75
60.00,3.33
70.00,2.76
80.00,2.60
90.00,2.17
100.00,2.15



Consulta Num,22

Pontos
Revocação,Precisão
1.43,100.00
2.86,100.00
4.29,100.00
5.71,40.00
7.14,45.45
8.57,35.29
10.00,38.89
11.43,40.00
12.86,42.86
14.29,40.00
15.71,35.48
17.14,35.29
18.57,37.14
20.00,29.17
21.43,26.32
22.86,27.59
24.29,19.32
25.71,19.15
27.14,15.97
28.57,14.60
30.00,13.55
31.43,13.17
32.86,13.37
34.29,13.64
35.71,12.82
37.14,10.83
38.57,10.23
40.00,9.59
41.43,8.81
42.86,8.50
44.29,8.64
45.71,8.72
47.14,8.75
48.57,8.79
50.00,8.86
51.43,8.96
52.86,8.92
54.29,9.07
55.71,8.78
57.14,8.85
58.57,8.63
60.00,8.82
61.43,8.63
62.86,8.75
64.29,8.91
65.71,8.83
67.14,8.30
68.57,8.42
70.00,8.28
71.43,8.12
72.86,8.11
74.29,8.05
75.71,7.78
77.14,7.85
78.57,7.70
80.00,7.04
81.43,7.07
82.86,7.18
84.29,6.65
85.71,6.44
87.14,6.35
88.57,6.24
90.00,6.18
91.43,6.00
92.86,5.66
94.29,5.73
95.71,5.81
97.14,5.84
98.57,5.67
100.00,5.71
Tabela,1792.38
Revocação,Precisão
0.00,100.00
10.00,38.89
20.00,26.32
30.00,13.17
40.00,8.81
50.00,8.86
60.00,8.82
70.00,8.28
80.00,7.04
90.00,6.18
100.00,5.71



Consulta Num,23

Pontos
Revocação,Precisão
2.86,5.56
5.71,9.52
8.57,5.26
11.43,6.15
14.29,7.04
17.14,7.89
20.00,6.86
22.86,7.27
25.71,7.76
28.57,7.63
31.43,8.21
34.29,5.80
37.14,6.05
40.00,4.78
42.86,4.57
45.71,4.30
48.57,4.09
51.43,3.33
54.29,3.26
57.14,3.12
60.00,3.16
62.86,2.87
65.71,2.96
68.57,3.09
71.43,3.12
74.29,3.21
77.14,3.22
80.00,2.78
82.86,2.77
85.71,2.86
88.57,2.81
91.43,2.86
94.29,2.88
97.14,2.93
100.00,2.86
Tabela,449.66
Revocação,Precisão
0.00,5.56
10.00,6.15
20.00,6.86
30.00,8.21
40.00,4.57
50.00,3.33
60.00,2.87
70.00,3.12
80.00,2.77
90.00,2.86
100.00,2.86



Consulta Num,24

Pontos
Revocação,Precisão
3.23,16.67
6.45,14.29
9.68,7.14
12.90,7.02
16.13,6.25
19.35,4.38
22.58,4.86
25.81,4.57
29.03,5.00
32.26,5.03
35.48,4.56
38.71,3.54
41.94,3.26
45.16,3.50
48.39,2.98
51.61,3.10
54.84,3.18
58.06,3.21
61.29,3.09
64.52,3.00
67.74,2.40
70.97,2.48
74.19,2.52
77.42,2.53
80.65,2.35
83.87,2.38
87.10,2.38
90.32,2.40
93.55,2.47
96.77,2.54
100.00,2.52
Tabela,431.67
Revocação,Precisão
0.00,16.67
10.00,7.02
20.00,4.86
30.00,5.03
40.00,3.26
50.00,3.10
60.00,3.09
70.00,2.48
80.00,2.35
90.00,2.40
100.00,2.52



Consulta Num,25

Pontos
Revocação,Precisão
1.96,100.00
3.92,100.00
5.88,60.00
7.84,66.67
9.80,50.00
11.76,33.33
13.73,25.93
15.69,27.59
17.65,30.00
19.61,28.57
21.57,29.73
23.53,23.08
25.49,20.31
27.45,18.92
29.41,18.52
31.37,17.02
33.33,15.04
35.29,13.95
37.25,14.29
39.22,11.76
41.18,11.29
43.14,11.76
45.10,11.11
47.06,11.37
49.02,10.78
50.98,11.11
52.94,11.49
54.90,11.48
56.86,11.79
58.82,11.45
60.78,10.95
62.75,11.19
64.71,11.46
66.67,11.64
68.63,11.71
70.59,9.33
72.55,9.14
74.51,8.66
76.47,8.65
78.43,8.62
80.39,8.23
82.35,7.58
84.31,7.75
86.27,7.24
88.24,6.42
90.20,6.23
92.16,6.23
94.12,5.93
96.08,5.22
98.04,5.01
100.00,4.64
Tabela,1895.53
Revocação,Precisão
0.00,100.00
10.00,33.33
20.00,29.73
30.00,17.02
40.00,11.29
50.00,11.11
60.00,10.95
70.00,9.33
80.00,8.23
90.00,6.23
100.00,4.64



Consulta Num,26

Pontos
Revocação,Precisão
3.03,9.09
6.06,13.33
9.09,18.75
12.12,21.05
15.15,23.81
18.18,26.09
21.21,29.17
24.24,32.00
27.27,26.47
30.30,28.57
33.33,30.56
36.36,26.67
39.39,25.00
42.42,23.33
45.45,23.08
48.48,22.86
51.52,20.73
54.55,17.14
57.58,17.92
60.61,18.52
63.64,12.00
66.67,9.87
69.70,9.16
72.73,8.08
75.76,7.51
78.79,5.53
81.82,4.55
84.85,4.68
87.88,4.11
90.91,4.03
93.94,3.88
96.97,3.98
100.00,2.77
Tabela,1639.69
Revocação,Precisão
0.00,9.09
10.00,21.05
20.00,29.17
30.00,28.57
40.00,23.33
50.00,20.73
60.00,18.52
70.00,8.08
80.00,4.55
90.00,4.03
100.00,2.77



Consulta Num,27

Pontos
Revocação,Precisão
9.09,100.00
18.18,33.33
27.27,30.00
36.36,11.76
45.45,9.43
54.55,2.99
63.64,2.44
72.73,1.32
81.82,1.38
90.91,1.07
100.00,1.01
Tabela,1442.30
Revocação,Precisão
0.00,100.00
10.00,33.33
20.00,30.00
30.00,11.76
40.00,9.43
50.00,2.99
60.00,2.44
70.00,1.32
80.00,1.38
90.00,1.07
100.00,1.01



Consulta Num,28

Pontos
Revocação,Precisão
1.96,11.11
3.92,16.67
5.88,17.65
7.84,18.18
9.80,17.86
11.76,20.00
13.73,21.21
15.69,23.53
17.65,24.32
19.61,20.83
21.57,16.67
23.53,13.79
25.49,13.98
27.45,13.33
29.41,12.71
31.37,12.31
33.33,12.32
35.29,12.50
37.25,11.52
39.22,10.81
41.18,7.95
43.14,8.24
45.10,7.93
47.06,6.56
49.02,6.31
50.98,6.18
52.94,6.25
54.90,5.89
56.86,5.37
58.82,5.39
60.78,5.19
62.75,5.06
64.71,5.08
66.67,4.91
68.63,4.71
70.59,4.73
72.55,4.71
74.51,4.60
76.47,4.65
78.43,4.68
80.39,4.59
82.35,4.40
84.31,4.29
86.27,4.30
88.24,4.32
90.20,4.39
92.16,4.22
94.12,4.08
96.08,4.03
98.04,4.10
100.00,4.14
Tabela,896.34
Revocação,Precisão
0.00,11.11
10.00,20.00
20.00,16.67
30.00,12.31
40.00,7.95
50.00,6.18
60.00,5.19
70.00,4.73
80.00,4.59
90.00,4.39
100.00,4.14



Consulta Num,29

Pontos
Revocação,Precisão
2.27,12.50
4.55,12.50
6.82,12.50
9.09,11.11
11.36,13.16
13.64,14.29
15.91,16.28
18.18,14.81
20.45,15.25
22.73,13.16
25.00,11.22
27.27,11.11
29.55,9.35
31.82,9.33
34.09,8.67
36.36,7.55
38.64,7.91
40.91,7.76
43.18,7.85
45.45,7.75
47.73,7.58
50.00,6.55
52.27,6.20
54.55,5.87
56.82,6.04
59.09,5.22
61.36,5.13
63.64,4.70
65.91,4.55
68.18,4.59
70.45,4.47
72.73,4.53
75.00,4.65
77.27,4.25
79.55,4.31
81.82,4.14
84.09,3.98
86.36,3.95
88.64,3.75
90.91,3.77
93.18,3.49
95.45,3.48
97.73,3.54
100.00,3.59
Tabela,776.11
Revocação,Precisão
0.00,12.50
10.00,13.16
20.00,15.25
30.00,9.33
40.00,7.76
50.00,6.55
60.00,5.13
70.00,4.47
80.00,4.14
90.00,3.77
100.00,3.59



Consulta Num,30

Pontos
Revocação,Precisão
5.88,100.00
11.76,28.57
17.65,27.27
23.53,33.33
29.41,29.41
35.29,31.58
41.18,35.00
47.06,16.33
52.94,13.43
58.82,11.90
64.71,10.00
70.59,5.06
76.47,2.88
82.35,2.63
88.24,2.32
94.12,1.92
100.00,1.40
Tabela,2122.27
Revocação,Precisão
0.00,100.00
10.00,28.57
20.00,33.33
30.00,31.58
40.00,35.00
50.00,13.43
60.00,10.00
70.00,5.06
80.00,2.63
90.00,1.92
100.00,1.40



Consulta Num,31

Pontos
Revocação,Precisão
1.72,50.00
3.45,66.67
5.17,60.00
6.90,66.67
8.62,62.50
10.34,60.00
12.07,50.00
13.79,44.44
15.52,42.86
17.24,28.57
18.97,22.92
20.69,23.53
22.41,14.13
24.14,11.67
25.86,12.30
27.59,10.74
29.31,10.76
31.03,9.68
32.76,9.27
34.48,9.39
36.21,9.01
37.93,8.24
39.66,8.42
41.38,7.87
43.10,7.76
44.83,7.22
46.55,7.26
48.28,7.49
50.00,7.02
51.72,6.98
53.45,7.09
55.17,7.21
56.90,7.13
58.62,7.16
60.34,6.38
62.07,6.53
63.79,5.79
65.52,5.78
67.24,5.77
68.97,5.86
70.69,5.90
72.41,5.87
74.14,5.79
75.86,5.68
77.59,5.51
79.31,5.53
81.03,5.38
82.76,5.34
84.48,5.26
86.21,4.89
87.93,4.96
89.66,4.76
91.38,4.83
93.10,4.65
94.83,4.64
96.55,4.67
98.28,4.73
100.00,4.69
Tabela,1579.29
Revocação,Precisão
0.00,50.00
10.00,60.00
20.00,23.53
30.00,9.68
40.00,7.87
50.00,7.02
60.00,6.38
70.00,5.90
80.00,5.38
90.00,4.83
100.00,4.69



Consulta Num,32

Pontos
Revocação,Precisão
3.33,100.00
6.67,33.33
10.00,21.43
13.33,16.00
16.67,15.63
20.00,10.34
23.33,9.21
26.67,3.48
30.00,3.15
33.33,3.41
36.67,3.19
40.00,3.32
43.33,3.34
46.67,3.44
50.00,2.95
53.33,2.63
56.67,2.54
60.00,2.15
63.33,2.26
66.67,2.16
70.00,2.03
73.33,2.12
76.67,2.12
80.00,2.19
83.33,2.15
86.67,2.21
90.00,2.27
93.33,2.35
96.67,2.43
100.00,2.46
Tabela,1014.18
Revocação,Precisão
0.00,100.00
10.00,21.43
20.00,10.34
30.00,3.41
40.00,3.32
50.00,2.95
60.00,2.15
70.00,2.03
80.00,2.19
90.00,2.35
100.00,2.46



Consulta Num,33

Pontos
Revocação,Precisão
1.75,50.00
3.51,66.67
5.26,75.00
7.02,80.00
8.77,62.50
10.53,60.00
12.28,63.64
14.04,66.67
15.79,52.94
17.54,52.63
19.30,52.38
21.05,50.00
22.81,41.94
24.56,40.00
26.32,40.54
28.07,26.23
29.82,26.15
31.58,26.09
33.33,27.14
35.09,26.67
36.84,27.63
38.60,27.50
40.35,26.74
42.11,26.97
43.86,26.32
45.61,27.08
47.37,27.27
49.12,26.42
50.88,27.10
52.63,25.42
54.39,25.20
56.14,25.60
57.89,25.98
59.65,25.56
61.40,25.55
63.16,25.71
64.91,25.69
66.67,24.84
68.42,25.16
70.18,25.00
71.93,24.12
73.68,21.11
75.44,21.50
77.19,19.64
78.95,19.31
80.70,12.85
82.46,9.61
84.21,9.47
85.96,7.46
87.72,7.10
89.47,6.86
91.23,6.98
92.98,6.24
94.74,5.86
96.49,5.67
Tabela,2853.10
Revocação,Precisão
0.00,50.00
10.00,60.00
20.00,50.00
30.00,26.09
40.00,26.74
50.00,27.10
60.00,25.55
70.00,25.00
80.00,12.85
90.00,6.98
100.00,0.00



Consulta Num,34

Pontos
Revocação,Precisão
2.56,100.00
5.13,100.00
7.69,60.00
10.26,66.67
12.82,71.43
15.38,75.00
17.95,77.78
20.51,80.00
23.08,69.23
25.64,71.43
28.21,73.33
30.77,75.00
33.33,76.47
35.90,77.78
38.46,65.22
41.03,48.48
43.59,40.48
46.15,36.73
48.72,33.93
51.28,28.17
53.85,28.77
56.41,29.73
58.97,28.40
61.54,25.53
64.10,25.25
66.67,23.42
69.23,17.20
71.79,16.00
74.36,16.20
76.92,10.34
79.49,8.83
82.05,8.89
84.62,8.75
87.18,8.50
89.74,7.90
92.31,6.13
94.87,5.67
97.44,3.35
100.00,3.25
Tabela,4065.01
Revocação,Precisão
0.00,100.00
10.00,66.67
20.00,80.00
30.00,75.00
40.00,48.48
50.00,28.17
60.00,25.53
70.00,16.00
80.00,8.89
90.00,6.13
100.00,3.25



Consulta Num,35

Pontos
Revocação,Precisão
7.14,100.00
14.29,22.22
21.43,23.08
28.57,11.76
35.71,11.63
42.86,8.70
50.00,9.59
57.14,4.44
64.29,4.13
71.43,1.72
78.57,1.87
85.71,1.53
Tabela,1325.92
Revocação,Precisão
0.00,100.00
10.00,22.22
20.00,23.08
30.00,11.63
40.00,8.70
50.00,9.59
60.00,4.13
70.00,1.72
80.00,1.53
90.00,0.00
100.00,0.00



Consulta Num,36

Pontos
Revocação,Precisão
11.11,33.33
22.22,28.57
33.33,33.33
44.44,23.53
55.56,1.64
66.67,1.73
77.78,1.42
88.89,1.19
100.00,0.73
Tabela,1425.09
Revocação,Precisão
0.00,33.33
10.00,33.33
20.00,28.57
30.00,33.33
40.00,23.53
50.00,1.64
60.00,1.73
70.00,1.42
80.00,1.19
90.00,0.73
100.00,0.73



Consulta Num,37

Pontos
Revocação,Precisão
1.02,100.00
2.04,100.00
3.06,100.00
4.08,100.00
5.10,100.00
6.12,100.00
7.14,100.00
8.16,100.00
9.18,100.00
10.20,100.00
11.22,84.62
12.24,80.00
13.27,81.25
14.29,82.35
15.31,83.33
16.33,84.21
17.35,85.00
18.37,85.71
19.39,86.36
20.41,86.96
21.43,87.50
22.45,84.62
23.47,85.19
24.49,80.00
25.51,75.76
26.53,74.29
27.55,75.00
28.57,71.79
29.59,70.73
30.61,68.18
31.63,68.89
32.65,65.31
33.67,64.71
34.69,59.65
35.71,60.34
36.73,60.00
37.76,55.22
38.78,55.07
39.80,55.71
40.82,55.56
41.84,54.67
42.86,54.55
43.88,49.43
44.90,49.44
45.92,46.88
46.94,46.00
47.96,46.53
48.98,46.15
50.00,40.83
51.02,40.98
52.04,34.00
53.06,34.21
54.08,34.64
55.10,33.96
56.12,33.13
57.14,32.37
58.16,32.39
59.18,31.52
60.20,30.41
61.22,28.04
62.24,27.48
63.27,27.07
64.29,25.82
65.31,25.91
66.33,23.47
67.35,23.66
68.37,22.95
69.39,22.37
70.41,21.56
71.43,20.00
72.45,18.54
73.47,18.46
74.49,17.63
75.51,17.01
76.53,17.16
77.55,17.00
78.57,16.04
79.59,14.69
80.61,13.67
81.63,12.97
82.65,11.79
83.67,11.76
84.69,11.61
85.71,11.65
86.73,11.15
87.76,11.05
88.78,11.01
89.80,10.81
90.82,10.91
91.84,10.87
92.86,10.90
93.88,10.87
94.90,9.87
95.92,9.88
96.94,9.66
97.96,9.68
98.98,9.77
100.00,8.54
Tabela,4823.45
Revocação,Precisão
0.00,100.00
10.00,100.00
20.00,86.96
30.00,68.18
40.00,55.56
50.00,40.83
60.00,30.41
70.00,21.56
80.00,13.67
90.00,10.91
100.00,8.54



Consulta Num,38

Pontos
Revocação,Precisão
1.89,33.33
3.77,5.00
5.66,6.38
7.55,8.16
9.43,9.62
11.32,7.79
13.21,6.80
15.09,6.02
16.98,6.67
18.87,7.30
20.75,6.40
22.64,5.97
24.53,6.19
26.42,6.01
28.30,5.49
30.19,5.13
32.08,4.71
33.96,4.70
35.85,4.95
37.74,5.15
39.62,5.34
41.51,5.47
43.40,5.01
45.28,4.84
47.17,5.00
49.06,4.55
50.94,4.63
52.83,4.77
54.72,4.84
56.60,4.87
58.49,4.78
60.38,4.78
62.26,4.83
64.15,4.86
66.04,4.92
67.92,4.90
69.81,4.86
Tabela,508.70
Revocação,Precisão
0.00,33.33
10.00,7.79
20.00,6.40
30.00,5.13
40.00,5.47
50.00,4.63
60.00,4.78
70.00,0.00
80.00,0.00
90.00,0.00
100.00,0.00



Consulta Num,39

Pontos
Revocação,Precisão
0.62,50.00
1.23,66.67
1.85,75.00
2.47,66.67
3.09,71.43
3.70,75.00
4.32,77.78
4.94,80.00
5.56,81.82
6.17,83.33
6.79,84.62
7.41,75.00
8.02,72.22
8.64,63.64
9.26,65.22
9.88,64.00
10.49,65.38
11.11,62.07
11.73,59.38
12.35,60.61
12.96,61.76
13.58,61.11
14.20,60.53
14.81,61.54
15.43,62.50
16.05,61.90
16.67,56.25
17.28,51.85
17.90,52.73
18.52,53.57
19.14,53.45
19.75,53.33
20.37,52.38
20.99,53.13
21.60,50.72
22.22,50.00
22.84,50.68
23.46,46.91
24.07,46.43
24.69,47.06
25.31,43.62
25.93,44.21
26.54,43.43
27.16,44.00
27.78,42.06
28.40,42.59
29.01,42.73
29.63,39.02
30.25,38.58
30.86,38.46
31.48,36.96
32.10,36.62
32.72,36.05
33.33,36.24
33.95,36.67
34.57,36.13
35.19,35.40
35.80,35.15
36.42,34.50
37.04,33.71
37.65,33.15
38.27,33.16
38.89,33.16
39.51,32.82
40.12,32.66
40.74,30.99
41.36,31.31
41.98,31.48
42.59,31.80
43.21,31.25
43.83,30.08
44.44,29.88
45.06,29.20
45.68,29.25
46.30,29.53
46.91,27.34
47.53,27.30
48.15,26.00
48.77,25.24
49.38,24.39
50.00,24.11
50.62,24.19
51.23,23.18
51.85,23.08
52.47,22.85
53.09,22.87
53.70,22.83
54.32,22.56
54.94,22.42
55.56,21.84
56.17,21.93
56.79,22.06
57.41,21.68
58.02,21.46
58.64,21.49
59.26,21.43
59.88,21.56
60.49,21.30
61.11,21.48
61.73,20.88
62.35,20.61
62.96,20.56
63.58,20.60
64.20,20.59
64.81,19.70
65.43,19.56
66.05,19.60
66.67,19.46
67.28,19.09
67.90,19.16
68.52,19.27
69.14,19.28
69.75,19.19
70.37,19.29
70.99,18.28
71.60,18.13
72.22,18.17
72.84,18.07
73.46,18.17
74.07,17.73
74.69,17.61
75.31,17.09
75.93,17.20
76.54,17.27
77.16,17.17
77.78,17.26
78.40,17.07
79.01,16.86
79.63,16.75
80.25,16.84
80.86,16.82
81.48,16.79
82.10,16.81
82.72,16.88
83.33,16.46
83.95,16.57
84.57,16.65
85.19,16.37
85.80,16.35
86.42,16.26
87.04,15.97
87.65,15.55
88.27,15.56
88.89,15.62
89.51,15.54
90.12,15.63
90.74,15.44
91.36,15.35
91.98,15.44
92.59,15.21
93.21,14.92
93.83,14.84
Tabela,3111.83
Revocação,Precisão
0.00,50.00
10.00,65.38
20.00,52.38
30.00,38.58
40.00,32.66
50.00,24.11
60.00,21.30
70.00,19.29
80.00,16.84
90.00,15.63
100.00,0.00



Consulta Num,40

Pontos
Revocação,Precisão
0.68,100.00
1.37,50.00
2.05,30.00
2.74,33.33
3.42,33.33
4.11,37.50
4.79,35.00
5.48,38.10
6.16,39.13
6.85,29.41
7.53,27.50
8.22,27.27
8.90,27.66
9.59,28.00
10.27,24.59
10.96,25.40
11.64,26.56
12.33,26.47
13.01,27.54
13.70,28.57
14.38,29.58
15.07,29.73
15.75,28.05
16.44,25.81
17.12,25.77
17.81,26.53
18.49,27.27
19.18,26.42
19.86,25.00
20.55,25.21
21.23,25.00
21.92,21.62
22.60,21.85
23.29,22.22
23.97,22.58
24.66,23.08
25.34,23.27
26.03,23.03
26.71,22.81
27.40,22.10
28.08,22.16
28.77,21.00
29.45,19.91
30.14,18.57
30.82,18.22
31.51,17.90
32.19,17.74
32.88,17.84
33.56,17.95
34.25,17.99
34.93,18.15
35.62,18.12
36.30,18.28
36.99,18.18
37.67,18.15
38.36,18.30
39.04,18.51
39.73,18.30
40.41,18.50
41.10,18.58
41.78,18.43
42.47,18.45
43.15,18.58
43.84,18.82
44.52,19.01
45.21,19.13
45.89,19.20
46.58,19.37
47.26,19.49
47.95,19.50
48.63,19.35
49.32,18.80
50.00,18.86
50.68,19.07
51.37,19.28
52.05,19.10
52.74,19.15
53.42,18.89
54.11,18.72
54.79,18.60
55.48,18.75
56.16,18.94
56.85,18.99
57.53,19.18
58.22,19.10
58.90,18.57
59.59,18.55
60.27,18.60
60.96,18.66
61.64,18.71
62.33,18.46
63.01,18.29
63.70,18.42
64.38,17.77
65.07,17.18
65.75,16.75
66.44,16.75
67.12,16.81
67.81,15.44
68.49,15.53
69.18,15.47
69.86,15.27
70.55,14.99
71.23,14.99
71.92,14.87
72.60,14.91
73.29,14.97
73.97,14.90
74.66,14.55
75.34,14.53
76.03,14.53
76.71,13.84
77.40,13.60
78.08,13.38
78.77,13.22
79.45,13.14
80.14,13.04
80.82,12.66
81.51,12.74
82.19,12.82
82.88,12.91
83.56,12.95
84.25,13.03
84.93,12.88
85.62,12.97
86.30,13.00
86.99,12.78
87.67,12.64
88.36,12.71
89.04,12.78
89.73,12.78
90.41,12.80
91.10,12.65
91.78,12.67
92.47,12.47
93.15,12.37
93.84,12.45
94.52,12.32
95.21,12.09
95.89,12.13
96.58,12.20
97.26,12.26
97.95,12.17
98.63,12.02
99.32,12.00
Tabela,2151.68
Revocação,Precisão
0.00,100.00
10.00,24.59
20.00,25.21
30.00,18.57
40.00,18.50
50.00,18.86
60.00,18.60
70.00,14.99
80.00,13.04
90.00,12.80
100.00,0.00



Consulta Num,41

Pontos
Revocação,Precisão
6.67,100.00
13.33,100.00
20.00,50.00
26.67,4.44
33.33,5.21
40.00,4.05
46.67,3.37
53.33,3.56
60.00,3.53
66.67,2.87
73.33,2.99
80.00,3.12
86.67,1.52
93.33,1.17
100.00,1.25
Tabela,2235.84
Revocação,Precisão
0.00,100.00
10.00,100.00
20.00,50.00
30.00,5.21
40.00,4.05
50.00,3.56
60.00,2.87
70.00,2.99
80.00,3.12
90.00,1.17
100.00,1.25



Consulta Num,42

Pontos
Revocação,Precisão
2.13,100.00
4.26,100.00
6.38,100.00
8.51,100.00
10.64,100.00
12.77,100.00
14.89,100.00
17.02,88.89
19.15,81.82
21.28,37.04
23.40,34.38
25.53,27.91
27.66,12.15
29.79,11.20
31.91,9.20
34.04,9.41
36.17,5.03
38.30,4.55
40.43,4.48
42.55,4.69
44.68,4.12
46.81,3.82
48.94,3.85
51.06,4.01
53.19,3.81
55.32,3.90
57.45,4.04
59.57,4.13
61.70,4.21
63.83,4.31
65.96,4.29
68.09,4.23
70.21,4.35
72.34,4.43
74.47,4.37
76.60,3.90
78.72,3.89
80.85,3.89
82.98,3.86
85.11,3.93
87.23,3.80
89.36,3.83
91.49,3.71
93.62,3.78
95.74,3.68
97.87,3.76
100.00,3.83
Tabela,2228.05
Revocação,Precisão
0.00,100.00
10.00,100.00
20.00,37.04
30.00,9.20
40.00,4.48
50.00,4.01
60.00,4.21
70.00,4.35
80.00,3.89
90.00,3.71
100.00,3.83



Consulta Num,43

Pontos
Revocação,Precisão
1.02,100.00
2.04,66.67
3.06,75.00
4.08,33.33
5.10,38.46
6.12,40.00
7.14,36.84
8.16,27.59
9.18,30.00
10.20,32.26
11.22,33.33
12.24,35.29
13.27,37.14
14.29,37.84
15.31,39.47
16.33,37.21
17.35,34.69
18.37,35.29
19.39,35.85
20.41,37.04
21.43,38.18
22.45,38.60
23.47,39.66
24.49,40.68
25.51,41.67
26.53,40.63
27.55,39.71
28.57,38.89
29.59,39.73
30.61,39.47
31.63,39.74
32.65,40.00
33.67,39.29
34.69,39.53
35.71,38.46
36.73,37.50
37.76,38.14
38.78,38.38
39.80,36.79
40.82,36.70
41.84,37.27
42.86,36.84
43.88,37.07
44.90,37.61
45.92,38.14
46.94,38.02
47.96,37.30
48.98,37.80
50.00,37.98
51.02,37.59
52.04,37.78
53.06,37.96
54.08,36.05
55.10,35.53
56.12,35.71
57.14,34.78
58.16,35.19
59.18,32.77
60.20,31.05
61.22,31.09
62.24,29.61
63.27,29.67
64.29,27.63
65.31,27.71
66.33,23.38
67.35,21.93
68.37,21.20
69.39,21.32
70.41,18.30
71.43,18.04
72.45,17.49
73.47,17.52
74.49,17.63
75.51,17.21
76.53,14.73
77.55,13.94
78.57,13.70
79.59,12.17
80.61,11.99
81.63,11.64
82.65,11.11
83.67,11.07
84.69,11.10
85.71,10.85
86.73,10.65
87.76,10.68
88.78,10.44
89.80,10.34
90.82,9.80
91.84,8.88
92.86,8.90
93.88,8.70
94.90,8.49
95.92,8.43
96.94,8.49
97.96,8.33
98.98,8.28
100.00,8.19
Tabela,3086.89
Revocação,Precisão
0.00,100.00
10.00,32.26
20.00,37.04
30.00,39.47
40.00,36.70
50.00,37.98
60.00,31.05
70.00,18.30
80.00,11.99
90.00,9.80
100.00,8.19



Consulta Num,44

Pontos
Revocação,Precisão
0.71,50.00
1.43,50.00
2.14,60.00
2.86,66.67
3.57,71.43
4.29,75.00
5.00,77.78
5.71,72.73
6.43,75.00
7.14,71.43
7.86,73.33
8.57,75.00
9.29,65.00
10.00,63.64
10.71,57.69
11.43,59.26
12.14,54.84
12.86,56.25
13.57,54.29
14.29,50.00
15.00,44.68
15.71,41.51
16.43,38.33
17.14,39.34
17.86,39.68
18.57,40.63
19.29,41.54
20.00,40.58
20.71,39.73
21.43,40.54
22.14,41.33
22.86,41.03
23.57,41.77
24.29,41.98
25.00,42.17
25.71,42.86
26.43,42.53
27.14,43.18
27.86,39.80
28.57,40.00
29.29,38.32
30.00,37.17
30.71,36.13
31.43,34.92
32.14,34.35
32.86,34.59
33.57,34.81
34.29,35.29
35.00,35.51
35.71,35.71
36.43,36.17
37.14,36.11
37.86,36.05
38.57,35.53
39.29,34.59
40.00,33.94
40.71,34.13
41.43,34.32
42.14,34.71
42.86,34.09
43.57,33.33
44.29,33.33
45.00,32.64
45.71,32.65
46.43,32.83
47.14,31.73
47.86,31.60
48.57,31.78
49.29,30.67
50.00,30.84
50.71,30.47
51.43,30.77
52.14,30.29
52.86,25.69
53.57,24.92
54.29,25.17
55.00,25.33
55.71,25.16
56.43,25.40
57.14,25.64
57.86,25.71
58.57,25.95
59.29,26.02
60.00,26.17
60.71,26.15
61.43,26.22
62.14,26.05
62.86,26.27
63.57,24.79
64.29,23.87
65.00,23.70
65.71,23.71
66.43,23.72
67.14,22.76
67.86,22.73
68.57,22.86
69.29,22.20
70.00,22.32
70.71,22.15
71.43,21.05
72.14,21.17
72.86,20.65
73.57,20.64
74.29,20.51
75.00,20.43
75.71,20.42
76.43,20.27
77.14,20.04
77.86,20.00
78.57,19.75
79.29,19.75
80.00,19.11
80.71,19.25
81.43,19.10
82.14,18.43
82.86,18.50
83.57,18.63
84.29,17.28
85.00,16.81
85.71,16.57
86.43,16.62
87.14,16.42
87.86,15.43
88.57,15.35
89.29,14.90
90.00,14.95
90.71,14.30
91.43,13.65
92.14,13.69
92.86,13.68
93.57,13.76
94.29,13.79
95.00,13.45
95.71,13.49
96.43,13.55
97.14,13.55
97.86,13.30
98.57,12.84
99.29,12.33
100.00,11.57
Tabela,3121.92
Revocação,Precisão
0.00,50.00
10.00,57.69
20.00,39.73
30.00,37.17
40.00,33.94
50.00,30.84
60.00,26.17
70.00,22.32
80.00,19.25
90.00,14.30
100.00,11.57



Consulta Num,45

Pontos
Revocação,Precisão
5.00,33.33
10.00,28.57
15.00,27.27
20.00,28.57
25.00,7.69
30.00,7.89
35.00,5.79
40.00,5.30
45.00,5.29
50.00,5.59
55.00,3.49
60.00,3.66
65.00,3.83
70.00,4.08
75.00,3.92
80.00,3.14
85.00,2.93
90.00,2.71
95.00,1.75
100.00,1.68
Tabela,1070.22
Revocação,Precisão
0.00,33.33
10.00,28.57
20.00,28.57
30.00,7.89
40.00,5.30
50.00,5.59
60.00,3.66
70.00,4.08
80.00,3.14
90.00,2.71
100.00,1.68



Consulta Num,46

Pontos
Revocação,Precisão
5.56,100.00
11.11,100.00
16.67,37.50
22.22,20.00
27.78,14.71
33.33,9.09
38.89,7.29
44.44,7.55
50.00,7.56
55.56,6.62
61.11,4.37
66.67,3.23
72.22,2.59
77.78,2.77
83.33,2.61
88.89,2.73
94.44,2.06
100.00,1.84
Tabela,2067.53
Revocação,Precisão
0.00,100.00
10.00,100.00
20.00,20.00
30.00,9.09
40.00,7.55
50.00,7.56
60.00,4.37
70.00,2.59
80.00,2.61
90.00,2.06
100.00,1.84



Consulta Num,47

Pontos
Revocação,Precisão
1.67,12.50
3.33,14.29
5.00,18.75
6.67,12.50
8.33,13.51
10.00,15.00
11.67,12.96
13.33,13.33
15.00,13.64
16.67,10.99
18.33,11.58
20.00,11.76
21.67,10.32
23.33,9.33
25.00,9.55
26.67,8.21
28.33,8.33
30.00,8.41
31.67,8.41
33.33,8.33
35.00,8.47
36.67,8.63
38.33,8.61
40.00,8.60
41.67,8.90
43.33,8.28
45.00,8.16
46.67,7.82
48.33,8.08
50.00,7.67
51.67,7.85
53.33,7.86
55.00,7.91
56.67,7.54
58.33,7.66
60.00,7.74
61.67,7.27
63.33,7.21
65.00,7.29
66.67,7.43
68.33,7.19
70.00,7.20
71.67,7.28
73.33,7.26
75.00,7.26
76.67,7.19
78.33,6.85
80.00,6.66
81.67,6.73
83.33,6.48
85.00,6.42
86.67,6.41
88.33,5.98
90.00,5.95
91.67,5.98
93.33,5.30
95.00,5.38
96.67,5.04
98.33,4.95
100.00,4.97
Tabela,875.11
Revocação,Precisão
0.00,12.50
10.00,15.00
20.00,11.76
30.00,8.41
40.00,8.60
50.00,7.85
60.00,7.27
70.00,7.28
80.00,6.66
90.00,5.95
100.00,4.97



Consulta Num,48

Pontos
Revocação,Precisão
3.33,100.00
6.67,100.00
10.00,100.00
13.33,28.57
16.67,17.86
20.00,20.00
23.33,20.00
26.67,21.62
30.00,23.68
33.33,25.00
36.67,23.40
40.00,19.05
43.33,20.00
46.67,15.73
50.00,15.31
53.33,13.33
56.67,13.60
60.00,10.40
63.33,10.92
66.67,11.43
70.00,10.24
73.33,10.05
76.67,8.52
80.00,8.63
83.33,7.14
86.67,6.13
90.00,3.63
93.33,2.80
96.67,2.72
100.00,2.54
Tabela,2627.05
Revocação,Precisão
0.00,100.00
10.00,100.00
20.00,20.00
30.00,25.00
40.00,19.05
50.00,15.31
60.00,10.40
70.00,10.24
80.00,8.63
90.00,2.80
100.00,2.54



Consulta Num,49

Pontos
Revocação,Precisão
2.78,100.00
5.56,100.00
8.33,100.00
11.11,100.00
13.89,100.00
16.67,100.00
19.44,100.00
22.22,88.89
25.00,90.00
27.78,90.91
30.56,91.67
33.33,75.00
36.11,61.90
38.89,60.87
41.67,30.00
44.44,29.63
47.22,21.25
50.00,9.47
52.78,9.84
55.56,7.94
58.33,7.98
61.11,7.83
63.89,7.14
66.67,7.32
69.44,7.58
72.22,7.65
75.00,7.92
77.78,8.02
80.56,7.36
83.33,5.21
86.11,5.12
88.89,4.41
91.67,4.26
94.44,3.85
97.22,3.77
100.00,3.49
Tabela,3988.74
Revocação,Precisão
0.00,100.00
10.00,100.00
20.00,88.89
30.00,91.67
40.00,30.00
50.00,9.47
60.00,7.83
70.00,7.65
80.00,7.36
90.00,4.26
100.00,3.49



Consulta Num,50

Pontos
Revocação,Precisão
4.00,100.00
8.00,100.00
12.00,100.00
16.00,66.67
20.00,55.56
24.00,35.29
28.00,26.92
32.00,17.39
36.00,12.33
40.00,9.62
44.00,9.40
48.00,9.23
52.00,6.50
56.00,5.28
60.00,4.53
64.00,3.45
68.00,3.62
72.00,3.40
76.00,3.23
80.00,3.37
84.00,2.61
88.00,2.55
92.00,2.20
96.00,2.12
100.00,2.04
Tabela,2535.80
Revocação,Precisão
0.00,100.00
10.00,100.00
20.00,55.56
30.00,17.39
40.00,9.62
50.00,6.50
60.00,4.53
70.00,3.40
80.00,3.37
90.00,2.20
100.00,2.04



Consulta Num,51

Pontos
Revocação,Precisão
0.41,100.00
0.83,50.00
1.24,60.00
1.66,66.67
2.07,35.71
2.49,37.50
2.90,36.84
3.32,40.00
3.73,40.91
4.15,43.48
4.56,44.00
4.98,46.15
5.39,48.15
5.81,46.67
6.22,46.88
6.64,48.48
7.05,42.50
7.47,43.90
7.88,44.19
8.30,43.48
8.71,41.18
9.13,42.31
9.54,43.40
9.96,43.64
10.37,40.98
10.79,40.63
11.20,41.54
11.62,41.79
12.03,42.65
12.45,43.48
12.86,38.75
13.28,39.51
13.69,40.24
14.11,38.20
14.52,38.89
14.94,39.13
15.35,39.78
15.77,40.00
16.18,39.80
16.60,40.40
17.01,38.32
17.43,38.53
17.84,39.09
18.26,38.94
18.67,39.13
19.09,37.70
19.50,37.60
19.92,37.50
20.33,37.98
20.75,38.46
21.16,37.78
21.58,37.68
21.99,36.81
22.41,36.24
22.82,36.42
23.24,33.53
23.65,33.33
24.07,33.53
24.48,33.71
24.90,33.33
25.31,33.70
25.73,33.70
26.14,33.87
26.56,34.22
26.97,32.18
27.39,32.04
27.80,31.60
28.22,31.48
28.63,31.65
29.05,31.82
29.46,32.13
29.88,32.00
30.29,32.30
30.71,32.31
31.12,32.61
31.54,32.48
31.95,32.63
32.37,32.91
32.78,33.19
33.20,33.47
33.61,33.75
34.02,33.33
34.44,33.47
34.85,33.47
35.27,32.08
35.68,30.39
36.10,30.00
36.51,29.53
36.93,29.57
37.34,29.80
37.76,29.93
38.17,29.02
38.59,28.97
39.00,28.92
39.42,27.54
39.83,27.67
40.25,27.87
40.66,27.92
41.08,28.13
41.49,28.17
41.91,27.75
42.32,27.95
42.74,27.69
43.15,27.81
43.57,27.85
43.98,28.04
44.40,28.16
44.81,27.48
45.23,26.98
45.64,26.83
46.06,26.75
46.47,26.60
46.89,26.53
47.30,26.70
47.72,26.50
48.13,26.54
48.55,26.35
48.96,26.11
49.38,26.27
49.79,26.43
50.21,26.36
50.62,26.41
51.04,26.57
51.45,26.61
51.87,26.21
52.28,26.36
52.70,26.29
53.11,26.45
53.53,26.60
53.94,26.05
54.36,26.20
54.77,26.29
55.19,26.03
55.60,25.92
56.02,25.86
56.43,25.71
56.85,25.70
57.26,25.84
57.68,25.98
58.09,26.07
58.51,26.21
58.92,26.06
59.34,26.05
59.75,26.09
60.17,26.22
60.58,26.21
61.00,26.16
61.41,26.24
61.83,26.23
62.24,26.00
62.66,26.03
63.07,25.81
63.49,25.93
63.90,26.06
64.32,26.09
64.73,26.09
65.15,26.17
65.56,26.29
65.98,26.19
66.39,25.56
66.80,25.24
67.22,25.04
67.63,24.73
68.05,24.55
68.46,24.63
68.88,24.48
69.29,24.59
69.71,24.63
70.12,24.74
70.54,24.82
70.95,24.60
71.37,24.54
71.78,24.44
72.20,24.40
72.61,24.44
73.03,24.28
73.44,24.38
73.86,24.25
74.27,24.12
74.69,23.72
75.10,23.63
75.52,23.58
75.93,23.22
76.35,23.06
76.76,23.01
77.18,23.11
77.59,23.20
78.01,23.12
78.42,23.22
78.84,23.23
79.25,23.26
79.67,23.36
80.08,23.34
80.50,23.43
80.91,23.35
81.33,23.42
81.74,23.42
82.16,23.43
82.57,23.52
82.99,23.58
83.40,23.45
83.82,23.52
84.23,23.60
84.65,23.56
85.06,23.54
85.48,23.57
85.89,23.60
86.31,23.45
86.72,22.77
87.14,22.73
87.55,22.45
87.97,22.53
88.38,22.35
88.80,22.41
89.21,22.30
89.63,22.18
90.04,22.23
90.46,21.69
90.87,21.66
91.29,21.70
91.70,21.71
92.12,21.60
92.53,21.28
92.95,21.29
93.36,21.31
93.78,21.24
94.19,21.14
94.61,21.19
95.02,21.20
95.44,21.00
95.85,20.75
96.27,20.77
96.68,20.66
97.10,20.28
97.51,20.05
97.93,19.73
98.34,19.80
98.76,19.83
99.17,19.88
99.59,19.88
100.00,19.59
Tabela,3218.36
Revocação,Precisão
0.00,100.00
10.00,40.98
20.00,37.98
30.00,32.30
40.00,27.87
50.00,26.36
60.00,26.22
70.00,24.74
80.00,23.34
90.00,22.23
100.00,19.59



Consulta Num,52

Pontos
Revocação,Precisão
50.00,20.00
100.00,3.85
Tabela,1273.08
Revocação,Precisão
0.00,20.00
10.00,20.00
20.00,20.00
30.00,20.00
40.00,20.00
50.00,20.00
60.00,3.85
70.00,3.85
80.00,3.85
90.00,3.85
100.00,3.85



Consulta Num,53

Pontos
Revocação,Precisão
4.35,100.00
8.70,33.33
13.04,42.86
17.39,50.00
21.74,35.71
26.09,31.58
30.43,26.92
34.78,15.69
39.13,17.31
43.48,13.51
47.83,13.25
52.17,13.48
56.52,14.44
60.87,14.74
65.22,15.00
69.57,14.68
73.91,11.33
78.26,4.17
82.61,3.61
86.96,3.77
91.30,2.90
95.65,2.87
100.00,2.92
Tabela,2165.35
Revocação,Precisão
0.00,100.00
10.00,42.86
20.00,35.71
30.00,26.92
40.00,13.51
50.00,13.48
60.00,14.74
70.00,11.33
80.00,3.61
90.00,2.90
100.00,2.92



Consulta Num,54

Pontos
Revocação,Precisão
1.61,100.00
3.23,100.00
4.84,75.00
6.45,66.67
8.06,62.50
9.68,66.67
11.29,70.00
12.90,72.73
14.52,60.00
16.13,55.56
17.74,57.89
19.35,60.00
20.97,50.00
22.58,50.00
24.19,51.72
25.81,51.61
27.42,51.52
29.03,50.00
30.65,39.58
32.26,38.46
33.87,37.50
35.48,36.67
37.10,33.33
38.71,31.58
40.32,32.05
41.94,31.71
43.55,29.03
45.16,22.40
46.77,22.31
48.39,18.40
50.00,18.79
51.61,18.71
53.23,18.23
54.84,17.80
56.45,17.24
58.06,17.48
59.68,17.70
61.29,17.84
62.90,14.77
64.52,15.04
66.13,15.02
67.74,11.90
69.35,11.85
70.97,12.05
72.58,11.17
74.19,11.25
75.81,10.80
77.42,10.86
79.03,11.04
80.65,11.09
82.26,10.87
83.87,10.22
85.48,8.48
87.10,7.99
88.71,8.01
90.32,7.35
91.94,7.42
93.55,7.25
95.16,6.81
96.77,5.77
98.39,5.51
100.00,5.08
Tabela,3112.18
Revocação,Precisão
0.00,100.00
10.00,70.00
20.00,50.00
30.00,39.58
40.00,32.05
50.00,18.71
60.00,17.84
70.00,12.05
80.00,11.09
90.00,7.35
100.00,5.08



Consulta Num,55

Pontos
Revocação,Precisão
4.17,5.26
8.33,7.69
12.50,6.12
16.67,5.88
20.83,3.82
25.00,4.55
29.17,3.55
33.33,3.20
37.50,3.02
41.67,3.29
45.83,3.53
50.00,3.55
54.17,3.49
58.33,3.57
62.50,3.50
66.67,2.91
70.83,2.36
75.00,1.91
79.17,1.96
83.33,2.06
87.50,2.03
91.67,2.04
95.83,2.05
100.00,1.99
Tabela,334.99
Revocação,Precisão
0.00,5.26
10.00,6.12
20.00,3.82
30.00,3.20
40.00,3.29
50.00,3.49
60.00,3.50
70.00,2.36
80.00,2.06
90.00,2.04
100.00,1.99



Consulta Num,56

Pontos
Revocação,Precisão
3.13,100.00
6.25,11.76
9.38,15.79
12.50,16.00
15.63,15.15
18.75,3.97
21.88,4.07
25.00,4.00
28.13,3.96
31.25,4.17
34.38,3.67
37.50,3.37
40.63,3.53
43.75,3.42
46.88,3.18
50.00,2.63
53.13,2.64
56.25,2.79
59.38,2.91
62.50,2.64
65.63,2.44
68.75,2.48
71.88,2.58
75.00,2.69
78.13,2.62
81.25,2.66
84.38,2.72
87.50,2.79
90.63,2.88
93.75,2.94
96.88,2.80
100.00,2.73
Tabela,925.20
Revocação,Precisão
0.00,100.00
10.00,16.00
20.00,4.07
30.00,4.17
40.00,3.53
50.00,2.63
60.00,2.64
70.00,2.58
80.00,2.66
90.00,2.88
100.00,2.73



Consulta Num,57

Pontos
Revocação,Precisão
1.96,100.00
3.92,100.00
5.88,75.00
7.84,80.00
9.80,62.50
11.76,60.00
13.73,58.33
15.69,57.14
17.65,60.00
19.61,62.50
21.57,64.71
23.53,66.67
25.49,68.42
27.45,66.67
29.41,65.22
31.37,61.54
33.33,53.13
35.29,54.55
37.25,52.78
39.22,54.05
41.18,52.50
43.14,53.66
45.10,52.27
47.06,53.33
49.02,48.08
50.98,44.83
52.94,45.76
54.90,46.67
56.86,47.54
58.82,35.71
60.78,33.70
62.75,30.48
64.71,28.21
66.67,27.64
68.63,20.71
70.59,18.75
72.55,19.07
74.51,15.32
76.47,14.29
78.43,14.49
80.39,13.18
82.35,11.32
84.31,10.34
86.27,10.26
88.24,10.14
90.20,9.00
92.16,5.38
94.12,5.29
96.08,4.45
98.04,4.51
100.00,4.13
Tabela,4102.68
Revocação,Precisão
0.00,100.00
10.00,60.00
20.00,64.71
30.00,61.54
40.00,52.50
50.00,44.83
60.00,33.70
70.00,18.75
80.00,13.18
90.00,9.00
100.00,4.13



Consulta Num,58

Pontos
Revocação,Precisão
1.05,100.00
2.11,100.00
3.16,50.00
4.21,57.14
5.26,45.45
6.32,50.00
7.37,53.85
8.42,57.14
9.47,50.00
10.53,52.63
11.58,55.00
12.63,54.55
13.68,56.52
14.74,58.33
15.79,51.72
16.84,45.71
17.89,36.96
18.95,37.50
20.00,38.00
21.05,39.22
22.11,38.89
23.16,40.00
24.21,29.87
25.26,30.00
26.32,30.49
27.37,30.59
28.42,31.40
29.47,31.82
30.53,32.58
31.58,31.25
32.63,28.18
33.68,28.32
34.74,28.70
35.79,27.42
36.84,25.74
37.89,26.09
38.95,22.84
40.00,22.22
41.05,20.97
42.11,21.39
43.16,21.81
44.21,22.22
45.26,22.05
46.32,22.45
47.37,20.27
48.42,20.54
49.47,19.18
50.53,19.28
51.58,17.82
52.63,14.01
53.68,14.21
54.74,14.21
55.79,14.36
56.84,14.36
57.89,14.40
58.95,14.47
60.00,13.60
61.05,13.55
62.11,13.53
63.16,13.54
64.21,13.20
65.26,12.70
66.32,12.80
67.37,12.85
68.42,13.00
69.47,12.74
70.53,12.14
71.58,10.90
72.63,10.60
73.68,10.17
74.74,10.00
75.79,9.89
76.84,9.72
77.89,9.80
78.95,9.92
80.00,10.03
81.05,9.57
82.11,9.23
83.16,9.31
84.21,9.21
85.26,9.29
86.32,9.35
87.37,9.06
88.42,9.00
89.47,8.83
90.53,8.44
91.58,8.50
92.63,8.45
93.68,8.40
94.74,8.39
95.79,8.20
96.84,8.28
97.89,8.20
98.95,8.17
100.00,7.81
Tabela,2628.29
Revocação,Precisão
0.00,100.00
10.00,52.63
20.00,38.00
30.00,32.58
40.00,22.22
50.00,19.28
60.00,13.60
70.00,12.14
80.00,10.03
90.00,8.44
100.00,7.81



Consulta Num,59

Pontos
Revocação,Precisão
0.69,20.00
1.38,28.57
2.07,27.27
2.76,25.00
3.45,27.78
4.14,30.00
4.83,25.93
5.52,19.51
6.21,18.37
6.90,20.00
7.59,20.00
8.28,16.67
8.97,17.57
9.66,18.67
10.34,19.48
11.03,19.75
11.72,20.24
12.41,17.14
13.10,16.52
13.79,15.50
14.48,14.79
15.17,15.17
15.86,15.13
16.55,15.29
17.24,15.63
17.93,16.15
18.62,16.27
19.31,16.28
20.00,16.38
20.69,16.30
21.38,16.15
22.07,16.49
22.76,16.58
23.45,16.75
24.14,17.16
24.83,17.48
25.52,15.61
26.21,15.77
26.90,14.72
27.59,14.98
28.28,15.24
28.97,15.33
29.66,15.14
30.34,15.17
31.03,15.25
31.72,13.94
32.41,13.95
33.10,13.95
33.79,14.00
34.48,13.77
35.17,13.64
35.86,13.16
36.55,13.18
37.24,13.04
37.93,13.13
38.62,13.30
39.31,13.51
40.00,13.68
40.69,13.88
41.38,13.92
42.07,13.90
42.76,14.09
43.45,14.29
44.14,13.91
44.83,13.83
45.52,13.89
46.21,13.65
46.90,13.68
47.59,13.83
48.28,14.00
48.97,14.12
49.66,14.29
50.34,14.07
51.03,14.10
51.72,14.23
52.41,13.74
53.10,13.77
53.79,13.18
54.48,13.30
55.17,12.94
55.86,13.04
56.55,13.12
57.24,12.93
57.93,12.98
58.62,13.12
59.31,13.25
60.00,13.16
60.69,13.27
61.38,13.34
62.07,13.45
62.76,13.40
63.45,13.45
64.14,13.44
64.83,13.20
65.52,13.32
66.21,13.45
66.90,13.43
67.59,13.05
68.28,12.99
68.97,13.05
69.66,12.92
70.34,12.88
71.03,12.84
71.72,12.73
72.41,12.80
73.10,12.60
73.79,12.66
74.48,12.75
75.17,12.79
75.86,12.72
76.55,12.57
77.24,12.57
77.93,12.61
78.62,12.58
79.31,12.49
80.00,12.31
80.69,12.41
81.38,12.03
82.07,11.94
82.76,11.93
83.45,11.93
84.14,11.88
84.83,11.96
85.52,11.82
86.21,11.84
86.90,11.74
87.59,11.78
88.28,11.75
88.97,11.83
89.66,11.86
90.34,11.89
91.03,11.95
91.72,11.83
92.41,11.91
93.10,11.97
93.79,12.05
94.48,12.04
95.17,11.95
95.86,11.99
96.55,11.94
97.24,11.96
97.93,12.00
98.62,11.93
Tabela,1390.24
Revocação,Precisão
0.00,20.00
10.00,19.48
20.00,16.38
30.00,15.17
40.00,13.68
50.00,14.07
60.00,13.16
70.00,12.88
80.00,12.31
90.00,11.89
100.00,0.00



Consulta Num,60

Pontos
Revocação,Precisão
2.94,2.44
5.88,3.51
8.82,4.17
11.76,5.19
14.71,5.26
17.65,4.80
20.59,5.30
23.53,5.48
26.47,5.29
29.41,4.41
32.35,3.36
35.29,2.77
38.24,2.90
41.18,2.98
44.12,3.14
47.06,3.12
50.00,2.69
52.94,2.81
55.88,2.95
58.82,3.00
61.76,3.08
64.71,3.06
67.65,2.85
70.59,2.97
73.53,2.81
76.47,2.86
79.41,2.94
82.35,3.04
85.29,3.12
88.24,2.99
91.18,3.07
94.12,3.14
97.06,3.04
100.00,3.02
Tabela,345.34
Revocação,Precisão
0.00,2.44
10.00,5.19
20.00,5.30
30.00,3.36
40.00,2.98
50.00,2.81
60.00,3.08
70.00,2.97
80.00,3.04
90.00,3.07
100.00,3.02



Consulta Num,61

Pontos
Revocação,Precisão
1.43,100.00
2.86,100.00
4.29,100.00
5.71,100.00
7.14,100.00
8.57,85.71
10.00,77.78
11.43,80.00
12.86,81.82
14.29,71.43
15.71,61.11
17.14,54.55
18.57,52.00
20.00,46.67
21.43,45.45
22.86,43.24
24.29,34.69
25.71,36.00
27.14,36.54
28.57,33.33
30.00,31.34
31.43,27.85
32.86,28.75
34.29,25.26
35.71,25.77
37.14,24.76
38.57,24.55
40.00,21.54
41.43,21.01
42.86,20.83
44.29,19.38
45.71,19.75
47.14,16.84
48.57,16.43
50.00,15.02
51.43,13.14
52.86,12.29
54.29,11.38
55.71,11.05
57.14,10.90
58.57,10.30
60.00,10.17
61.43,10.36
62.86,9.61
64.29,9.68
65.71,9.52
67.14,9.36
68.57,8.12
70.00,7.88
71.43,7.95
72.86,7.45
74.29,7.47
75.71,7.58
77.14,7.64
78.57,7.76
80.00,7.75
81.43,7.87
82.86,7.89
84.29,7.55
85.71,7.19
87.14,7.24
88.57,7.22
90.00,7.30
91.43,7.36
92.86,7.22
94.29,6.41
95.71,6.06
97.14,6.13
98.57,6.15
100.00,6.19
Tabela,2733.04
Revocação,Precisão
0.00,100.00
10.00,77.78
20.00,45.45
30.00,27.85
40.00,21.01
50.00,15.02
60.00,10.17
70.00,7.88
80.00,7.75
90.00,7.30
100.00,6.19



Consulta Num,62

Pontos
Revocação,Precisão
0.69,100.00
1.39,100.00
2.08,100.00
2.78,100.00
3.47,100.00
4.17,75.00
4.86,70.00
5.56,72.73
6.25,69.23
6.94,71.43
7.64,47.83
8.33,40.00
9.03,40.63
9.72,36.84
10.42,34.88
11.11,32.65
11.81,33.33
12.50,34.62
13.19,30.65
13.89,27.78
14.58,28.77
15.28,29.33
15.97,28.05
16.67,28.57
17.36,29.41
18.06,29.21
18.75,29.35
19.44,29.47
20.14,29.29
20.83,29.13
21.53,26.72
22.22,26.89
22.92,26.83
23.61,26.77
24.31,27.34
25.00,26.47
25.69,26.62
26.39,25.00
27.08,23.64
27.78,24.10
28.47,24.12
29.17,24.14
29.86,23.63
30.56,23.66
31.25,22.50
31.94,22.89
32.64,23.27
33.33,23.65
34.03,22.79
34.72,22.83
35.42,22.47
36.11,22.13
36.81,22.46
37.50,22.69
38.19,21.32
38.89,21.54
39.58,21.84
40.28,20.94
40.97,20.85
41.67,21.05
42.36,21.25
43.06,20.33
43.75,20.59
44.44,20.06
45.14,20.06
45.83,20.06
46.53,19.94
47.22,19.65
47.92,19.71
48.61,19.77
49.31,19.72
50.00,18.85
50.69,18.07
51.39,17.70
52.08,17.86
52.78,18.01
53.47,18.16
54.17,17.69
54.86,17.79
55.56,17.58
56.25,17.72
56.94,17.37
57.64,17.08
58.33,16.97
59.03,17.00
59.72,16.20
60.42,16.35
61.11,16.30
61.81,16.30
62.50,16.39
63.19,16.19
63.89,16.31
64.58,16.40
65.28,16.15
65.97,16.18
66.67,16.27
67.36,15.52
68.06,15.58
68.75,15.33
69.44,15.43
70.14,15.44
70.83,15.50
71.53,15.47
72.22,15.23
72.92,14.87
73.61,14.78
74.31,14.80
75.00,14.88
75.69,14.83
76.39,14.82
77.08,14.49
77.78,14.30
78.47,14.39
79.17,14.02
79.86,14.09
80.56,13.96
81.25,14.03
81.94,13.93
82.64,13.93
83.33,13.47
84.03,13.44
84.72,13.28
85.42,13.17
86.11,13.19
86.81,12.83
87.50,12.92
88.19,12.71
88.89,12.74
89.58,12.56
90.28,12.58
90.97,12.16
91.67,12.22
92.36,11.94
93.06,11.81
93.75,11.80
94.44,11.75
95.14,11.73
95.83,11.61
96.53,11.68
97.22,11.50
97.92,11.55
98.61,11.56
99.31,11.58
100.00,11.64
Tabela,2410.02
Revocação,Precisão
0.00,100.00
10.00,34.88
20.00,29.29
30.00,23.66
40.00,20.94
50.00,18.07
60.00,16.35
70.00,15.44
80.00,13.96
90.00,12.58
100.00,11.64



Consulta Num,63

Pontos
Revocação,Precisão
2.56,25.00
5.13,11.11
7.69,13.64
10.26,16.00
12.82,17.24
15.38,18.18
17.95,15.91
20.51,14.55
23.08,15.79
25.64,15.87
28.21,13.92
30.77,9.60
33.33,7.83
35.90,6.64
38.46,6.82
41.03,6.64
43.59,6.39
46.15,6.23
48.72,6.48
51.28,6.80
53.85,5.95
56.41,4.89
58.97,4.04
61.54,4.18
64.10,3.47
66.67,3.58
69.23,3.59
71.79,3.60
74.36,3.36
76.92,3.35
79.49,3.34
82.05,3.26
84.62,3.30
87.18,3.07
89.74,3.11
92.31,3.07
94.87,3.15
97.44,3.10
100.00,3.17
Tabela,817.83
Revocação,Precisão
0.00,25.00
10.00,16.00
20.00,14.55
30.00,9.60
40.00,6.64
50.00,6.80
60.00,4.18
70.00,3.60
80.00,3.26
90.00,3.07
100.00,3.17



Consulta Num,64

Pontos
Revocação,Precisão
2.00,12.50
4.00,15.38
6.00,15.00
8.00,18.18
10.00,20.83
12.00,24.00
14.00,25.93
16.00,21.62
18.00,20.93
20.00,18.87
22.00,16.18
24.00,15.38
26.00,13.00
28.00,13.08
30.00,13.04
32.00,9.41
34.00,9.77
36.00,9.84
38.00,10.05
40.00,9.66
42.00,9.81
44.00,9.82
46.00,9.24
48.00,8.48
50.00,6.54
52.00,6.77
54.00,6.78
56.00,6.11
58.00,6.24
60.00,5.58
62.00,5.72
64.00,5.61
66.00,5.52
68.00,5.68
70.00,5.65
72.00,5.66
74.00,5.51
76.00,5.40
78.00,5.14
80.00,5.23
82.00,5.02
84.00,5.07
86.00,5.05
88.00,5.14
90.00,4.63
92.00,4.57
94.00,4.61
96.00,4.61
98.00,4.48
100.00,4.07
Tabela,983.17
Revocação,Precisão
0.00,12.50
10.00,20.83
20.00,18.87
30.00,13.04
40.00,9.66
50.00,6.54
60.00,5.58
70.00,5.65
80.00,5.23
90.00,4.63
100.00,4.07



Consulta Num,65

Pontos
Revocação,Precisão
1.06,50.00
2.13,66.67
3.19,60.00
4.26,57.14
5.32,41.67
6.38,35.29
7.45,36.84
8.51,40.00
9.57,42.86
10.64,41.67
11.70,42.31
12.77,40.00
13.83,37.14
14.89,38.89
15.96,40.54
17.02,39.02
18.09,40.48
19.15,31.03
20.21,31.15
21.28,30.30
22.34,31.34
23.40,32.35
24.47,33.33
25.53,25.53
26.60,22.73
27.66,22.22
28.72,22.88
29.79,20.59
30.85,21.17
31.91,18.75
32.98,17.61
34.04,17.88
35.11,16.58
36.17,16.27
37.23,15.70
38.30,14.81
39.36,14.51
40.43,14.18
41.49,14.39
42.55,14.71
43.62,13.85
44.68,13.68
45.74,13.78
46.81,13.66
47.87,13.72
48.94,13.98
50.00,13.35
51.06,13.56
52.13,13.73
53.19,13.37
54.26,13.53
55.32,13.16
56.38,13.32
57.45,13.33
58.51,13.41
59.57,13.63
60.64,13.64
61.70,13.68
62.77,13.82
63.83,13.57
64.89,13.29
65.96,13.30
67.02,13.21
68.09,12.93
69.15,12.08
70.21,11.66
71.28,11.57
72.34,11.53
73.40,11.37
74.47,11.44
75.53,11.58
76.60,10.81
77.66,10.27
78.72,10.05
79.79,9.92
80.85,9.68
81.91,9.45
82.98,9.55
84.04,9.59
85.11,9.22
86.17,9.24
87.23,9.32
88.30,8.94
89.36,8.99
90.43,8.71
91.49,8.79
92.55,8.76
93.62,8.40
94.68,8.40
95.74,8.45
96.81,8.24
97.87,7.92
98.94,7.89
100.00,7.64
Tabela,1942.26
Revocação,Precisão
0.00,50.00
10.00,41.67
20.00,31.15
30.00,21.17
40.00,14.18
50.00,13.56
60.00,13.64
70.00,11.66
80.00,9.68
90.00,8.71
100.00,7.64



Consulta Num,66

Pontos
Revocação,Precisão
1.59,100.00
3.17,50.00
4.76,60.00
6.35,66.67
7.94,41.67
9.52,46.15
11.11,46.67
12.70,44.44
14.29,47.37
15.87,26.32
17.46,26.83
19.05,19.67
20.63,19.40
22.22,19.44
23.81,18.52
25.40,15.09
26.98,15.74
28.57,16.07
30.16,13.67
31.75,12.12
33.33,10.88
34.92,10.43
36.51,10.70
38.10,10.53
39.68,9.23
41.27,9.15
42.86,9.41
44.44,9.72
46.03,9.73
47.62,9.49
49.21,8.66
50.79,8.72
52.38,8.92
53.97,8.40
55.56,8.54
57.14,8.16
58.73,7.96
60.32,7.54
61.90,6.90
63.49,6.68
65.08,6.49
66.67,6.30
68.25,6.32
69.84,6.32
71.43,6.06
73.02,6.14
74.60,6.23
76.19,6.23
77.78,6.29
79.37,5.97
80.95,5.79
82.54,5.80
84.13,5.64
85.71,5.54
87.30,5.20
88.89,5.10
90.48,5.08
92.06,5.11
93.65,5.18
95.24,5.23
96.83,5.30
98.41,5.05
100.00,5.09
Tabela,1746.37
Revocação,Precisão
0.00,100.00
10.00,46.67
20.00,19.40
30.00,13.67
40.00,9.15
50.00,8.72
60.00,7.54
70.00,6.06
80.00,5.79
90.00,5.08
100.00,5.09



Consulta Num,67

Pontos
Revocação,Precisão
7.14,20.00
14.29,8.00
21.43,7.50
28.57,6.90
35.71,6.49
42.86,4.51
50.00,5.19
57.14,4.65
64.29,3.36
71.43,1.43
78.57,1.06
85.71,1.15
92.86,1.09
100.00,1.17
Tabela,493.15
Revocação,Precisão
0.00,20.00
10.00,8.00
20.00,7.50
30.00,6.49
40.00,4.51
50.00,5.19
60.00,3.36
70.00,1.43
80.00,1.15
90.00,1.09
100.00,1.17



Consulta Num,68

Pontos
Revocação,Precisão
2.22,20.00
4.44,3.39
6.67,4.48
8.89,3.64
11.11,4.46
13.33,5.31
15.56,5.51
17.78,5.56
20.00,6.04
22.22,6.02
24.44,5.61
26.67,4.84
28.89,5.06
31.11,5.41
33.33,5.54
35.56,5.65
37.78,5.76
40.00,5.66
42.22,5.64
44.44,5.68
46.67,5.93
48.89,5.95
51.11,5.74
53.33,5.16
55.56,4.69
57.78,4.69
60.00,4.65
62.22,4.79
64.44,4.79
66.67,4.93
68.89,4.38
71.11,4.10
73.33,4.21
75.56,4.27
77.78,4.37
80.00,4.23
82.22,4.34
84.44,4.21
86.67,4.31
88.89,4.38
91.11,4.42
93.33,4.07
95.56,3.84
97.78,3.84
100.00,3.66
Tabela,566.37
Revocação,Precisão
0.00,20.00
10.00,4.46
20.00,6.02
30.00,5.41
40.00,5.64
50.00,5.74
60.00,4.79
70.00,4.10
80.00,4.23
90.00,4.42
100.00,3.66



Consulta Num,69

Pontos
Revocação,Precisão
6.67,100.00
13.33,16.67
20.00,13.64
26.67,8.33
33.33,7.35
40.00,7.14
46.67,4.64
53.33,2.89
60.00,2.27
66.67,2.16
73.33,2.34
80.00,2.06
86.67,2.07
93.33,1.50
100.00,1.24
Tabela,1063.58
Revocação,Precisão
0.00,100.00
10.00,16.67
20.00,13.64
30.00,7.35
40.00,7.14
50.00,2.89
60.00,2.16
70.00,2.34
80.00,2.06
90.00,1.50
100.00,1.24



Consulta Num,70

Pontos
Revocação,Precisão
5.88,50.00
11.76,66.67
17.65,50.00
23.53,57.14
29.41,29.41
35.29,19.35
41.18,15.91
47.06,10.39
52.94,10.47
58.82,7.52
64.71,7.64
70.59,6.19
76.47,2.95
82.35,3.11
88.24,2.74
94.12,2.58
100.00,1.76
Tabela,2149.35
Revocação,Precisão
0.00,50.00
10.00,66.67
20.00,57.14
30.00,19.35
40.00,15.91
50.00,10.47
60.00,7.64
70.00,6.19
80.00,3.11
90.00,2.58
100.00,1.76



Consulta Num,71

Pontos
Revocação,Precisão
16.67,100.00
33.33,28.57
50.00,27.27
66.67,8.89
83.33,8.20
100.00,0.53
Tabela,2877.69
Revocação,Precisão
0.00,100.00
10.00,100.00
20.00,28.57
30.00,28.57
40.00,27.27
50.00,27.27
60.00,8.89
70.00,8.20
80.00,8.20
90.00,0.53
100.00,0.53



Consulta Num,72

Pontos
Revocação,Precisão
7.69,50.00
15.38,66.67
23.08,75.00
30.77,80.00
38.46,83.33
46.15,50.00
53.85,43.75
61.54,34.78
69.23,4.02
76.92,3.25
84.62,3.38
92.31,3.31
100.00,2.73
Tabela,3865.11
Revocação,Precisão
0.00,50.00
10.00,66.67
20.00,75.00
30.00,80.00
40.00,50.00
50.00,43.75
60.00,34.78
70.00,3.25
80.00,3.38
90.00,3.31
100.00,2.73



Consulta Num,73

Pontos
Revocação,Precisão
5.56,100.00
11.11,100.00
16.67,100.00
22.22,36.36
27.78,38.46
33.33,30.00
38.89,30.43
44.44,25.00
50.00,16.07
55.56,10.64
61.11,10.28
66.67,7.95
72.22,3.27
77.78,2.66
83.33,2.74
88.89,1.94
94.44,1.46
Tabela,2751.83
Revocação,Precisão
0.00,100.00
10.00,100.00
20.00,36.36
30.00,30.00
40.00,25.00
50.00,16.07
60.00,10.28
70.00,3.27
80.00,2.74
90.00,1.46
100.00,0.00



Consulta Num,74

Pontos
Revocação,Precisão
14.29,100.00
28.57,66.67
42.86,2.40
57.14,0.84
71.43,0.93
85.71,0.82
100.00,0.57
Tabela,2258.53
Revocação,Precisão
0.00,100.00
10.00,100.00
20.00,66.67
30.00,2.40
40.00,2.40
50.00,0.84
60.00,0.93
70.00,0.93
80.00,0.82
90.00,0.57
100.00,0.57



Consulta Num,75

Pontos
Revocação,Precisão
4.76,50.00
9.52,66.67
14.29,60.00
19.05,66.67
23.81,50.00
28.57,54.55
33.33,58.33
38.10,61.54
42.86,60.00
47.62,62.50
52.38,39.29
57.14,29.27
61.90,16.46
66.67,5.86
71.43,4.55
76.19,3.57
80.95,2.90
85.71,2.05
90.48,1.78
95.24,1.82
100.00,1.86
Tabela,3192.34
Revocação,Precisão
0.00,50.00
10.00,60.00
20.00,50.00
30.00,58.33
40.00,60.00
50.00,39.29
60.00,16.46
70.00,4.55
80.00,2.90
90.00,1.78
100.00,1.86



Consulta Num,76

Pontos
Revocação,Precisão
5.88,100.00
11.76,66.67
17.65,50.00
23.53,44.44
29.41,4.76
35.29,3.97
41.18,2.13
47.06,2.12
52.94,1.88
58.82,1.88
64.71,1.66
70.59,1.64
76.47,1.71
82.35,1.76
88.24,1.79
94.12,1.70
100.00,1.38
Tabela,1765.33
Revocação,Precisão
0.00,100.00
10.00,66.67
20.00,44.44
30.00,3.97
40.00,2.13
50.00,1.88
60.00,1.66
70.00,1.64
80.00,1.76
90.00,1.70
100.00,1.38



Consulta Num,77

Pontos
Revocação,Precisão
1.22,100.00
2.44,11.76
3.66,11.11
4.88,13.33
6.10,7.94
7.32,8.33
8.54,8.75
9.76,8.79
10.98,9.09
12.20,8.20
13.41,8.94
14.63,8.76
15.85,8.61
17.07,7.82
18.29,8.24
19.51,8.42
20.73,8.67
21.95,9.14
23.17,8.44
24.39,8.40
25.61,8.27
26.83,8.46
28.05,7.93
29.27,8.19
30.49,7.72
31.71,7.72
32.93,7.54
34.15,7.65
35.37,7.84
36.59,7.73
37.80,7.47
39.02,7.13
40.24,7.33
41.46,7.36
42.68,6.69
43.90,6.83
45.12,6.69
46.34,6.37
47.56,6.52
48.78,6.56
50.00,6.41
51.22,6.44
52.44,6.56
53.66,6.46
54.88,6.49
56.10,6.53
57.32,6.63
58.54,6.73
59.76,6.70
60.98,6.78
62.20,6.86
63.41,6.89
64.63,6.90
65.85,6.91
67.07,6.92
68.29,6.84
69.51,6.72
70.73,6.73
71.95,6.74
73.17,6.82
74.39,6.90
75.61,6.84
76.83,6.75
78.05,6.78
79.27,6.88
80.49,6.90
81.71,6.75
82.93,6.84
84.15,6.52
85.37,6.54
86.59,6.50
87.80,6.56
89.02,6.63
90.24,6.58
91.46,6.58
92.68,6.60
93.90,6.41
95.12,6.40
96.34,6.42
97.56,6.48
98.78,6.55
Tabela,1162.33
Revocação,Precisão
0.00,100.00
10.00,9.09
20.00,8.67
30.00,7.72
40.00,7.33
50.00,6.44
60.00,6.78
70.00,6.73
80.00,6.90
90.00,6.58
100.00,0.00



Consulta Num,78

Pontos
Revocação,Precisão
1.30,50.00
2.60,22.22
3.90,13.64
5.19,14.29
6.49,15.63
7.79,18.18
9.09,18.92
10.39,11.76
11.69,12.00
12.99,12.35
14.29,12.09
15.58,10.08
16.88,10.83
18.18,10.94
19.48,11.28
20.78,11.35
22.08,11.41
23.38,11.54
24.68,11.45
25.97,10.99
27.27,10.82
28.57,10.19
29.87,10.31
31.17,10.17
32.47,10.42
33.77,10.74
35.06,9.85
36.36,10.11
37.66,10.39
38.96,9.58
40.26,9.87
41.56,9.61
42.86,9.82
44.16,8.85
45.45,9.04
46.75,8.91
48.05,9.14
49.35,9.13
50.65,9.18
51.95,9.26
53.25,9.40
54.55,9.15
55.84,9.09
57.14,9.24
58.44,9.04
59.74,8.98
61.04,8.70
62.34,8.79
63.64,8.96
64.94,9.03
66.23,9.07
67.53,9.24
68.83,9.11
70.13,9.00
71.43,9.02
72.73,9.17
74.03,9.13
75.32,9.24
76.62,9.37
77.92,9.49
79.22,9.00
80.52,8.40
81.82,7.91
83.12,7.41
84.42,7.46
85.71,7.52
87.01,7.43
88.31,7.23
89.61,7.28
90.91,7.31
92.21,7.27
93.51,6.98
94.81,6.92
96.10,6.76
97.40,6.44
98.70,6.18
100.00,6.22
Tabela,1138.52
Revocação,Precisão
0.00,50.00
10.00,11.76
20.00,11.35
30.00,10.17
40.00,9.87
50.00,9.18
60.00,8.70
70.00,9.00
80.00,8.40
90.00,7.31
100.00,6.22



Consulta Num,79

Pontos
Revocação,Precisão
2.33,50.00
4.65,66.67
6.98,25.00
9.30,25.00
11.63,29.41
13.95,33.33
16.28,33.33
18.60,28.57
20.93,23.68
23.26,17.54
25.58,18.97
27.91,18.46
30.23,19.70
32.56,15.73
34.88,9.68
37.21,6.32
39.53,6.34
41.86,6.41
44.19,6.31
46.51,6.56
48.84,5.80
51.16,5.12
53.49,5.25
55.81,5.30
58.14,5.38
60.47,5.57
62.79,5.01
65.12,4.49
67.44,4.21
69.77,4.30
72.09,4.41
74.42,3.96
76.74,4.04
79.07,3.92
81.40,3.82
83.72,3.91
86.05,3.90
88.37,3.64
90.70,3.68
93.02,3.68
95.35,3.67
97.67,3.71
100.00,3.74
Tabela,1286.58
Revocação,Precisão
0.00,50.00
10.00,29.41
20.00,23.68
30.00,19.70
40.00,6.41
50.00,5.12
60.00,5.57
70.00,4.41
80.00,3.82
90.00,3.68
100.00,3.74



Consulta Num,80

Pontos
Revocação,Precisão
2.94,100.00
5.88,22.22
8.82,30.00
11.76,26.67
14.71,25.00
17.65,28.57
20.59,31.82
23.53,34.78
26.47,33.33
29.41,16.13
32.35,15.49
35.29,16.67
38.24,17.11
41.18,14.58
44.12,12.61
47.06,8.89
50.00,8.37
52.94,7.59
55.88,7.20
58.82,7.04
61.76,6.75
64.71,6.73
67.65,6.46
70.59,5.57
73.53,5.58
76.47,5.60
79.41,4.35
82.35,4.09
85.29,4.18
88.24,4.16
91.18,3.97
94.12,3.62
97.06,3.46
100.00,2.77
Tabela,1679.18
Revocação,Precisão
0.00,100.00
10.00,26.67
20.00,31.82
30.00,15.49
40.00,14.58
50.00,7.59
60.00,6.75
70.00,5.57
80.00,4.09
90.00,3.97
100.00,2.77



Consulta Num,81

Pontos
Revocação,Precisão
3.57,100.00
7.14,100.00
10.71,75.00
14.29,80.00
17.86,83.33
21.43,40.00
25.00,38.89
28.57,14.81
32.14,9.68
35.71,5.95
39.29,6.01
42.86,5.53
46.43,5.53
50.00,5.28
53.57,5.47
57.14,3.48
60.71,3.60
64.29,3.40
67.86,3.50
71.43,3.41
75.00,3.27
78.57,3.35
82.14,3.43
85.71,3.20
89.29,3.14
92.86,3.21
96.43,2.98
100.00,2.69
Tabela,2006.88
Revocação,Precisão
0.00,100.00
10.00,75.00
20.00,40.00
30.00,9.68
40.00,5.53
50.00,5.47
60.00,3.60
70.00,3.41
80.00,3.43
90.00,3.21
100.00,2.69



Consulta Num,82

Pontos
Revocação,Precisão
1.61,50.00
3.23,66.67
4.84,25.00
6.45,16.67
8.06,19.23
9.68,20.69
11.29,18.92
12.90,16.00
14.52,16.07
16.13,14.93
17.74,13.92
19.35,13.33
20.97,10.40
22.58,9.79
24.19,8.52
25.81,8.60
27.42,8.95
29.03,9.42
30.65,9.74
32.26,9.35
33.87,9.09
35.48,8.87
37.10,8.75
38.71,9.09
40.32,9.43
41.94,9.56
43.55,9.78
45.16,9.24
46.77,9.48
48.39,9.38
50.00,8.96
51.61,8.91
53.23,8.13
54.84,8.29
56.45,8.24
58.06,8.41
59.68,7.43
61.29,7.57
62.90,7.65
64.52,7.33
66.13,7.24
67.74,6.97
69.35,7.03
70.97,7.14
72.58,7.10
74.19,6.45
75.81,6.55
77.42,6.57
79.03,6.62
80.65,6.56
82.26,6.60
83.87,6.69
85.48,6.68
87.10,6.78
88.71,6.17
90.32,6.12
91.94,6.04
93.55,5.79
95.16,5.89
96.77,5.44
98.39,4.99
100.00,5.04
Tabela,1123.27
Revocação,Precisão
0.00,50.00
10.00,18.92
20.00,10.40
30.00,9.74
40.00,9.43
50.00,8.91
60.00,7.57
70.00,7.14
80.00,6.56
90.00,6.12
100.00,5.04



Consulta Num,83

Pontos
Revocação,Precisão
3.13,100.00
6.25,100.00
9.38,37.50
12.50,44.44
15.63,31.25
18.75,21.43
21.88,20.00
25.00,16.67
28.13,18.37
31.25,19.23
34.38,20.37
37.50,20.69
40.63,18.57
43.75,16.87
46.88,12.40
50.00,12.60
53.13,12.14
56.25,11.92
59.38,9.36
62.50,9.17
65.63,8.17
68.75,7.83
71.88,7.49
75.00,7.50
78.13,5.88
81.25,4.52
84.38,4.52
87.50,4.35
90.63,3.56
93.75,3.66
96.88,3.35
100.00,2.99
Tabela,1910.84
Revocação,Precisão
0.00,100.00
10.00,44.44
20.00,20.00
30.00,19.23
40.00,18.57
50.00,12.60
60.00,9.17
70.00,7.49
80.00,4.52
90.00,3.56
100.00,2.99



Consulta Num,84

Pontos
Revocação,Precisão
6.25,100.00
12.50,100.00
18.75,75.00
25.00,66.67
31.25,55.56
37.50,54.55
43.75,46.67
50.00,47.06
56.25,50.00
62.50,37.04
68.75,15.94
75.00,14.12
81.25,4.29
87.50,3.77
93.75,1.63
100.00,1.64
Tabela,4238.38
Revocação,Precisão
0.00,100.00
10.00,100.00
20.00,66.67
30.00,55.56
40.00,46.67
50.00,47.06
60.00,37.04
70.00,14.12
80.00,4.29
90.00,1.63
100.00,1.64



Consulta Num,85

Pontos
Revocação,Precisão
3.23,16.67
6.45,5.00
9.68,7.32
12.90,9.52
16.13,4.76
19.35,5.22
22.58,4.29
25.81,4.55
29.03,4.19
32.26,4.46
35.48,4.53
38.71,4.43
41.94,4.26
45.16,4.58
48.39,4.76
51.61,3.70
54.84,3.88
58.06,4.08
61.29,3.75
64.52,3.83
67.74,3.63
70.97,3.42
74.19,3.36
77.42,3.23
80.65,3.16
83.87,3.23
87.10,3.32
90.32,3.38
93.55,3.07
96.77,2.71
Tabela,483.00
Revocação,Precisão
0.00,16.67
10.00,9.52
20.00,4.29
30.00,4.46
40.00,4.26
50.00,3.70
60.00,3.75
70.00,3.42
80.00,3.16
90.00,3.38
100.00,0.00



Consulta Num,86

Pontos
Revocação,Precisão
2.13,50.00
4.26,50.00
6.38,37.50
8.51,44.44
10.64,45.45
12.77,42.86
14.89,46.67
17.02,42.11
19.15,32.14
21.28,31.25
23.40,31.43
25.53,33.33
27.66,28.89
29.79,30.43
31.91,31.91
34.04,32.00
36.17,22.67
38.30,21.18
40.43,21.11
42.55,21.74
44.68,21.21
46.81,21.36
48.94,19.83
51.06,18.46
53.19,16.67
55.32,17.11
57.45,15.70
59.57,13.15
61.70,10.66
63.83,10.71
65.96,10.47
68.09,8.49
70.21,8.59
72.34,8.00
74.47,6.74
76.60,6.87
78.72,6.09
80.85,6.05
82.98,5.52
85.11,5.52
87.23,5.47
89.36,5.53
91.49,5.44
93.62,4.60
95.74,4.26
97.87,4.13
100.00,3.87
Tabela,2058.77
Revocação,Precisão
0.00,50.00
10.00,45.45
20.00,31.25
30.00,31.91
40.00,21.11
50.00,18.46
60.00,10.66
70.00,8.59
80.00,6.05
90.00,5.44
100.00,3.87



Consulta Num,87

Pontos
Revocação,Precisão
2.63,5.56
5.26,10.53
7.89,14.29
10.53,17.39
13.16,11.63
15.79,11.76
18.42,10.00
21.05,6.78
23.68,7.03
26.32,5.92
28.95,6.40
31.58,5.94
34.21,5.51
36.84,5.86
39.47,5.84
42.11,4.51
44.74,4.68
47.37,4.95
50.00,5.00
52.63,4.89
55.26,4.92
57.89,3.08
60.53,3.18
63.16,3.14
65.79,3.18
68.42,3.06
71.05,2.97
73.68,3.06
76.32,3.01
78.95,3.02
81.58,2.99
84.21,3.02
86.84,3.05
89.47,3.13
92.11,2.93
94.74,2.99
97.37,3.06
100.00,3.08
Tabela,560.08
Revocação,Precisão
0.00,5.56
10.00,17.39
20.00,6.78
30.00,5.94
40.00,4.51
50.00,5.00
60.00,3.18
70.00,2.97
80.00,2.99
90.00,2.93
100.00,3.08



Consulta Num,88

Pontos
Revocação,Precisão
7.14,50.00
14.29,40.00
21.43,21.43
28.57,14.29
35.71,11.36
42.86,2.53
50.00,2.86
57.14,2.48
64.29,1.48
71.43,1.13
78.57,1.07
85.71,1.14
92.86,1.13
100.00,1.21
Tabela,1086.62
Revocação,Precisão
0.00,50.00
10.00,40.00
20.00,21.43
30.00,11.36
40.00,2.53
50.00,2.86
60.00,1.48
70.00,1.13
80.00,1.14
90.00,1.13
100.00,1.21



Consulta Num,89

Pontos
Revocação,Precisão
5.88,100.00
11.76,66.67
17.65,75.00
23.53,66.67
29.41,71.43
35.29,75.00
41.18,70.00
47.06,72.73
52.94,42.86
58.82,24.39
64.71,16.92
70.59,14.63
76.47,14.61
82.35,12.61
88.24,4.90
94.12,4.11
100.00,3.66
Tabela,4213.05
Revocação,Precisão
0.00,100.00
10.00,66.67
20.00,66.67
30.00,75.00
40.00,70.00
50.00,42.86
60.00,16.92
70.00,14.63
80.00,12.61
90.00,4.11
100.00,3.66



Consulta Num,90

Pontos
Revocação,Precisão
3.57,100.00
7.14,100.00
10.71,100.00
14.29,100.00
17.86,100.00
21.43,100.00
25.00,100.00
28.57,100.00
32.14,100.00
35.71,90.91
39.29,91.67
42.86,85.71
46.43,86.67
50.00,82.35
53.57,83.33
57.14,72.73
60.71,51.52
64.29,40.91
67.86,32.76
71.43,28.17
75.00,25.00
78.57,18.33
82.14,15.23
85.71,15.58
89.29,10.20
92.86,6.67
96.43,6.24
100.00,2.71
Tabela,6219.87
Revocação,Precisão
0.00,100.00
10.00,100.00
20.00,100.00
30.00,100.00
40.00,85.71
50.00,83.33
60.00,51.52
70.00,28.17
80.00,15.23
90.00,6.67
100.00,2.71



Consulta Num,91

Pontos
Revocação,Precisão
0.33,100.00
0.66,100.00
0.99,75.00
1.32,80.00
1.64,83.33
1.97,85.71
2.30,87.50
2.63,72.73
2.96,50.00
3.29,50.00
3.62,47.83
3.95,48.00
4.28,50.00
4.61,42.42
4.93,39.47
5.26,36.36
5.59,36.17
5.92,36.73
6.25,36.54
6.58,33.90
6.91,35.00
7.24,36.07
7.57,34.85
7.89,34.78
8.22,34.25
8.55,34.21
8.88,35.06
9.21,29.79
9.54,28.16
9.87,27.03
10.20,26.05
10.53,25.40
10.86,25.78
11.18,25.95
11.51,26.52
11.84,26.47
12.17,26.81
12.50,27.34
12.83,27.27
13.16,27.40
13.49,27.89
13.82,28.38
14.14,28.86
14.47,29.33
14.80,29.22
15.13,29.68
15.46,28.31
15.79,28.40
16.12,28.32
16.45,28.09
16.78,28.33
17.11,28.11
17.43,28.04
17.76,28.27
18.09,28.65
18.42,28.43
18.75,28.36
19.08,28.43
19.41,28.78
19.74,28.71
20.07,28.77
20.39,28.57
20.72,28.64
21.05,28.83
21.38,28.89
21.71,29.20
22.04,29.13
22.37,28.81
22.70,27.94
23.03,28.23
23.36,27.84
23.68,27.48
24.01,27.55
24.34,27.41
24.67,26.32
25.00,25.76
25.33,25.93
25.66,25.91
25.99,26.07
26.32,26.06
26.64,26.30
26.97,26.11
27.30,26.10
27.63,26.17
27.96,25.37
28.29,24.36
28.62,24.58
28.95,24.58
29.28,24.52
29.61,24.59
29.93,24.80
30.26,24.86
30.59,25.07
30.92,25.13
31.25,25.13
31.58,25.33
31.91,25.19
32.24,24.94
32.57,24.87
32.89,24.81
33.22,24.88
33.55,24.88
33.88,24.76
34.21,24.53
34.54,24.71
34.87,24.54
35.20,24.49
35.53,24.60
35.86,24.55
36.18,24.72
36.51,24.72
36.84,24.89
37.17,25.06
37.50,25.17
37.83,25.33
38.16,25.27
38.49,25.43
38.82,25.49
39.14,25.21
39.47,25.26
39.80,25.42
40.13,25.42
40.46,25.31
40.79,25.36
41.12,25.30
41.45,25.30
41.78,25.45
42.11,25.60
42.43,25.65
42.76,25.79
43.09,25.94
43.42,25.88
43.75,25.98
44.08,26.12
44.41,26.11
44.74,26.00
45.07,26.05
45.39,25.94
45.72,25.84
46.05,25.78
46.38,25.92
46.71,25.77
47.04,25.91
47.37,25.81
47.70,25.94
48.03,25.30
48.36,25.43
48.68,25.52
49.01,25.65
49.34,25.68
49.67,25.81
50.00,25.68
50.33,25.76
50.66,25.58
50.99,25.70
51.32,25.66
51.64,25.28
51.97,24.80
52.30,24.92
52.63,25.04
52.96,25.08
53.29,25.19
53.62,25.19
53.95,25.27
54.28,25.23
54.61,25.30
54.93,25.26
55.26,25.30
55.59,25.34
55.92,25.37
56.25,25.45
56.58,25.37
56.91,25.48
57.24,25.59
57.57,25.14
57.89,25.18
58.22,25.29
58.55,25.36
58.88,25.14
59.21,25.03
59.54,25.03
59.87,25.00
60.20,25.07
60.53,25.03
60.86,24.87
61.18,24.67
61.51,24.54
61.84,24.48
62.17,24.14
62.50,24.23
62.83,24.12
63.16,24.06
63.49,24.09
63.82,23.80
64.14,23.49
64.47,23.28
64.80,23.37
65.13,23.40
65.46,23.38
65.79,23.47
66.12,23.37
66.45,23.46
66.78,23.31
67.11,23.37
67.43,23.24
67.76,23.28
68.09,23.34
68.42,23.32
68.75,22.77
69.08,22.85
69.41,22.79
69.74,22.82
70.07,22.88
70.39,22.81
70.72,22.80
71.05,22.88
71.38,22.89
71.71,22.73
72.04,22.81
72.37,22.87
72.70,22.93
73.03,23.01
73.36,22.99
73.68,23.05
74.01,23.03
74.34,23.08
74.67,23.12
75.00,23.19
75.33,23.25
75.66,23.26
75.99,23.33
76.32,23.41
76.64,23.49
76.97,23.56
77.30,23.52
77.63,23.60
77.96,23.65
78.29,23.61
78.62,23.64
78.95,23.72
79.28,23.65
79.61,23.68
79.93,23.71
80.26,23.76
80.59,23.81
80.92,23.81
81.25,23.84
81.58,23.85
81.91,23.92
82.24,23.99
82.57,24.02
82.89,24.09
83.22,24.14
83.55,24.01
83.88,23.92
84.21,23.93
84.54,23.93
84.87,23.91
85.20,23.74
85.53,23.81
85.86,23.84
86.18,23.91
86.51,23.97
86.84,24.00
87.17,23.98
87.50,24.05
87.83,23.97
88.16,23.99
88.49,24.02
88.82,24.09
89.14,24.05
89.47,24.05
89.80,24.10
90.13,24.14
90.46,24.21
90.79,24.21
91.12,24.28
91.45,24.22
91.78,24.24
92.11,24.26
92.43,24.27
92.76,24.29
93.09,24.19
93.42,24.07
93.75,24.09
94.08,24.11
94.41,24.14
94.74,24.16
95.07,24.22
95.39,24.23
95.72,24.17
96.05,24.23
96.38,24.28
96.71,24.30
97.04,24.36
97.37,24.36
97.70,24.30
98.03,24.31
98.36,24.37
98.68,24.43
99.01,24.45
99.34,24.49
99.67,24.49
100.00,24.54
Tabela,2888.96
Revocação,Precisão
0.00,100.00
10.00,26.05
20.00,28.77
30.00,24.86
40.00,25.42
50.00,25.68
60.00,25.07
70.00,22.88
80.00,23.76
90.00,24.14
100.00,24.54



Consulta Num,92

Pontos
Revocação,Precisão
0.93,50.00
1.85,22.22
2.78,30.00
3.70,30.77
4.63,33.33
5.56,28.57
6.48,30.43
7.41,33.33
8.33,36.00
9.26,38.46
10.19,40.74
11.11,42.86
12.04,43.33
12.96,45.16
13.89,46.88
14.81,42.11
15.74,41.46
16.67,42.86
17.59,44.19
18.52,45.45
19.44,46.67
20.37,47.83
21.30,41.82
22.22,42.11
23.15,39.68
24.07,40.00
25.00,39.71
25.93,38.89
26.85,38.16
27.78,36.14
28.70,34.07
29.63,30.77
30.56,26.40
31.48,26.98
32.41,24.14
33.33,23.38
34.26,23.87
35.19,23.46
36.11,23.35
37.04,20.10
37.96,19.62
38.89,19.09
39.81,18.78
40.74,18.64
41.67,18.67
42.59,19.01
43.52,18.80
44.44,18.60
45.37,18.70
46.30,18.59
47.22,18.35
48.15,18.31
49.07,18.40
50.00,18.12
50.93,17.24
51.85,17.39
52.78,15.92
53.70,15.98
54.63,16.12
55.56,15.92
56.48,16.09
57.41,16.15
58.33,15.87
59.26,15.84
60.19,15.93
61.11,15.49
62.04,15.55
62.96,15.67
63.89,13.53
64.81,13.57
65.74,13.00
66.67,12.16
67.59,12.03
68.52,12.17
69.44,12.02
70.37,12.01
71.30,11.44
72.22,11.50
73.15,11.45
74.07,11.53
75.00,11.62
75.93,11.14
76.85,11.26
77.78,11.35
78.70,11.23
79.63,11.10
80.56,10.46
81.48,10.27
82.41,10.36
83.33,10.20
84.26,10.27
85.19,10.30
86.11,10.37
87.04,9.82
87.96,9.77
88.89,9.77
89.81,9.59
90.74,9.66
91.67,9.54
92.59,9.52
93.52,9.41
94.44,9.45
95.37,9.38
96.30,9.39
97.22,9.36
98.15,9.06
99.07,8.87
100.00,8.95
Tabela,2283.76
Revocação,Precisão
0.00,50.00
10.00,40.74
20.00,47.83
30.00,26.40
40.00,18.64
50.00,17.24
60.00,15.93
70.00,12.01
80.00,10.46
90.00,9.66
100.00,8.95



Consulta Num,93

Pontos
Revocação,Precisão
5.56,1.15
11.11,1.25
16.67,1.29
22.22,1.19
27.78,1.45
33.33,1.38
38.89,1.43
44.44,1.55
50.00,1.69
55.56,1.82
61.11,1.59
66.67,1.73
72.22,1.76
77.78,1.71
83.33,1.79
88.89,1.56
Tabela,127.72
Revocação,Precisão
0.00,1.15
10.00,1.25
20.00,1.19
30.00,1.38
40.00,1.55
50.00,1.69
60.00,1.59
70.00,1.76
80.00,1.79
90.00,0.00
100.00,0.00



Consulta Num,94

Pontos
Revocação,Precisão
2.33,14.29
4.65,8.33
6.98,11.54
9.30,12.50
11.63,13.51
13.95,15.00
16.28,15.91
18.60,16.67
20.93,16.98
23.26,14.29
25.58,14.86
27.91,13.95
30.23,11.30
32.56,9.72
34.88,10.14
37.21,8.60
39.53,6.56
41.86,6.92
44.19,6.60
46.51,6.56
48.84,6.44
51.16,6.25
53.49,6.28
55.81,6.50
58.14,6.36
60.47,5.74
62.79,5.60
65.12,5.69
67.44,5.41
69.77,5.56
72.09,5.68
74.42,5.00
76.74,5.10
79.07,4.78
81.40,4.74
83.72,4.86
86.05,4.57
88.37,4.53
90.70,4.45
93.02,4.36
95.35,4.27
97.67,3.92
Tabela,827.20
Revocação,Precisão
0.00,14.29
10.00,13.51
20.00,16.98
30.00,11.30
40.00,6.92
50.00,6.25
60.00,5.74
70.00,5.68
80.00,4.74
90.00,4.45
100.00,0.00



Consulta Num,95

Pontos
Revocação,Precisão
11.11,100.00
22.22,20.00
33.33,5.36
44.44,6.06
55.56,0.61
66.67,0.72
77.78,0.72
88.89,0.79
100.00,0.76
Tabela,1853.95
Revocação,Precisão
0.00,100.00
10.00,100.00
20.00,20.00
30.00,5.36
40.00,6.06
50.00,0.61
60.00,0.72
70.00,0.72
80.00,0.79
90.00,0.76
100.00,0.76



Consulta Num,96

Pontos
Revocação,Precisão
8.33,100.00
16.67,33.33
25.00,42.86
33.33,25.00
41.67,5.10
50.00,4.72
58.33,5.07
66.67,2.96
75.00,1.41
83.33,1.44
91.67,1.48
100.00,1.13
Tabela,1688.76
Revocação,Precisão
0.00,100.00
10.00,33.33
20.00,42.86
30.00,25.00
40.00,5.10
50.00,4.72
60.00,2.96
70.00,1.41
80.00,1.44
90.00,1.48
100.00,1.13



Consulta Num,97

Pontos
Revocação,Precisão
9.09,50.00
18.18,50.00
27.27,60.00
36.36,66.67
45.45,33.33
54.55,18.18
63.64,17.95
72.73,6.06
81.82,4.59
90.91,1.85
100.00,1.12
Tabela,2841.88
Revocação,Precisão
0.00,50.00
10.00,50.00
20.00,60.00
30.00,66.67
40.00,33.33
50.00,18.18
60.00,17.95
70.00,6.06
80.00,4.59
90.00,1.85
100.00,1.12



Consulta Num,98

Pontos
Revocação,Precisão
6.67,8.33
13.33,3.33
20.00,1.84
26.67,2.44
33.33,2.86
40.00,2.58
46.67,2.64
53.33,2.04
60.00,2.26
66.67,2.45
73.33,1.86
80.00,1.75
86.67,1.16
93.33,1.21
100.00,1.24
Tabela,247.04
Revocação,Precisão
0.00,8.33
10.00,3.33
20.00,1.84
30.00,2.86
40.00,2.58
50.00,2.04
60.00,2.45
70.00,1.86
80.00,1.75
90.00,1.21
100.00,1.24



Consulta Num,99

Pontos
Revocação,Precisão
20.00,100.00
40.00,100.00
60.00,100.00
80.00,0.53
100.00,0.57
Tabela,6519.07
Revocação,Precisão
0.00,100.00
10.00,100.00
20.00,100.00
30.00,100.00
40.00,100.00
50.00,100.00
60.00,100.00
70.00,0.53
80.00,0.53
90.00,0.57
100.00,0.57



Consulta Num,100

Pontos
Revocação,Precisão
9.09,100.00
18.18,100.00
27.27,60.00
36.36,2.00
45.45,1.00
54.55,0.96
63.64,1.05
72.73,0.94
81.82,1.03
90.91,0.82
100.00,0.90
Tabela,2182.64
Revocação,Precisão
0.00,100.00
10.00,100.00
20.00,60.00
30.00,2.00
40.00,1.00
50.00,0.96
60.00,1.05
70.00,0.94
80.00,1.03
90.00,0.82
100.00,0.90
