Tabela Média,3214.63
Revocação,Precisão
0.00,84.05
10.00,69.56
20.00,58.33
30.00,44.86
40.00,34.56
50.00,25.76
60.00,19.53
70.00,14.09
80.00,8.81
90.00,3.55
100.00,0.78



Consulta Num,1

Pontos
Revocação,Precisão
2.94,100.00
5.88,40.00
8.82,42.86
11.76,50.00
14.71,50.00
17.65,54.55
20.59,58.33
23.53,57.14
26.47,52.94
29.41,55.56
32.35,55.00
35.29,48.00
38.24,41.94
41.18,41.18
44.12,42.86
47.06,42.11
50.00,36.96
52.94,32.14
55.88,26.03
58.82,27.03
61.76,25.93
64.71,26.83
67.65,20.72
70.59,17.27
73.53,17.86
76.47,18.44
79.41,18.49
82.35,11.20
85.29,5.46
88.24,3.49
91.18,3.50
Tabela,3445.48
Revocação,Precisão
0.00,100.00
10.00,50.00
20.00,58.33
30.00,55.00
40.00,41.18
50.00,32.14
60.00,25.93
70.00,17.27
80.00,11.20
90.00,3.50
100.00,0.00



Consulta Num,2

Pontos
Revocação,Precisão
14.29,50.00
28.57,33.33
42.86,5.17
57.14,1.49
71.43,1.26
85.71,0.99
Tabela,1236.73
Revocação,Precisão
0.00,50.00
10.00,50.00
20.00,33.33
30.00,5.17
40.00,5.17
50.00,1.49
60.00,1.26
70.00,1.26
80.00,0.99
90.00,0.00
100.00,0.00



Consulta Num,3

Pontos
Revocação,Precisão
2.33,100.00
4.65,40.00
6.98,27.27
9.30,33.33
11.63,35.71
13.95,33.33
16.28,33.33
18.60,32.00
20.93,32.14
23.26,30.30
25.58,26.19
27.91,23.08
30.23,22.81
32.56,21.54
34.88,21.74
37.21,20.25
39.53,16.04
41.86,16.51
44.19,16.52
46.51,16.26
48.84,14.00
51.16,14.47
53.49,13.86
55.81,13.79
58.14,12.95
60.47,12.81
62.79,13.24
65.12,13.33
67.44,7.97
69.77,7.48
72.09,6.34
74.42,6.44
76.74,5.52
79.07,5.51
81.40,5.32
83.72,4.90
86.05,4.85
88.37,4.71
90.70,4.64
93.02,4.39
95.35,4.29
Tabela,2007.61
Revocação,Precisão
0.00,100.00
10.00,35.71
20.00,32.14
30.00,22.81
40.00,16.51
50.00,14.47
60.00,12.81
70.00,6.34
80.00,5.32
90.00,4.64
100.00,0.00



Consulta Num,4

Pontos
Revocação,Precisão
11.11,100.00
22.22,25.00
33.33,30.00
44.44,19.05
55.56,19.23
66.67,7.69
77.78,8.54
88.89,2.42
Tabela,2619.32
Revocação,Precisão
0.00,100.00
10.00,100.00
20.00,25.00
30.00,30.00
40.00,19.05
50.00,19.23
60.00,7.69
70.00,8.54
80.00,2.42
90.00,0.00
100.00,0.00



Consulta Num,5

Pontos
Revocação,Precisão
0.76,100.00
1.53,100.00
2.29,100.00
3.05,100.00
3.82,71.43
4.58,75.00
5.34,77.78
6.11,80.00
6.87,81.82
7.63,76.92
8.40,78.57
9.16,80.00
9.92,76.47
10.69,77.78
11.45,78.95
12.21,80.00
12.98,77.27
13.74,78.26
14.50,79.17
15.27,80.00
16.03,80.77
16.79,78.57
17.56,71.88
18.32,72.73
19.08,69.44
19.85,70.27
20.61,69.23
21.37,70.00
22.14,69.05
22.90,69.77
23.66,70.45
24.43,71.11
25.19,70.21
25.95,70.83
26.72,68.63
27.48,60.00
28.24,54.41
29.01,54.29
29.77,54.93
30.53,55.56
31.30,56.16
32.06,52.50
32.82,48.86
33.59,48.35
34.35,47.87
35.11,44.23
35.88,44.76
36.64,45.28
37.40,44.55
38.17,43.48
38.93,40.16
39.69,37.41
40.46,37.32
41.22,35.53
41.98,34.38
42.75,28.43
43.51,27.40
44.27,27.36
45.04,27.70
45.80,28.04
46.56,26.07
47.33,24.80
48.09,24.61
Tabela,2898.88
Revocação,Precisão
0.00,100.00
10.00,77.78
20.00,69.23
30.00,55.56
40.00,37.32
50.00,0.00
60.00,0.00
70.00,0.00
80.00,0.00
90.00,0.00
100.00,0.00



Consulta Num,6

Pontos
Revocação,Precisão
4.17,100.00
8.33,50.00
12.50,60.00
16.67,50.00
20.83,55.56
25.00,50.00
29.17,53.85
33.33,57.14
37.50,56.25
41.67,28.57
45.83,23.40
50.00,25.00
54.17,23.21
58.33,16.47
62.50,12.82
66.67,10.74
70.83,8.90
75.00,7.93
79.17,5.76
83.33,5.80
87.50,5.51
91.67,2.48
95.83,2.58
Tabela,3044.85
Revocação,Precisão
0.00,100.00
10.00,60.00
20.00,55.56
30.00,57.14
40.00,28.57
50.00,23.21
60.00,12.82
70.00,8.90
80.00,5.80
90.00,2.48
100.00,0.00



Consulta Num,7

Pontos
Revocação,Precisão
3.57,100.00
7.14,100.00
10.71,60.00
14.29,66.67
17.86,71.43
21.43,50.00
25.00,18.42
28.57,19.05
32.14,12.68
35.71,6.76
39.29,6.59
42.86,4.48
46.43,4.63
50.00,4.90
53.57,3.57
57.14,3.73
60.71,3.89
64.29,4.01
67.86,3.42
71.43,3.51
75.00,3.57
78.57,3.59
82.14,2.91
85.71,2.37
Tabela,1910.32
Revocação,Precisão
0.00,100.00
10.00,60.00
20.00,50.00
30.00,12.68
40.00,4.48
50.00,3.57
60.00,3.89
70.00,3.51
80.00,2.91
90.00,0.00
100.00,0.00



Consulta Num,8

Pontos
Revocação,Precisão
4.55,50.00
9.09,1.72
13.64,2.05
18.18,2.11
22.73,2.48
27.27,1.92
31.82,2.18
36.36,2.34
40.91,2.10
45.45,1.95
50.00,2.14
54.55,2.18
59.09,2.24
63.64,2.37
68.18,2.30
72.73,2.42
Tabela,407.35
Revocação,Precisão
0.00,50.00
10.00,2.05
20.00,2.48
30.00,2.18
40.00,2.10
50.00,2.14
60.00,2.37
70.00,2.42
80.00,0.00
90.00,0.00
100.00,0.00



Consulta Num,9

Pontos
Revocação,Precisão
10.00,33.33
20.00,50.00
30.00,33.33
40.00,33.33
50.00,35.71
60.00,33.33
70.00,14.58
80.00,8.08
90.00,1.51
Tabela,2598.83
Revocação,Precisão
0.00,33.33
10.00,33.33
20.00,50.00
30.00,33.33
40.00,33.33
50.00,35.71
60.00,33.33
70.00,14.58
80.00,8.08
90.00,1.51
100.00,0.00



Consulta Num,10

Pontos
Revocação,Precisão
4.00,100.00
8.00,100.00
12.00,75.00
16.00,80.00
20.00,55.56
24.00,50.00
28.00,43.75
32.00,47.06
36.00,45.00
40.00,38.46
44.00,27.50
48.00,23.08
52.00,20.97
56.00,21.21
60.00,17.24
64.00,18.18
68.00,15.04
72.00,13.53
76.00,8.76
80.00,8.44
84.00,6.19
88.00,4.64
92.00,3.10
96.00,3.10
Tabela,3293.62
Revocação,Precisão
0.00,100.00
10.00,75.00
20.00,55.56
30.00,47.06
40.00,38.46
50.00,20.97
60.00,17.24
70.00,13.53
80.00,8.44
90.00,3.10
100.00,0.00



Consulta Num,11

Pontos
Revocação,Precisão
4.55,100.00
9.09,100.00
13.64,100.00
18.18,100.00
22.73,83.33
27.27,85.71
31.82,77.78
36.36,66.67
40.91,69.23
45.45,71.43
50.00,68.75
54.55,70.59
59.09,65.00
63.64,60.87
68.18,44.12
72.73,43.24
77.27,33.33
81.82,20.69
86.36,16.52
Tabela,5738.94
Revocação,Precisão
0.00,100.00
10.00,100.00
20.00,83.33
30.00,77.78
40.00,69.23
50.00,68.75
60.00,60.87
70.00,43.24
80.00,20.69
90.00,0.00
100.00,0.00



Consulta Num,12

Pontos
Revocação,Precisão
14.29,25.00
28.57,18.18
42.86,17.65
57.14,7.27
71.43,6.33
85.71,2.75
Tabela,1136.59
Revocação,Precisão
0.00,25.00
10.00,25.00
20.00,18.18
30.00,17.65
40.00,17.65
50.00,7.27
60.00,6.33
70.00,6.33
80.00,2.75
90.00,0.00
100.00,0.00



Consulta Num,13

Pontos
Revocação,Precisão
4.17,14.29
8.33,20.00
12.50,18.75
16.67,22.22
20.83,25.00
25.00,22.22
29.17,11.86
33.33,12.50
37.50,13.04
41.67,13.89
45.83,11.58
50.00,12.50
54.17,11.93
58.33,12.50
62.50,12.93
66.67,11.11
70.83,9.77
75.00,8.33
79.17,7.06
83.33,7.17
87.50,3.78
91.67,3.36
Tabela,1224.37
Revocação,Precisão
0.00,14.29
10.00,18.75
20.00,25.00
30.00,12.50
40.00,13.89
50.00,11.93
60.00,12.93
70.00,9.77
80.00,7.17
90.00,3.36
100.00,0.00



Consulta Num,14

Pontos
Revocação,Precisão
1.82,50.00
3.64,50.00
5.45,60.00
7.27,66.67
9.09,71.43
10.91,75.00
12.73,70.00
14.55,66.67
16.36,36.00
18.18,33.33
20.00,34.38
21.82,36.36
23.64,37.14
25.45,37.84
27.27,31.25
29.09,22.22
30.91,21.25
32.73,18.75
34.55,18.10
36.36,17.70
38.18,17.50
40.00,16.67
41.82,15.65
43.64,15.19
45.45,15.53
47.27,15.57
49.09,15.61
50.91,16.09
52.73,16.38
54.55,16.13
56.36,15.58
58.18,15.31
60.00,14.73
61.82,14.35
63.64,14.52
65.45,13.53
67.27,13.81
69.09,13.77
70.91,13.18
72.73,13.42
74.55,13.27
76.36,13.00
78.18,12.25
80.00,11.64
81.82,10.84
83.64,7.54
85.45,6.35
87.27,5.69
89.09,5.56
90.91,5.23
92.73,5.28
94.55,5.19
96.36,5.05
Tabela,2333.33
Revocação,Precisão
0.00,50.00
10.00,75.00
20.00,36.36
30.00,21.25
40.00,15.65
50.00,16.09
60.00,14.73
70.00,13.18
80.00,10.84
90.00,5.23
100.00,0.00



Consulta Num,15

Pontos
Revocação,Precisão
0.96,100.00
1.92,100.00
2.88,100.00
3.85,100.00
4.81,71.43
5.77,75.00
6.73,77.78
7.69,66.67
8.65,69.23
9.62,62.50
10.58,61.11
11.54,54.55
12.50,54.17
13.46,51.85
14.42,51.72
15.38,50.00
16.35,50.00
17.31,47.37
18.27,42.22
19.23,42.55
20.19,42.86
21.15,40.00
22.12,41.07
23.08,41.38
24.04,42.37
25.00,42.62
25.96,42.19
26.92,43.08
27.88,43.94
28.85,42.25
29.81,41.33
30.77,41.03
31.73,40.74
32.69,39.53
33.65,33.33
34.62,30.77
35.58,28.91
36.54,28.15
37.50,24.53
38.46,24.84
39.42,18.98
40.38,19.27
41.35,17.55
42.31,17.89
43.27,17.05
44.23,16.85
45.19,16.15
46.15,15.74
47.12,14.04
48.08,13.74
49.04,13.28
Tabela,2142.60
Revocação,Precisão
0.00,100.00
10.00,61.11
20.00,42.86
30.00,41.03
40.00,19.27
50.00,0.00
60.00,0.00
70.00,0.00
80.00,0.00
90.00,0.00
100.00,0.00



Consulta Num,16

Pontos
Revocação,Precisão
0.56,100.00
1.11,100.00
1.67,75.00
2.22,80.00
2.78,83.33
3.33,85.71
3.89,70.00
4.44,66.67
5.00,69.23
5.56,66.67
6.11,68.75
6.67,66.67
7.22,65.00
7.78,66.67
8.33,68.18
8.89,57.14
9.44,58.62
10.00,60.00
10.56,59.38
11.11,55.56
11.67,52.50
12.22,50.00
12.78,50.00
13.33,50.00
13.89,51.02
14.44,50.98
15.00,50.94
15.56,50.91
16.11,51.79
16.67,48.39
17.22,48.44
17.78,49.23
18.33,50.00
18.89,50.00
19.44,49.30
20.00,50.00
20.56,49.33
21.11,44.71
21.67,39.80
22.22,40.40
22.78,39.42
23.33,36.52
23.89,36.75
24.44,36.07
25.00,36.00
25.56,35.66
26.11,35.34
26.67,35.04
27.22,35.25
27.78,34.25
28.33,34.23
28.89,33.99
29.44,33.76
30.00,33.75
30.56,34.16
31.11,34.36
31.67,34.76
32.22,34.52
32.78,34.30
33.33,34.48
33.89,34.86
34.44,34.83
35.00,33.87
35.56,34.04
36.11,33.68
36.67,34.02
37.22,32.21
37.78,32.08
38.33,31.80
38.89,32.11
39.44,32.42
40.00,32.00
40.56,31.74
41.11,31.49
41.67,30.99
42.22,31.15
42.78,31.17
43.33,31.45
43.89,30.98
44.44,28.57
45.00,28.72
45.56,28.67
46.11,27.21
46.67,26.67
47.22,26.81
47.78,26.88
48.33,25.59
48.89,25.73
49.44,25.57
50.00,25.42
50.56,25.63
51.11,25.07
51.67,25.14
52.22,25.34
52.78,24.74
53.33,24.81
53.89,24.68
54.44,24.75
55.00,24.75
55.56,24.57
56.11,24.63
56.67,24.58
57.22,24.41
57.78,24.59
58.33,24.48
58.89,24.59
59.44,24.77
60.00,24.77
60.56,24.83
61.11,24.50
61.67,24.29
62.22,23.93
62.78,23.89
63.33,23.70
63.89,23.71
64.44,23.77
65.00,23.64
65.56,23.27
66.11,22.75
66.67,22.43
67.22,21.88
67.78,21.86
68.33,22.00
68.89,22.06
69.44,22.05
70.00,21.54
70.56,20.79
71.11,20.88
71.67,20.91
72.22,21.00
72.78,21.13
73.33,21.15
73.89,20.94
74.44,20.97
75.00,21.09
75.56,20.61
76.11,20.60
76.67,20.60
77.22,20.65
77.78,20.38
78.33,20.03
78.89,19.86
Tabela,2968.58
Revocação,Precisão
0.00,100.00
10.00,59.38
20.00,50.00
30.00,33.75
40.00,32.00
50.00,25.42
60.00,24.77
70.00,21.54
80.00,0.00
90.00,0.00
100.00,0.00



Consulta Num,17

Pontos
Revocação,Precisão
1.82,100.00
3.64,66.67
5.45,60.00
7.27,36.36
9.09,38.46
10.91,40.00
12.73,43.75
14.55,40.00
16.36,42.86
18.18,40.00
20.00,42.31
21.82,26.67
23.64,28.26
25.45,29.79
27.27,30.00
29.09,25.00
30.91,25.00
32.73,19.35
34.55,20.21
36.36,17.54
38.18,18.10
40.00,16.30
41.82,15.86
43.64,15.38
45.45,11.06
47.27,11.26
49.09,11.49
50.91,11.72
52.73,11.46
54.55,11.24
56.36,11.27
58.18,11.59
60.00,11.54
61.82,11.33
63.64,10.00
65.45,10.03
67.27,10.00
69.09,10.03
70.91,10.13
72.73,9.59
74.55,9.76
76.36,8.99
78.18,9.03
80.00,7.24
81.82,7.13
83.64,6.96
85.45,6.75
87.27,6.72
89.09,6.62
90.91,6.35
92.73,5.94
94.55,5.78
Tabela,2043.97
Revocação,Precisão
0.00,100.00
10.00,40.00
20.00,26.67
30.00,25.00
40.00,15.86
50.00,11.72
60.00,11.54
70.00,10.13
80.00,7.13
90.00,6.35
100.00,0.00



Consulta Num,18

Pontos
Revocação,Precisão
4.76,100.00
9.52,100.00
14.29,100.00
19.05,100.00
23.81,100.00
28.57,85.71
33.33,77.78
38.10,72.73
42.86,69.23
47.62,62.50
52.38,61.11
57.14,63.16
61.90,61.90
66.67,63.64
71.43,51.72
76.19,27.12
80.95,11.04
85.71,6.27
90.48,6.03
95.24,5.32
100.00,2.85
Tabela,5902.42
Revocação,Precisão
0.00,100.00
10.00,100.00
20.00,100.00
30.00,77.78
40.00,69.23
50.00,61.11
60.00,61.90
70.00,51.72
80.00,11.04
90.00,6.03
100.00,2.85



Consulta Num,19

Pontos
Revocação,Precisão
4.55,33.33
9.09,16.67
13.64,23.08
18.18,25.00
22.73,17.24
27.27,18.18
31.82,17.07
36.36,13.33
40.91,13.85
45.45,15.15
50.00,16.18
54.55,14.81
59.09,12.26
63.64,10.94
68.18,9.68
72.73,8.79
77.27,8.46
81.82,5.07
86.36,2.98
90.91,3.09
95.45,2.77
100.00,2.86
Tabela,1334.02
Revocação,Precisão
0.00,33.33
10.00,23.08
20.00,17.24
30.00,17.07
40.00,13.85
50.00,16.18
60.00,10.94
70.00,8.79
80.00,5.07
90.00,3.09
100.00,2.86



Consulta Num,20

Pontos
Revocação,Precisão
2.17,100.00
4.35,100.00
6.52,100.00
8.70,100.00
10.87,100.00
13.04,100.00
15.22,100.00
17.39,100.00
19.57,100.00
21.74,100.00
23.91,100.00
26.09,100.00
28.26,100.00
30.43,100.00
32.61,100.00
34.78,100.00
36.96,100.00
39.13,100.00
41.30,100.00
43.48,100.00
45.65,100.00
47.83,100.00
50.00,95.83
52.17,85.71
54.35,86.21
56.52,86.67
58.70,84.38
60.87,71.79
63.04,69.05
65.22,54.55
67.39,44.93
69.57,14.48
71.74,14.41
73.91,13.88
76.09,13.57
78.26,11.32
80.43,10.60
82.61,10.03
84.78,10.10
86.96,6.33
89.13,5.18
91.30,5.19
93.48,4.82
Tabela,6377.13
Revocação,Precisão
0.00,100.00
10.00,100.00
20.00,100.00
30.00,100.00
40.00,100.00
50.00,85.71
60.00,71.79
70.00,14.41
80.00,10.60
90.00,5.19
100.00,0.00



Consulta Num,21

Pontos
Revocação,Precisão
4.00,100.00
8.00,100.00
12.00,100.00
16.00,100.00
20.00,100.00
24.00,100.00
28.00,41.18
32.00,42.11
36.00,45.00
40.00,34.48
44.00,36.67
48.00,24.49
52.00,12.38
56.00,12.17
60.00,7.77
64.00,6.81
68.00,6.46
72.00,5.56
76.00,4.22
80.00,3.60
84.00,2.24
Tabela,3558.94
Revocação,Precisão
0.00,100.00
10.00,100.00
20.00,100.00
30.00,42.11
40.00,34.48
50.00,12.38
60.00,7.77
70.00,5.56
80.00,3.60
90.00,0.00
100.00,0.00



Consulta Num,22

Pontos
Revocação,Precisão
1.43,100.00
2.86,100.00
4.29,100.00
5.71,100.00
7.14,100.00
8.57,100.00
10.00,100.00
11.43,100.00
12.86,90.00
14.29,83.33
15.71,68.75
17.14,70.59
18.57,65.00
20.00,66.67
21.43,55.56
22.86,45.71
24.29,40.48
25.71,41.86
27.14,43.18
28.57,41.67
30.00,42.86
31.43,43.14
32.86,40.35
34.29,27.59
35.71,26.60
37.14,24.30
38.57,23.08
40.00,23.53
41.43,23.20
42.86,23.26
44.29,21.99
45.71,22.38
47.14,22.92
48.57,21.25
50.00,20.71
51.43,19.57
52.86,18.59
Tabela,2926.03
Revocação,Precisão
0.00,100.00
10.00,100.00
20.00,55.56
30.00,43.14
40.00,23.20
50.00,20.71
60.00,0.00
70.00,0.00
80.00,0.00
90.00,0.00
100.00,0.00



Consulta Num,23

Pontos
Revocação,Precisão
2.86,10.00
5.71,18.18
8.57,23.08
11.43,11.11
14.29,12.50
17.14,13.04
20.00,7.00
22.86,7.92
25.71,7.96
28.57,7.63
31.43,5.56
34.29,5.45
37.14,4.51
40.00,4.81
42.86,4.98
45.71,5.28
48.57,4.57
51.43,4.34
54.29,3.45
57.14,3.45
60.00,3.54
62.86,3.67
65.71,3.44
68.57,3.40
71.43,3.34
74.29,3.37
Tabela,449.92
Revocação,Precisão
0.00,10.00
10.00,11.11
20.00,7.00
30.00,5.56
40.00,4.98
50.00,4.34
60.00,3.67
70.00,3.34
80.00,0.00
90.00,0.00
100.00,0.00



Consulta Num,24

Pontos
Revocação,Precisão
3.23,16.67
6.45,8.33
9.68,10.71
12.90,8.70
16.13,10.64
19.35,11.76
22.58,11.48
25.81,11.27
29.03,10.98
32.26,8.13
35.48,6.32
38.71,5.15
41.94,5.53
45.16,5.93
48.39,6.12
51.61,5.50
54.84,4.57
58.06,4.72
61.29,4.55
64.52,4.12
67.74,4.28
70.97,3.48
74.19,3.33
77.42,3.39
80.65,3.11
Tabela,587.91
Revocação,Precisão
0.00,16.67
10.00,8.70
20.00,11.48
30.00,8.13
40.00,5.53
50.00,5.50
60.00,4.55
70.00,3.48
80.00,3.11
90.00,0.00
100.00,0.00



Consulta Num,25

Pontos
Revocação,Precisão
1.96,50.00
3.92,40.00
5.88,42.86
7.84,50.00
9.80,45.45
11.76,50.00
13.73,41.18
15.69,44.44
17.65,42.86
19.61,43.48
21.57,45.83
23.53,48.00
25.49,44.83
27.45,40.00
29.41,31.25
31.37,32.65
33.33,31.48
35.29,26.87
37.25,27.94
39.22,28.99
41.18,26.58
43.14,24.18
45.10,23.47
47.06,23.30
49.02,23.58
50.98,23.01
52.94,22.50
54.90,22.05
56.86,19.73
58.82,20.00
60.78,20.13
62.75,14.35
64.71,14.29
66.67,12.23
68.63,12.50
70.59,12.12
72.55,10.48
74.51,10.47
76.47,10.34
78.43,10.44
80.39,10.59
82.35,10.74
Tabela,2459.23
Revocação,Precisão
0.00,50.00
10.00,50.00
20.00,45.83
30.00,32.65
40.00,26.58
50.00,23.01
60.00,20.13
70.00,12.12
80.00,10.59
90.00,0.00
100.00,0.00



Consulta Num,26

Pontos
Revocação,Precisão
3.03,100.00
6.06,100.00
9.09,100.00
12.12,100.00
15.15,83.33
18.18,85.71
21.21,70.00
24.24,72.73
27.27,75.00
30.30,76.92
33.33,78.57
36.36,46.15
39.39,29.55
42.42,19.18
45.45,17.05
48.48,12.12
51.52,12.78
54.55,11.18
57.58,11.73
60.61,11.56
63.64,8.86
66.67,7.51
69.70,6.97
Tabela,3404.44
Revocação,Precisão
0.00,100.00
10.00,100.00
20.00,70.00
30.00,76.92
40.00,19.18
50.00,12.78
60.00,11.56
70.00,0.00
80.00,0.00
90.00,0.00
100.00,0.00



Consulta Num,27

Pontos
Revocação,Precisão
9.09,100.00
18.18,100.00
27.27,15.00
36.36,4.65
45.45,2.66
54.55,2.99
63.64,2.55
72.73,1.59
81.82,1.65
Tabela,1810.77
Revocação,Precisão
0.00,100.00
10.00,100.00
20.00,15.00
30.00,4.65
40.00,2.66
50.00,2.99
60.00,2.55
70.00,1.59
80.00,1.65
90.00,0.00
100.00,0.00



Consulta Num,28

Pontos
Revocação,Precisão
1.96,100.00
3.92,100.00
5.88,50.00
7.84,57.14
9.80,62.50
11.76,60.00
13.73,46.67
15.69,42.11
17.65,13.24
19.61,11.24
21.57,11.83
23.53,10.26
25.49,6.99
27.45,7.04
29.41,6.55
31.37,6.90
33.33,6.14
35.29,6.47
37.25,6.35
39.22,6.43
41.18,5.83
43.14,5.91
45.10,6.17
47.06,6.27
49.02,6.51
50.98,6.70
52.94,6.65
54.90,6.88
56.86,6.81
58.82,6.96
60.78,7.18
62.75,7.37
64.71,7.33
66.67,6.48
68.63,5.72
70.59,5.47
Tabela,1539.06
Revocação,Precisão
0.00,100.00
10.00,60.00
20.00,11.83
30.00,6.90
40.00,5.83
50.00,6.70
60.00,7.18
70.00,5.47
80.00,0.00
90.00,0.00
100.00,0.00



Consulta Num,29

Pontos
Revocação,Precisão
2.27,50.00
4.55,66.67
6.82,60.00
9.09,66.67
11.36,19.23
13.64,20.00
15.91,18.92
18.18,17.78
20.45,18.75
22.73,13.51
25.00,14.29
27.27,10.81
29.55,10.16
31.82,10.37
34.09,8.88
36.36,8.16
38.64,7.94
40.91,8.22
43.18,7.82
45.45,7.60
47.73,7.89
50.00,7.97
52.27,6.35
54.55,6.52
56.82,6.16
59.09,6.12
61.36,5.35
63.64,5.50
65.91,5.25
68.18,5.33
70.45,5.12
72.73,4.75
75.00,4.86
77.27,5.00
79.55,5.12
81.82,5.13
84.09,5.18
86.36,5.24
88.64,5.26
90.91,5.29
93.18,5.37
Tabela,1104.31
Revocação,Precisão
0.00,50.00
10.00,19.23
20.00,18.75
30.00,10.37
40.00,8.22
50.00,7.97
60.00,5.35
70.00,5.12
80.00,5.13
90.00,5.29
100.00,0.00



Consulta Num,30

Pontos
Revocação,Precisão
5.88,100.00
11.76,100.00
17.65,100.00
23.53,100.00
29.41,100.00
35.29,85.71
41.18,87.50
47.06,66.67
52.94,64.29
58.82,62.50
64.71,35.48
70.59,23.08
76.47,12.75
82.35,10.53
88.24,2.86
Tabela,5565.87
Revocação,Precisão
0.00,100.00
10.00,100.00
20.00,100.00
30.00,85.71
40.00,87.50
50.00,64.29
60.00,35.48
70.00,23.08
80.00,10.53
90.00,0.00
100.00,0.00



Consulta Num,31

Pontos
Revocação,Precisão
1.72,100.00
3.45,100.00
5.17,100.00
6.90,100.00
8.62,100.00
10.34,100.00
12.07,100.00
13.79,100.00
15.52,100.00
17.24,100.00
18.97,100.00
20.69,100.00
22.41,100.00
24.14,100.00
25.86,100.00
27.59,100.00
29.31,100.00
31.03,94.74
32.76,90.48
34.48,90.91
36.21,91.30
37.93,91.67
39.66,79.31
41.38,80.00
43.10,80.65
44.83,70.27
46.55,64.29
48.28,60.87
50.00,53.70
51.72,51.72
53.45,44.29
55.17,42.67
56.90,42.31
58.62,41.98
60.34,36.84
62.07,33.96
63.79,27.41
65.52,24.36
67.24,24.07
68.97,23.81
70.69,21.93
72.41,21.88
74.14,20.98
75.86,17.53
77.59,16.61
79.31,10.20
81.03,8.55
82.76,8.70
84.48,7.94
86.21,8.05
87.93,7.28
89.66,6.59
91.38,5.98
Tabela,5517.35
Revocação,Precisão
0.00,100.00
10.00,100.00
20.00,100.00
30.00,94.74
40.00,80.00
50.00,53.70
60.00,36.84
70.00,21.93
80.00,8.55
90.00,5.98
100.00,0.00



Consulta Num,32

Pontos
Revocação,Precisão
3.33,100.00
6.67,100.00
10.00,60.00
13.33,36.36
16.67,38.46
20.00,35.29
23.33,23.33
26.67,11.27
30.00,12.16
33.33,11.11
36.67,9.32
40.00,9.23
43.33,8.44
46.67,8.64
50.00,6.02
53.33,5.52
56.67,4.80
60.00,4.89
63.33,4.75
66.67,4.37
70.00,4.58
73.33,4.59
76.67,4.14
80.00,4.07
83.33,4.07
86.67,4.22
90.00,3.80
93.33,3.57
Tabela,1887.68
Revocação,Precisão
0.00,100.00
10.00,60.00
20.00,35.29
30.00,11.11
40.00,9.23
50.00,6.02
60.00,4.89
70.00,4.58
80.00,4.07
90.00,3.57
100.00,0.00



Consulta Num,33

Pontos
Revocação,Precisão
1.75,100.00
3.51,100.00
5.26,100.00
7.02,100.00
8.77,100.00
10.53,100.00
12.28,70.00
14.04,66.67
15.79,69.23
17.54,52.63
19.30,42.31
21.05,44.44
22.81,44.83
24.56,45.16
26.32,46.88
28.07,48.48
29.82,48.57
31.58,47.37
33.33,46.34
35.09,47.62
36.84,44.68
38.60,43.14
40.35,41.82
42.11,42.11
43.86,43.10
45.61,44.07
47.37,41.54
49.12,41.18
50.88,41.43
52.63,41.10
54.39,40.79
56.14,41.56
57.89,41.25
59.65,40.48
61.40,41.18
63.16,40.45
64.91,24.83
66.67,23.75
68.42,24.07
70.18,23.39
71.93,22.40
73.68,21.76
75.44,21.50
77.19,18.64
78.95,16.30
80.70,16.14
82.46,16.10
84.21,9.45
85.96,8.54
Tabela,4057.68
Revocação,Precisão
0.00,100.00
10.00,100.00
20.00,44.44
30.00,47.37
40.00,41.82
50.00,41.43
60.00,41.18
70.00,23.39
80.00,16.14
90.00,0.00
100.00,0.00



Consulta Num,34

Pontos
Revocação,Precisão
2.56,100.00
5.13,100.00
7.69,100.00
10.26,100.00
12.82,83.33
15.38,75.00
17.95,53.85
20.51,53.33
23.08,47.37
25.64,50.00
28.21,39.29
30.77,37.50
33.33,39.39
35.90,41.18
38.46,42.86
41.03,44.44
43.59,43.59
46.15,42.86
48.72,42.22
51.28,42.55
53.85,40.38
56.41,32.84
58.97,32.86
61.54,21.05
64.10,19.23
66.67,18.18
69.23,14.36
71.79,12.67
74.36,9.45
76.92,9.04
79.49,8.88
82.05,9.07
84.62,7.08
87.18,6.08
Tabela,3706.18
Revocação,Precisão
0.00,100.00
10.00,100.00
20.00,53.33
30.00,37.50
40.00,44.44
50.00,42.55
60.00,21.05
70.00,12.67
80.00,9.07
90.00,0.00
100.00,0.00



Consulta Num,35

Pontos
Revocação,Precisão
7.14,100.00
14.29,66.67
21.43,75.00
28.57,57.14
35.71,45.45
42.86,33.33
50.00,12.50
57.14,6.61
64.29,5.39
71.43,4.65
78.57,1.44
85.71,1.20
Tabela,2941.91
Revocação,Precisão
0.00,100.00
10.00,66.67
20.00,75.00
30.00,45.45
40.00,33.33
50.00,12.50
60.00,5.39
70.00,4.65
80.00,1.20
90.00,0.00
100.00,0.00



Consulta Num,36

Pontos
Revocação,Precisão
11.11,100.00
22.22,100.00
33.33,100.00
44.44,22.22
55.56,17.24
66.67,8.82
77.78,4.86
88.89,3.94
100.00,3.47
Tabela,4123.01
Revocação,Precisão
0.00,100.00
10.00,100.00
20.00,100.00
30.00,100.00
40.00,22.22
50.00,17.24
60.00,8.82
70.00,4.86
80.00,3.94
90.00,3.47
100.00,3.47



Consulta Num,37

Pontos
Revocação,Precisão
1.02,100.00
2.04,100.00
3.06,100.00
4.08,100.00
5.10,100.00
6.12,100.00
7.14,100.00
8.16,100.00
9.18,100.00
10.20,100.00
11.22,100.00
12.24,100.00
13.27,100.00
14.29,100.00
15.31,100.00
16.33,100.00
17.35,100.00
18.37,100.00
19.39,100.00
20.41,100.00
21.43,100.00
22.45,91.67
23.47,92.00
24.49,92.31
25.51,92.59
26.53,92.86
27.55,93.10
28.57,90.32
29.59,90.63
30.61,88.24
31.63,88.57
32.65,88.89
33.67,86.84
34.69,87.18
35.71,87.50
36.73,87.80
37.76,88.10
38.78,88.37
39.80,88.64
40.82,88.89
41.84,89.13
42.86,89.36
43.88,87.76
44.90,88.00
45.92,83.33
46.94,82.14
47.96,82.46
48.98,81.36
50.00,80.33
51.02,80.65
52.04,80.95
53.06,81.25
54.08,81.54
55.10,79.41
56.12,77.46
57.14,77.78
58.16,78.08
59.18,70.73
60.20,69.41
61.22,65.93
62.24,66.30
63.27,65.96
64.29,61.76
65.31,60.95
66.33,60.19
67.35,60.00
68.37,60.36
69.39,51.91
70.41,51.88
71.43,50.72
72.45,49.65
73.47,50.00
74.49,45.91
75.51,45.96
76.53,36.23
77.55,36.36
78.57,33.62
79.59,33.48
80.61,33.19
81.63,32.26
82.65,29.89
83.67,30.15
84.69,29.96
85.71,27.54
86.73,24.93
87.76,23.69
88.78,22.37
89.80,15.80
90.82,11.88
91.84,11.60
92.86,11.53
93.88,11.60
94.90,11.51
Tabela,6738.19
Revocação,Precisão
0.00,100.00
10.00,100.00
20.00,100.00
30.00,88.24
40.00,88.89
50.00,80.33
60.00,69.41
70.00,51.88
80.00,33.19
90.00,11.88
100.00,0.00



Consulta Num,38

Pontos
Revocação,Precisão
1.89,100.00
3.77,100.00
5.66,100.00
7.55,100.00
9.43,100.00
11.32,100.00
13.21,100.00
15.09,88.89
16.98,81.82
18.87,83.33
20.75,84.62
22.64,85.71
24.53,76.47
26.42,58.33
28.30,50.00
30.19,47.06
32.08,48.57
33.96,36.73
35.85,36.54
37.74,36.36
39.62,33.87
41.51,33.33
43.40,32.39
Tabela,3150.08
Revocação,Precisão
0.00,100.00
10.00,100.00
20.00,84.62
30.00,47.06
40.00,33.33
50.00,0.00
60.00,0.00
70.00,0.00
80.00,0.00
90.00,0.00
100.00,0.00



Consulta Num,39

Pontos
Revocação,Precisão
0.62,100.00
1.23,100.00
1.85,100.00
2.47,100.00
3.09,83.33
3.70,66.67
4.32,38.89
4.94,33.33
5.56,32.14
6.17,33.33
6.79,34.38
7.41,36.36
8.02,38.24
8.64,38.89
9.26,39.47
9.88,41.03
10.49,41.46
11.11,42.86
11.73,44.19
12.35,43.48
12.96,43.75
13.58,44.90
14.20,44.23
14.81,45.28
15.43,44.64
16.05,45.61
16.67,46.55
17.28,47.46
17.90,48.33
18.52,49.18
19.14,50.00
19.75,47.76
20.37,46.48
20.99,47.22
21.60,47.95
22.22,46.75
22.84,47.44
23.46,48.10
24.07,48.75
24.69,49.38
25.31,50.00
25.93,50.60
26.54,50.00
27.16,50.57
27.78,50.56
28.40,51.11
29.01,51.09
29.63,51.06
30.25,51.04
30.86,51.55
31.48,52.04
32.10,52.53
32.72,53.00
33.33,51.92
33.95,51.89
34.57,51.85
35.19,50.44
35.80,50.00
36.42,49.58
37.04,50.00
37.65,50.00
38.27,50.41
38.89,50.81
39.51,51.20
40.12,51.59
40.74,51.97
41.36,52.34
41.98,52.71
42.59,53.08
43.21,53.44
43.83,53.79
44.44,52.55
45.06,52.90
45.68,52.86
46.30,53.19
46.91,53.15
47.53,53.10
48.15,53.42
48.77,53.74
49.38,54.05
50.00,54.00
50.62,54.30
51.23,54.61
51.85,54.55
52.47,54.84
53.09,54.43
53.70,54.72
54.32,55.00
54.94,55.28
55.56,55.56
56.17,55.83
56.79,56.10
57.41,56.36
58.02,55.62
58.64,55.88
59.26,56.14
59.88,56.40
60.49,56.65
61.11,55.31
61.73,54.95
62.35,53.44
62.96,53.40
63.58,53.65
64.20,53.33
64.81,53.57
65.43,53.81
66.05,54.04
66.67,54.27
67.28,54.50
67.90,54.73
68.52,54.68
69.14,54.90
69.75,55.12
Tabela,3512.19
Revocação,Precisão
0.00,100.00
10.00,41.46
20.00,46.48
30.00,51.04
40.00,51.59
50.00,54.00
60.00,56.65
70.00,0.00
80.00,0.00
90.00,0.00
100.00,0.00



Consulta Num,40

Pontos
Revocação,Precisão
0.68,100.00
1.37,66.67
2.05,75.00
2.74,57.14
3.42,62.50
4.11,60.00
4.79,63.64
5.48,66.67
6.16,64.29
6.85,50.00
7.53,52.38
8.22,41.38
8.90,37.14
9.59,32.56
10.27,29.41
10.96,29.63
11.64,29.82
12.33,29.03
13.01,28.79
13.70,28.99
14.38,29.58
15.07,24.44
15.75,24.47
16.44,24.74
17.12,25.25
17.81,25.74
18.49,25.47
19.18,26.17
19.86,26.61
20.55,27.27
21.23,27.93
21.92,26.89
22.60,26.19
23.29,25.76
23.97,24.82
24.66,25.00
25.34,24.03
26.03,24.36
26.71,24.22
27.40,24.39
28.08,24.55
28.77,25.00
29.45,25.44
30.14,24.58
30.82,23.94
31.51,22.77
32.19,22.27
32.88,21.05
33.56,21.21
34.25,21.46
34.93,20.32
35.62,20.63
36.30,20.23
36.99,20.45
37.67,20.22
38.36,19.72
39.04,19.13
39.73,19.21
40.41,18.91
41.10,18.75
41.78,19.00
42.47,18.96
43.15,19.03
43.84,19.28
44.52,19.46
45.21,19.47
45.89,19.71
46.58,19.94
47.26,20.00
47.95,20.00
48.63,19.94
49.32,20.17
50.00,20.28
50.68,20.33
51.37,20.27
52.05,20.43
52.74,20.64
53.42,20.86
54.11,20.84
54.79,20.57
55.48,20.10
56.16,20.15
56.85,19.39
57.53,19.05
58.22,19.14
58.90,18.30
59.59,17.98
60.27,17.92
60.96,18.02
61.64,16.92
62.33,17.04
63.01,17.10
63.70,17.13
64.38,17.25
65.07,17.37
65.75,17.30
66.44,17.08
67.12,17.07
67.81,16.92
68.49,16.45
69.18,16.45
69.86,15.89
70.55,15.97
71.23,15.71
71.92,15.84
72.60,15.84
73.29,15.81
73.97,15.91
74.66,15.96
75.34,15.99
76.03,15.95
76.71,16.05
77.40,15.52
78.08,15.49
78.77,15.13
79.45,15.22
80.14,15.27
Tabela,2196.19
Revocação,Precisão
0.00,100.00
10.00,29.41
20.00,27.27
30.00,24.58
40.00,18.91
50.00,20.28
60.00,17.92
70.00,15.97
80.00,15.27
90.00,0.00
100.00,0.00



Consulta Num,41

Pontos
Revocação,Precisão
6.67,100.00
13.33,50.00
20.00,50.00
26.67,44.44
33.33,41.67
40.00,37.50
46.67,38.89
53.33,16.00
60.00,6.08
66.67,3.45
73.33,2.21
80.00,2.08
86.67,1.83
93.33,1.70
100.00,1.64
Tabela,2554.30
Revocação,Precisão
0.00,100.00
10.00,50.00
20.00,50.00
30.00,41.67
40.00,37.50
50.00,16.00
60.00,3.45
70.00,2.21
80.00,2.08
90.00,1.70
100.00,1.64



Consulta Num,42

Pontos
Revocação,Precisão
2.13,100.00
4.26,100.00
6.38,100.00
8.51,100.00
10.64,100.00
12.77,100.00
14.89,100.00
17.02,100.00
19.15,100.00
21.28,90.91
23.40,91.67
25.53,80.00
27.66,76.47
29.79,28.57
31.91,22.39
34.04,21.33
36.17,18.89
38.30,17.14
40.43,15.83
42.55,10.75
44.68,6.54
46.81,5.53
48.94,5.64
51.06,5.50
53.19,5.47
55.32,4.69
57.45,4.38
59.57,4.53
61.70,4.68
63.83,4.82
65.96,4.87
68.09,4.71
70.21,4.77
72.34,4.54
74.47,4.21
76.60,4.13
78.72,4.22
80.85,4.32
82.98,4.42
85.11,4.35
Tabela,2984.07
Revocação,Precisão
0.00,100.00
10.00,100.00
20.00,90.91
30.00,22.39
40.00,15.83
50.00,5.50
60.00,4.68
70.00,4.77
80.00,4.32
90.00,0.00
100.00,0.00



Consulta Num,43

Pontos
Revocação,Precisão
1.02,100.00
2.04,100.00
3.06,75.00
4.08,80.00
5.10,71.43
6.12,75.00
7.14,70.00
8.16,61.54
9.18,60.00
10.20,62.50
11.22,61.11
12.24,63.16
13.27,61.90
14.29,60.87
15.31,62.50
16.33,61.54
17.35,60.71
18.37,60.00
19.39,61.29
20.41,62.50
21.43,60.00
22.45,61.11
23.47,60.53
24.49,61.54
25.51,62.50
26.53,61.90
27.55,61.36
28.57,59.57
29.59,58.00
30.61,58.82
31.63,55.36
32.65,56.14
33.67,56.90
34.69,56.67
35.71,56.45
36.73,54.55
37.76,55.22
38.78,50.67
39.80,51.32
40.82,51.95
41.84,50.00
42.86,50.00
43.88,47.78
44.90,47.83
45.92,47.87
46.94,48.42
47.96,47.96
48.98,46.15
50.00,44.95
51.02,45.05
52.04,45.54
53.06,45.61
54.08,44.54
55.10,44.26
56.12,44.00
57.14,41.48
58.16,39.58
59.18,38.67
60.20,38.06
61.22,37.50
62.24,32.80
63.27,32.46
64.29,32.47
65.31,31.53
66.33,29.28
67.35,29.07
68.37,29.13
69.39,29.31
70.41,28.05
71.43,28.00
72.45,26.69
73.47,26.87
74.49,27.14
75.51,27.01
76.53,25.34
77.55,23.97
78.57,24.14
79.59,21.97
80.61,21.29
81.63,20.30
82.65,19.47
83.67,18.68
84.69,18.74
85.71,17.95
86.73,15.77
Tabela,4181.33
Revocação,Precisão
0.00,100.00
10.00,62.50
20.00,62.50
30.00,58.82
40.00,51.95
50.00,44.95
60.00,38.06
70.00,28.05
80.00,21.29
90.00,0.00
100.00,0.00



Consulta Num,44

Pontos
Revocação,Precisão
0.71,100.00
1.43,100.00
2.14,100.00
2.86,66.67
3.57,71.43
4.29,75.00
5.00,77.78
5.71,80.00
6.43,81.82
7.14,83.33
7.86,78.57
8.57,80.00
9.29,76.47
10.00,77.78
10.71,78.95
11.43,76.19
12.14,77.27
12.86,78.26
13.57,79.17
14.29,76.92
15.00,77.78
15.71,78.57
16.43,79.31
17.14,77.42
17.86,67.57
18.57,66.67
19.29,67.50
20.00,68.29
20.71,64.44
21.43,62.50
22.14,63.27
22.86,64.00
23.57,63.46
24.29,64.15
25.00,64.81
25.71,64.29
26.43,63.79
27.14,64.41
27.86,65.00
28.57,65.57
29.29,66.13
30.00,66.67
30.71,67.19
31.43,67.69
32.14,67.16
32.86,66.67
33.57,67.14
34.29,67.61
35.00,68.06
35.71,68.49
36.43,67.11
37.14,61.90
37.86,59.55
38.57,60.00
39.29,60.44
40.00,60.87
40.71,61.29
41.43,60.42
42.14,60.20
42.86,60.61
43.57,59.80
44.29,59.62
45.00,59.43
45.71,58.72
46.43,58.04
47.14,56.41
47.86,55.83
48.57,54.40
49.29,52.27
50.00,52.24
50.71,52.59
51.43,52.55
52.14,52.14
52.86,50.68
53.57,50.34
54.29,50.33
55.00,48.73
55.71,48.75
56.43,49.07
57.14,49.38
57.86,49.69
58.57,48.52
59.29,48.26
60.00,48.00
60.71,46.45
61.43,46.49
62.14,44.85
62.86,44.67
63.57,43.20
64.29,43.27
65.00,42.92
65.71,42.79
66.43,42.86
67.14,42.53
67.86,41.13
68.57,40.68
69.29,39.11
70.00,39.04
70.71,39.13
71.43,38.76
72.14,36.73
72.86,35.29
73.57,35.52
74.29,33.99
75.00,33.44
75.71,32.72
76.43,32.92
77.14,31.67
77.86,28.91
78.57,26.96
79.29,25.87
80.00,25.45
80.71,25.39
81.43,25.39
82.14,25.33
82.86,25.11
83.57,24.79
84.29,24.48
85.00,22.54
85.71,22.26
86.43,20.79
87.14,20.68
87.86,17.40
88.57,16.80
89.29,16.76
90.00,16.05
90.71,15.99
91.43,15.98
92.14,15.97
92.86,15.95
93.57,15.78
94.29,14.83
95.00,14.15
95.71,14.23
96.43,13.95
Tabela,5015.99
Revocação,Precisão
0.00,100.00
10.00,78.95
20.00,64.44
30.00,66.67
40.00,60.87
50.00,52.24
60.00,48.00
70.00,39.04
80.00,25.39
90.00,15.99
100.00,0.00



Consulta Num,45

Pontos
Revocação,Precisão
5.00,100.00
10.00,100.00
15.00,100.00
20.00,100.00
25.00,83.33
30.00,85.71
35.00,77.78
40.00,47.06
45.00,45.00
50.00,40.00
55.00,40.74
60.00,29.27
65.00,18.06
70.00,16.28
75.00,12.30
80.00,9.82
85.00,4.55
90.00,4.32
95.00,3.61
100.00,3.42
Tabela,4841.62
Revocação,Precisão
0.00,100.00
10.00,100.00
20.00,100.00
30.00,85.71
40.00,47.06
50.00,40.00
60.00,29.27
70.00,16.28
80.00,9.82
90.00,4.32
100.00,3.42



Consulta Num,46

Pontos
Revocação,Precisão
5.56,100.00
11.11,100.00
16.67,75.00
22.22,57.14
27.78,62.50
33.33,60.00
38.89,18.42
44.44,8.08
50.00,7.96
55.56,8.40
61.11,8.09
66.67,6.32
72.22,4.36
77.78,1.69
Tabela,2956.39
Revocação,Precisão
0.00,100.00
10.00,100.00
20.00,57.14
30.00,60.00
40.00,8.08
50.00,7.96
60.00,8.09
70.00,4.36
80.00,0.00
90.00,0.00
100.00,0.00



Consulta Num,47

Pontos
Revocação,Precisão
1.67,100.00
3.33,66.67
5.00,42.86
6.67,40.00
8.33,41.67
10.00,42.86
11.67,41.18
13.33,34.78
15.00,34.62
16.67,30.30
18.33,32.35
20.00,27.27
21.67,25.49
23.33,25.45
25.00,22.39
26.67,22.54
28.33,18.28
30.00,18.00
31.67,10.11
33.33,9.76
35.00,10.19
36.67,10.38
38.33,10.22
40.00,10.53
41.67,10.78
43.33,10.16
45.00,9.68
46.67,10.00
48.33,10.07
50.00,9.38
51.67,9.17
53.33,9.17
55.00,9.32
56.67,9.12
58.33,7.61
60.00,7.63
61.67,7.44
63.33,7.54
65.00,7.21
66.67,7.04
68.33,6.95
70.00,6.92
71.67,7.01
73.33,6.94
75.00,6.87
76.67,6.96
78.33,6.75
80.00,6.86
81.67,6.66
83.33,6.56
85.00,5.97
86.67,6.00
88.33,5.71
90.00,5.56
91.67,5.64
93.33,5.57
95.00,5.67
Tabela,1847.00
Revocação,Precisão
0.00,100.00
10.00,42.86
20.00,27.27
30.00,18.00
40.00,10.53
50.00,9.17
60.00,7.44
70.00,7.01
80.00,6.86
90.00,5.56
100.00,0.00



Consulta Num,48

Pontos
Revocação,Precisão
3.33,100.00
6.67,33.33
10.00,33.33
13.33,33.33
16.67,35.71
20.00,40.00
23.33,41.18
26.67,22.86
30.00,23.08
33.33,25.00
36.67,26.19
40.00,26.67
43.33,26.53
46.67,21.21
50.00,21.13
53.33,19.51
56.67,20.24
60.00,18.75
63.33,19.59
66.67,20.00
70.00,20.39
73.33,16.06
76.67,16.67
80.00,13.41
83.33,13.44
86.67,13.07
90.00,13.50
93.33,13.66
96.67,12.18
100.00,5.52
Tabela,2650.94
Revocação,Precisão
0.00,100.00
10.00,33.33
20.00,40.00
30.00,25.00
40.00,26.67
50.00,21.13
60.00,18.75
70.00,20.39
80.00,13.41
90.00,13.66
100.00,5.52



Consulta Num,49

Pontos
Revocação,Precisão
2.78,100.00
5.56,100.00
8.33,100.00
11.11,100.00
13.89,100.00
16.67,100.00
19.44,100.00
22.22,100.00
25.00,100.00
27.78,90.91
30.56,84.62
33.33,85.71
36.11,86.67
38.89,87.50
41.67,83.33
44.44,80.00
47.22,43.59
50.00,33.33
52.78,26.39
55.56,20.83
58.33,18.26
61.11,9.95
63.89,10.04
66.67,10.30
69.44,7.35
72.22,6.27
75.00,6.40
77.78,4.01
80.56,3.52
83.33,3.45
86.11,3.52
88.89,3.54
91.67,3.43
Tabela,4744.55
Revocação,Precisão
0.00,100.00
10.00,100.00
20.00,100.00
30.00,84.62
40.00,83.33
50.00,33.33
60.00,9.95
70.00,6.27
80.00,3.52
90.00,3.43
100.00,0.00



Consulta Num,50

Pontos
Revocação,Precisão
4.00,100.00
8.00,100.00
12.00,100.00
16.00,80.00
20.00,83.33
24.00,66.67
28.00,70.00
32.00,23.53
36.00,23.68
40.00,25.00
44.00,19.64
48.00,21.05
52.00,16.67
56.00,13.59
60.00,13.04
64.00,12.80
68.00,12.41
72.00,7.47
76.00,4.47
80.00,4.45
84.00,4.13
88.00,3.89
92.00,3.17
Tabela,3266.69
Revocação,Precisão
0.00,100.00
10.00,100.00
20.00,83.33
30.00,23.53
40.00,25.00
50.00,16.67
60.00,13.04
70.00,7.47
80.00,4.45
90.00,3.17
100.00,0.00



Consulta Num,51

Pontos
Revocação,Precisão
0.41,100.00
0.83,100.00
1.24,100.00
1.66,66.67
2.07,55.56
2.49,60.00
2.90,53.85
3.32,57.14
3.73,60.00
4.15,62.50
4.56,64.71
4.98,60.00
5.39,59.09
5.81,58.33
6.22,60.00
6.64,61.54
7.05,62.96
7.47,64.29
7.88,63.33
8.30,62.50
8.71,63.64
9.13,61.11
9.54,62.16
9.96,63.16
10.37,64.10
10.79,65.00
11.20,65.85
11.62,65.12
12.03,64.44
12.45,63.83
12.86,60.78
13.28,61.54
13.69,60.00
14.11,60.71
14.52,61.40
14.94,62.07
15.35,62.71
15.77,63.33
16.18,63.93
16.60,62.50
17.01,61.19
17.43,61.76
17.84,62.32
18.26,61.11
18.67,60.81
19.09,61.33
19.50,59.49
19.92,60.00
20.33,59.76
20.75,59.52
21.16,60.00
21.58,60.47
21.99,58.24
22.41,58.70
22.82,59.14
23.24,54.90
23.65,54.29
24.07,54.72
24.48,54.63
24.90,55.05
25.31,53.98
25.73,53.91
26.14,54.31
26.56,54.70
26.97,53.72
27.39,53.66
27.80,52.76
28.22,52.31
28.63,52.67
29.05,52.63
29.46,52.59
29.88,52.55
30.29,51.77
30.71,51.75
31.12,51.72
31.54,52.05
31.95,51.33
32.37,51.66
32.78,51.30
33.20,49.69
33.61,50.00
34.02,50.31
34.44,50.30
34.85,50.60
35.27,50.00
35.68,50.29
36.10,48.60
36.51,48.62
36.93,48.37
37.34,48.13
37.76,47.15
38.17,44.44
38.59,42.86
39.00,42.73
39.42,42.99
39.83,42.67
40.25,42.92
40.66,42.98
41.08,43.04
41.49,42.74
41.91,41.74
42.32,41.63
42.74,41.87
43.15,42.11
43.57,41.83
43.98,40.46
44.40,40.68
44.81,40.75
45.23,40.37
45.64,40.15
46.06,38.81
46.47,38.75
46.89,38.83
47.30,39.04
47.72,38.46
48.13,37.91
48.55,37.50
48.96,37.58
49.38,37.54
49.79,37.27
50.21,37.46
50.62,37.42
51.04,37.50
51.45,37.69
51.87,37.54
52.28,37.72
52.70,36.29
53.11,35.75
53.53,35.64
53.94,34.85
54.36,34.93
54.77,35.11
55.19,34.82
55.60,34.90
56.02,34.79
56.43,34.96
56.85,34.86
57.26,34.85
57.68,34.41
58.09,34.48
58.51,33.41
58.92,33.57
59.34,33.41
59.75,33.57
60.17,33.11
60.58,32.74
61.00,32.45
61.41,32.31
61.83,32.18
62.24,31.65
62.66,31.79
63.07,31.80
63.49,31.94
63.90,31.69
64.32,31.76
64.73,31.90
65.15,31.27
65.56,31.04
65.98,30.99
66.39,31.07
66.80,31.14
67.22,31.15
67.63,30.81
68.05,30.48
68.46,30.61
68.88,30.57
69.29,30.53
69.71,30.66
70.12,30.78
70.54,30.36
70.95,30.16
71.37,29.86
71.78,29.73
72.20,29.29
72.61,29.12
73.03,28.90
73.44,28.92
73.86,28.53
74.27,28.64
74.69,28.26
75.10,28.15
75.52,28.09
75.93,28.07
76.35,28.01
76.76,28.07
77.18,27.76
77.59,27.30
78.01,27.13
78.42,26.18
78.84,25.07
79.25,24.58
79.67,22.86
80.08,22.95
80.50,22.82
80.91,22.52
81.33,22.20
81.74,22.18
82.16,21.78
82.57,21.80
82.99,21.83
83.40,21.87
83.82,21.93
84.23,21.80
84.65,21.43
85.06,21.44
85.48,21.22
85.89,21.30
86.31,21.36
86.72,21.39
87.14,21.43
87.55,21.49
87.97,21.39
88.38,21.43
88.80,21.40
89.21,21.37
89.63,21.32
90.04,21.34
90.46,21.37
90.87,21.24
91.29,21.26
91.70,21.27
92.12,21.28
92.53,21.22
92.95,21.27
93.36,21.11
93.78,21.06
94.19,20.86
94.61,20.94
95.02,21.01
95.44,20.95
95.85,20.72
96.27,20.37
96.68,20.35
97.10,20.12
97.51,20.07
97.93,20.14
98.34,20.17
98.76,20.10
99.17,20.07
99.59,19.95
100.00,19.63
Tabela,4240.00
Revocação,Precisão
0.00,100.00
10.00,64.10
20.00,59.76
30.00,51.77
40.00,42.92
50.00,37.46
60.00,33.11
70.00,30.78
80.00,22.95
90.00,21.34
100.00,19.63



Consulta Num,52

Pontos
Revocação,Precisão
50.00,100.00
100.00,0.30
Tabela,5513.47
Revocação,Precisão
0.00,100.00
10.00,100.00
20.00,100.00
30.00,100.00
40.00,100.00
50.00,100.00
60.00,0.30
70.00,0.30
80.00,0.30
90.00,0.30
100.00,0.30



Consulta Num,53

Pontos
Revocação,Precisão
4.35,100.00
8.70,100.00
13.04,60.00
17.39,50.00
21.74,45.45
26.09,50.00
30.43,50.00
34.78,53.33
39.13,45.00
43.48,41.67
47.83,37.93
52.17,40.00
56.52,40.63
60.87,26.92
65.22,20.00
69.57,20.00
73.91,20.24
78.26,20.93
82.61,21.84
86.96,19.80
91.30,16.67
95.65,11.64
100.00,3.02
Tabela,3742.99
Revocação,Precisão
0.00,100.00
10.00,60.00
20.00,45.45
30.00,50.00
40.00,41.67
50.00,40.00
60.00,26.92
70.00,20.24
80.00,21.84
90.00,16.67
100.00,3.02



Consulta Num,54

Pontos
Revocação,Precisão
1.61,100.00
3.23,100.00
4.84,100.00
6.45,100.00
8.06,100.00
9.68,100.00
11.29,100.00
12.90,100.00
14.52,100.00
16.13,100.00
17.74,100.00
19.35,100.00
20.97,92.86
22.58,87.50
24.19,88.24
25.81,88.89
27.42,89.47
29.03,81.82
30.65,79.17
32.26,80.00
33.87,80.77
35.48,81.48
37.10,82.14
38.71,77.42
40.32,75.76
41.94,57.78
43.55,57.45
45.16,53.85
46.77,52.73
48.39,49.18
50.00,48.44
51.61,49.23
53.23,45.83
54.84,42.50
56.45,42.68
58.06,39.13
59.68,33.94
61.29,33.04
62.90,33.05
64.52,33.06
66.13,30.60
67.74,29.17
69.35,28.29
70.97,24.72
72.58,21.74
74.19,18.55
75.81,17.15
77.42,16.78
79.03,15.03
80.65,14.49
82.26,13.71
83.87,13.16
85.48,11.47
87.10,8.39
88.71,8.23
90.32,7.81
91.94,7.64
93.55,6.79
95.16,6.88
96.77,6.24
98.39,5.94
Tabela,5270.78
Revocação,Precisão
0.00,100.00
10.00,100.00
20.00,92.86
30.00,79.17
40.00,75.76
50.00,49.23
60.00,33.04
70.00,24.72
80.00,14.49
90.00,7.81
100.00,0.00



Consulta Num,55

Pontos
Revocação,Precisão
4.17,25.00
8.33,22.22
12.50,17.65
16.67,13.33
20.83,14.29
25.00,15.38
29.17,12.73
33.33,6.40
37.50,3.35
41.67,3.33
45.83,3.55
50.00,3.58
54.17,3.72
58.33,2.67
62.50,2.79
66.67,2.54
70.83,2.60
75.00,2.48
79.17,2.26
83.33,2.33
Tabela,656.19
Revocação,Precisão
0.00,25.00
10.00,17.65
20.00,14.29
30.00,6.40
40.00,3.33
50.00,3.72
60.00,2.79
70.00,2.60
80.00,2.33
90.00,0.00
100.00,0.00



Consulta Num,56

Pontos
Revocação,Precisão
3.13,50.00
6.25,33.33
9.38,17.65
12.50,18.18
15.63,19.23
18.75,14.63
21.88,14.29
25.00,11.43
28.13,9.78
31.25,10.00
34.38,10.78
37.50,10.26
40.63,5.88
43.75,5.38
46.88,5.14
50.00,4.42
53.13,4.64
56.25,4.41
59.38,4.03
62.50,4.09
65.63,3.98
68.75,4.11
71.88,4.23
75.00,4.15
78.13,4.30
81.25,4.40
84.38,4.33
87.50,4.47
90.63,4.61
93.75,4.10
96.88,3.78
100.00,3.89
Tabela,970.42
Revocação,Precisão
0.00,50.00
10.00,18.18
20.00,14.29
30.00,10.00
40.00,5.88
50.00,4.42
60.00,4.09
70.00,4.23
80.00,4.40
90.00,4.61
100.00,3.89



Consulta Num,57

Pontos
Revocação,Precisão
1.96,100.00
3.92,100.00
5.88,100.00
7.84,100.00
9.80,100.00
11.76,100.00
13.73,100.00
15.69,80.00
17.65,81.82
19.61,83.33
21.57,84.62
23.53,75.00
25.49,76.47
27.45,73.68
29.41,68.18
31.37,69.57
33.33,68.00
35.29,69.23
37.25,70.37
39.22,68.97
41.18,67.74
43.14,53.66
45.10,54.76
47.06,54.55
49.02,52.08
50.98,50.98
52.94,50.00
54.90,50.91
56.86,50.00
58.82,50.85
60.78,49.21
62.75,49.23
64.71,48.53
66.67,47.89
68.63,47.95
70.59,46.15
72.55,46.25
74.51,46.34
76.47,40.63
78.43,38.46
80.39,33.61
82.35,33.33
84.31,28.67
86.27,26.99
88.24,22.39
90.20,21.80
92.16,21.56
94.12,16.49
96.08,14.24
98.04,10.99
100.00,7.80
Tabela,5775.70
Revocação,Precisão
0.00,100.00
10.00,100.00
20.00,84.62
30.00,69.57
40.00,67.74
50.00,50.98
60.00,49.21
70.00,46.15
80.00,33.61
90.00,21.80
100.00,7.80



Consulta Num,58

Pontos
Revocação,Precisão
1.05,100.00
2.11,100.00
3.16,100.00
4.21,57.14
5.26,38.46
6.32,42.86
7.37,41.18
8.42,44.44
9.47,47.37
10.53,50.00
11.58,52.38
12.63,54.55
13.68,56.52
14.74,53.85
15.79,55.56
16.84,57.14
17.89,58.62
18.95,60.00
20.00,59.38
21.05,60.61
22.11,60.00
23.16,59.46
24.21,60.53
25.26,57.14
26.32,54.35
27.37,54.17
28.42,52.94
29.47,51.85
30.53,48.33
31.58,49.18
32.63,50.00
33.68,50.00
34.74,50.77
35.79,50.75
36.84,50.72
37.89,50.70
38.95,51.39
40.00,52.05
41.05,52.70
42.11,50.63
43.16,50.00
44.21,41.58
45.26,40.95
46.32,40.74
47.37,41.28
48.42,41.82
49.47,40.17
50.53,40.68
51.58,41.18
52.63,41.67
53.68,40.16
54.74,40.63
55.79,41.09
56.84,38.85
57.89,38.73
58.95,39.16
60.00,39.58
61.05,40.00
62.11,40.14
63.16,35.09
64.21,34.66
65.26,35.03
66.32,34.05
67.37,34.04
68.42,34.21
69.47,33.00
70.53,33.33
71.58,30.63
72.63,22.48
73.68,21.60
74.74,21.71
75.79,21.56
76.84,21.53
77.89,21.64
78.95,21.49
80.00,21.53
81.05,21.27
82.11,20.47
83.16,20.15
84.21,20.25
85.26,19.33
86.32,19.11
87.37,18.82
88.42,17.46
89.47,17.60
90.53,17.59
91.58,17.23
92.63,17.29
93.68,16.82
94.74,16.76
95.79,16.31
96.84,16.46
97.89,16.12
Tabela,4124.74
Revocação,Precisão
0.00,100.00
10.00,50.00
20.00,59.38
30.00,48.33
40.00,52.05
50.00,40.68
60.00,39.58
70.00,33.33
80.00,21.53
90.00,17.59
100.00,0.00



Consulta Num,59

Pontos
Revocação,Precisão
0.69,100.00
1.38,66.67
2.07,75.00
2.76,80.00
3.45,83.33
4.14,85.71
4.83,87.50
5.52,80.00
6.21,81.82
6.90,83.33
7.59,84.62
8.28,80.00
8.97,65.00
9.66,60.87
10.34,53.57
11.03,53.33
11.72,54.84
12.41,47.37
13.10,48.72
13.79,31.75
14.48,28.77
15.17,27.16
15.86,23.96
16.55,21.62
17.24,18.94
17.93,17.33
18.62,17.76
19.31,17.72
20.00,16.86
20.69,17.34
21.38,16.15
22.07,16.58
22.76,14.73
23.45,14.98
24.14,15.22
24.83,15.52
25.52,15.81
26.21,16.10
26.90,16.12
27.59,15.94
28.28,16.27
28.97,16.41
29.66,16.60
30.34,16.86
31.03,17.05
31.72,17.10
32.41,17.41
33.10,17.45
33.79,17.69
34.48,17.54
35.17,17.77
35.86,18.06
36.55,18.34
37.24,17.70
37.93,17.80
38.62,17.83
39.31,18.04
40.00,18.18
40.69,18.32
41.38,18.24
42.07,18.43
42.76,18.62
43.45,18.75
44.14,18.66
44.83,18.79
45.52,18.86
46.21,18.98
46.90,18.53
47.59,18.50
48.28,18.72
48.97,18.68
49.66,18.70
50.34,18.77
51.03,18.93
51.72,18.52
52.41,18.72
53.10,18.47
53.79,18.35
54.48,18.29
55.17,18.10
55.86,18.04
56.55,18.14
57.24,18.32
57.93,18.18
58.62,18.12
59.31,18.22
60.00,17.79
60.69,17.81
61.38,17.91
62.07,17.96
62.76,18.09
63.45,18.15
64.14,17.85
64.83,17.74
65.52,17.89
66.21,17.74
66.90,17.20
67.59,17.25
68.28,17.19
68.97,16.98
69.66,17.00
70.34,17.06
71.03,17.17
71.72,17.19
72.41,17.13
73.10,17.18
73.79,17.29
74.48,17.42
75.17,16.74
75.86,15.97
76.55,15.95
77.24,15.84
77.93,15.87
78.62,14.36
79.31,14.39
80.00,14.32
80.69,14.29
81.38,14.37
82.07,14.41
82.76,14.46
83.45,14.34
84.14,14.42
84.83,14.34
85.52,14.34
86.21,14.30
Tabela,2234.07
Revocação,Precisão
0.00,100.00
10.00,53.57
20.00,16.86
30.00,16.86
40.00,18.18
50.00,18.77
60.00,17.79
70.00,17.06
80.00,14.32
90.00,0.00
100.00,0.00



Consulta Num,60

Pontos
Revocação,Precisão
2.94,50.00
5.88,66.67
8.82,75.00
11.76,57.14
14.71,22.73
17.65,9.68
20.59,10.29
23.53,10.00
26.47,8.49
29.41,8.85
32.35,9.65
35.29,10.34
38.24,10.00
41.18,9.72
44.12,9.87
47.06,9.82
50.00,10.30
52.94,9.23
55.88,9.41
58.82,8.81
61.76,8.79
64.71,8.94
67.65,7.69
70.59,6.84
73.53,6.94
76.47,7.18
79.41,7.16
Tabela,1366.63
Revocação,Precisão
0.00,50.00
10.00,57.14
20.00,10.29
30.00,9.65
40.00,9.72
50.00,9.23
60.00,8.79
70.00,6.84
80.00,0.00
90.00,0.00
100.00,0.00



Consulta Num,61

Pontos
Revocação,Precisão
1.43,100.00
2.86,100.00
4.29,100.00
5.71,100.00
7.14,100.00
8.57,100.00
10.00,100.00
11.43,100.00
12.86,100.00
14.29,100.00
15.71,100.00
17.14,100.00
18.57,100.00
20.00,100.00
21.43,100.00
22.86,100.00
24.29,73.91
25.71,60.00
27.14,61.29
28.57,58.82
30.00,47.73
31.43,46.81
32.86,39.66
34.29,31.58
35.71,30.86
37.14,28.89
38.57,28.42
40.00,27.72
41.43,26.85
42.86,26.32
44.29,19.50
45.71,19.51
47.14,20.00
48.57,19.43
50.00,19.13
51.43,17.56
52.86,17.13
54.29,16.24
55.71,16.60
57.14,16.67
58.57,15.71
60.00,13.95
61.43,12.61
62.86,12.50
64.29,12.33
65.71,12.04
67.14,11.22
68.57,10.64
70.00,10.49
71.43,8.24
72.86,8.23
74.29,8.02
75.71,6.45
77.14,6.38
78.57,6.48
80.00,6.47
81.43,6.40
82.86,6.42
84.29,6.44
85.71,6.54
Tabela,3737.06
Revocação,Precisão
0.00,100.00
10.00,100.00
20.00,100.00
30.00,46.81
40.00,26.85
50.00,19.13
60.00,13.95
70.00,10.49
80.00,6.47
90.00,0.00
100.00,0.00



Consulta Num,62

Pontos
Revocação,Precisão
0.69,50.00
1.39,50.00
2.08,60.00
2.78,57.14
3.47,55.56
4.17,60.00
4.86,58.33
5.56,61.54
6.25,45.00
6.94,45.45
7.64,47.83
8.33,50.00
9.03,52.00
9.72,51.85
10.42,50.00
11.11,50.00
11.81,51.52
12.50,48.65
13.19,48.72
13.89,50.00
14.58,48.84
15.28,48.89
15.97,50.00
16.67,41.38
17.36,40.98
18.06,40.63
18.75,40.30
19.44,41.18
20.14,40.85
20.83,41.67
21.53,38.75
22.22,38.55
22.92,39.29
23.61,38.20
24.31,36.08
25.00,35.64
25.69,35.24
26.39,35.19
27.08,34.82
27.78,35.40
28.47,35.34
29.17,35.90
29.86,36.13
30.56,36.07
31.25,36.59
31.94,37.10
32.64,37.01
33.33,37.21
34.03,37.40
34.72,37.31
35.42,37.78
36.11,37.68
36.81,36.81
37.50,36.24
38.19,36.18
38.89,35.67
39.58,34.13
40.28,34.52
40.97,34.71
41.67,34.48
42.36,34.66
43.06,34.64
43.75,33.69
44.44,33.33
45.14,33.68
45.83,32.04
46.53,32.21
47.22,29.57
47.92,28.75
48.61,28.34
49.31,27.63
50.00,27.69
50.69,27.76
51.39,27.72
52.08,27.99
52.78,28.25
53.47,28.52
54.17,28.57
54.86,28.32
55.56,27.12
56.25,27.36
56.94,26.89
57.64,26.95
58.33,27.18
59.03,27.16
59.72,27.04
60.42,27.27
61.11,26.04
61.81,26.02
62.50,25.07
63.19,24.59
63.89,23.59
64.58,23.60
65.28,23.80
65.97,23.51
66.67,22.59
67.36,22.66
68.06,22.69
68.75,22.71
69.44,22.68
70.14,22.70
70.83,22.77
71.53,22.69
72.22,22.61
72.92,22.53
73.61,22.60
74.31,22.57
75.00,21.82
75.69,21.84
76.39,21.78
77.08,21.85
77.78,21.50
78.47,20.81
79.17,20.69
79.86,20.28
80.56,19.76
81.25,19.53
81.94,19.67
82.64,19.67
83.33,18.32
84.03,18.06
84.72,17.89
85.42,18.01
86.11,17.97
86.81,17.46
87.50,17.48
88.19,17.49
88.89,17.56
89.58,17.50
90.28,17.17
90.97,16.77
91.67,16.60
92.36,16.26
93.06,16.22
93.75,15.79
94.44,15.89
95.14,15.10
95.83,14.29
96.53,13.86
97.22,13.88
Tabela,3010.95
Revocação,Precisão
0.00,50.00
10.00,50.00
20.00,40.85
30.00,36.07
40.00,34.52
50.00,27.76
60.00,27.27
70.00,22.70
80.00,19.76
90.00,17.17
100.00,0.00



Consulta Num,63

Pontos
Revocação,Precisão
2.56,100.00
5.13,100.00
7.69,15.79
10.26,20.00
12.82,23.81
15.38,22.22
17.95,16.67
20.51,15.69
23.08,17.31
25.64,16.39
28.21,12.50
30.77,11.11
33.33,11.71
35.90,11.57
38.46,8.72
41.03,8.79
43.59,8.63
46.15,7.06
48.72,6.60
51.28,6.85
53.85,5.28
56.41,5.31
58.97,5.40
61.54,5.57
64.10,5.62
66.67,5.46
69.23,4.66
71.79,4.34
74.36,4.27
76.92,4.17
79.49,3.73
Tabela,1223.47
Revocação,Precisão
0.00,100.00
10.00,20.00
20.00,15.69
30.00,11.11
40.00,8.79
50.00,6.85
60.00,5.57
70.00,4.34
80.00,0.00
90.00,0.00
100.00,0.00



Consulta Num,64

Pontos
Revocação,Precisão
2.00,33.33
4.00,50.00
6.00,60.00
8.00,57.14
10.00,55.56
12.00,60.00
14.00,58.33
16.00,53.33
18.00,52.94
20.00,35.71
22.00,33.33
24.00,30.00
26.00,23.64
28.00,23.73
30.00,24.19
32.00,23.88
34.00,21.25
36.00,18.37
38.00,16.24
40.00,16.53
42.00,16.67
44.00,16.67
46.00,15.44
48.00,14.81
50.00,15.34
52.00,13.90
54.00,13.50
56.00,11.43
58.00,10.39
60.00,10.42
62.00,10.37
64.00,10.03
66.00,9.30
68.00,8.56
70.00,8.79
72.00,9.02
74.00,7.66
76.00,7.85
78.00,7.99
80.00,8.16
82.00,7.77
84.00,7.45
86.00,6.85
88.00,6.20
90.00,6.10
92.00,6.05
94.00,5.82
96.00,5.78
98.00,5.14
Tabela,1974.68
Revocação,Precisão
0.00,33.33
10.00,55.56
20.00,35.71
30.00,24.19
40.00,16.53
50.00,15.34
60.00,10.42
70.00,8.79
80.00,8.16
90.00,6.10
100.00,0.00



Consulta Num,65

Pontos
Revocação,Precisão
1.06,50.00
2.13,40.00
3.19,50.00
4.26,57.14
5.32,62.50
6.38,66.67
7.45,63.64
8.51,66.67
9.57,69.23
10.64,58.82
11.70,57.89
12.77,60.00
13.83,59.09
14.89,60.87
15.96,62.50
17.02,64.00
18.09,60.71
19.15,62.07
20.21,63.33
21.28,62.50
22.34,61.76
23.40,62.86
24.47,63.89
25.53,64.86
26.60,59.52
27.66,60.47
28.72,61.36
29.79,59.57
30.85,59.18
31.91,58.82
32.98,55.36
34.04,56.14
35.11,55.00
36.17,54.84
37.23,55.56
38.30,54.55
39.36,54.41
40.43,53.52
41.49,54.17
42.55,54.05
43.62,52.56
44.68,46.15
45.74,46.24
46.81,44.44
47.87,43.69
48.94,44.23
50.00,39.50
51.06,33.57
52.13,33.56
53.19,33.33
54.26,32.48
55.32,31.14
56.38,31.18
57.45,31.03
58.51,29.10
59.57,29.17
60.64,28.50
61.70,28.02
62.77,26.58
63.83,26.79
64.89,23.64
65.96,23.40
67.02,21.80
68.09,19.45
69.15,19.70
70.21,19.24
71.28,18.61
72.34,18.58
73.40,18.40
74.47,18.62
75.53,18.64
76.60,18.46
77.66,18.67
78.72,18.78
79.79,17.65
80.85,16.89
81.91,16.96
82.98,17.11
84.04,17.06
85.11,16.74
86.17,16.77
87.23,13.83
88.30,12.21
89.36,12.14
90.43,11.77
91.49,10.12
92.55,10.21
93.62,9.73
94.68,9.53
95.74,9.62
Tabela,3698.32
Revocação,Precisão
0.00,50.00
10.00,58.82
20.00,63.33
30.00,59.18
40.00,53.52
50.00,33.57
60.00,28.50
70.00,19.24
80.00,16.89
90.00,11.77
100.00,0.00



Consulta Num,66

Pontos
Revocação,Precisão
1.59,33.33
3.17,50.00
4.76,37.50
6.35,44.44
7.94,45.45
9.52,46.15
11.11,46.67
12.70,47.06
14.29,50.00
15.87,52.63
17.46,55.00
19.05,54.55
20.63,37.14
22.22,35.90
23.81,37.50
25.40,39.02
26.98,35.42
28.57,27.27
30.16,24.68
31.75,20.41
33.33,20.79
34.92,17.32
36.51,17.83
38.10,17.52
39.68,17.12
41.27,16.05
42.86,15.98
44.44,15.64
46.03,15.85
47.62,14.93
49.21,14.76
50.79,15.17
52.38,14.93
53.97,15.18
55.56,15.56
57.14,15.79
58.73,15.16
60.32,14.96
61.90,14.29
63.49,13.11
65.08,12.46
66.67,11.93
68.25,11.38
69.84,10.92
71.43,10.34
73.02,10.04
74.60,9.87
76.19,10.02
77.78,10.12
79.37,9.73
80.95,9.64
82.54,9.08
84.13,8.98
85.71,8.42
87.30,8.08
88.89,7.82
90.48,7.91
92.06,7.99
93.65,7.72
95.24,6.22
96.83,6.10
Tabela,1992.19
Revocação,Precisão
0.00,33.33
10.00,46.67
20.00,37.14
30.00,24.68
40.00,16.05
50.00,15.17
60.00,14.96
70.00,10.34
80.00,9.64
90.00,7.91
100.00,0.00



Consulta Num,67

Pontos
Revocação,Precisão
7.14,33.33
14.29,50.00
21.43,42.86
28.57,50.00
35.71,41.67
42.86,42.86
50.00,21.21
57.14,22.22
64.29,14.75
71.43,10.10
78.57,4.42
85.71,2.40
92.86,2.53
100.00,2.39
Tabela,2462.46
Revocação,Precisão
0.00,33.33
10.00,50.00
20.00,42.86
30.00,41.67
40.00,42.86
50.00,21.21
60.00,14.75
70.00,10.10
80.00,2.40
90.00,2.53
100.00,2.39



Consulta Num,68

Pontos
Revocação,Precisão
2.22,100.00
4.44,100.00
6.67,100.00
8.89,100.00
11.11,100.00
13.33,100.00
15.56,100.00
17.78,88.89
20.00,90.00
22.22,76.92
24.44,30.56
26.67,29.27
28.89,13.40
31.11,11.86
33.33,11.11
35.56,11.03
37.78,11.18
40.00,7.83
42.22,8.09
44.44,6.62
46.67,6.46
48.89,6.11
51.11,6.23
53.33,6.32
55.56,6.23
57.78,6.12
60.00,6.31
62.22,6.09
64.44,5.84
66.67,5.98
68.89,6.11
71.11,6.24
73.33,6.31
75.56,6.46
77.78,5.79
80.00,5.92
82.22,5.83
84.44,5.68
86.67,5.23
88.89,5.22
91.11,4.89
Tabela,2762.38
Revocação,Precisão
0.00,100.00
10.00,100.00
20.00,76.92
30.00,11.86
40.00,8.09
50.00,6.23
60.00,6.09
70.00,6.24
80.00,5.92
90.00,4.89
100.00,0.00



Consulta Num,69

Pontos
Revocação,Precisão
6.67,100.00
13.33,100.00
20.00,100.00
26.67,80.00
33.33,83.33
40.00,75.00
46.67,12.73
53.33,8.79
60.00,5.96
66.67,3.31
73.33,2.43
80.00,2.07
Tabela,4249.42
Revocação,Precisão
0.00,100.00
10.00,100.00
20.00,100.00
30.00,83.33
40.00,75.00
50.00,8.79
60.00,3.31
70.00,2.43
80.00,2.07
90.00,0.00
100.00,0.00



Consulta Num,70

Pontos
Revocação,Precisão
5.88,100.00
11.76,100.00
17.65,100.00
23.53,80.00
29.41,83.33
35.29,75.00
41.18,77.78
47.06,53.33
52.94,56.25
58.82,45.45
64.71,44.00
70.59,46.15
76.47,33.33
82.35,17.28
88.24,10.42
94.12,4.82
100.00,4.22
Tabela,5533.94
Revocação,Precisão
0.00,100.00
10.00,100.00
20.00,80.00
30.00,75.00
40.00,77.78
50.00,56.25
60.00,44.00
70.00,46.15
80.00,17.28
90.00,4.82
100.00,4.22



Consulta Num,71

Pontos
Revocação,Precisão
16.67,100.00
33.33,100.00
50.00,16.67
66.67,9.30
83.33,0.68
100.00,0.71
Tabela,3950.71
Revocação,Precisão
0.00,100.00
10.00,100.00
20.00,100.00
30.00,100.00
40.00,16.67
50.00,16.67
60.00,9.30
70.00,0.68
80.00,0.68
90.00,0.71
100.00,0.71



Consulta Num,72

Pontos
Revocação,Precisão
7.69,50.00
15.38,66.67
23.08,75.00
30.77,80.00
38.46,83.33
46.15,85.71
53.85,58.33
61.54,34.78
69.23,13.64
76.92,12.66
84.62,10.19
92.31,9.09
100.00,2.14
Tabela,4585.00
Revocação,Precisão
0.00,50.00
10.00,66.67
20.00,75.00
30.00,80.00
40.00,85.71
50.00,58.33
60.00,34.78
70.00,12.66
80.00,10.19
90.00,9.09
100.00,2.14



Consulta Num,73

Pontos
Revocação,Precisão
5.56,100.00
11.11,100.00
16.67,100.00
22.22,80.00
27.78,71.43
33.33,60.00
38.89,63.64
44.44,53.33
50.00,32.14
55.56,34.48
61.11,22.45
66.67,24.00
72.22,11.02
77.78,8.54
83.33,3.19
88.89,2.03
Tabela,4121.34
Revocação,Precisão
0.00,100.00
10.00,100.00
20.00,80.00
30.00,60.00
40.00,53.33
50.00,32.14
60.00,22.45
70.00,11.02
80.00,3.19
90.00,0.00
100.00,0.00



Consulta Num,74

Pontos
Revocação,Precisão
14.29,100.00
28.57,100.00
42.86,21.43
57.14,5.00
71.43,1.83
85.71,2.19
100.00,0.90
Tabela,3050.63
Revocação,Precisão
0.00,100.00
10.00,100.00
20.00,100.00
30.00,21.43
40.00,21.43
50.00,5.00
60.00,1.83
70.00,1.83
80.00,2.19
90.00,0.90
100.00,0.90



Consulta Num,75

Pontos
Revocação,Precisão
4.76,100.00
9.52,66.67
14.29,75.00
19.05,66.67
23.81,71.43
28.57,75.00
33.33,70.00
38.10,72.73
42.86,64.29
47.62,45.45
52.38,44.00
57.14,28.57
61.90,12.62
66.67,11.57
71.43,11.90
76.19,7.80
80.95,7.76
85.71,6.82
90.48,6.93
95.24,6.69
100.00,2.87
Tabela,4153.72
Revocação,Precisão
0.00,100.00
10.00,75.00
20.00,71.43
30.00,70.00
40.00,64.29
50.00,44.00
60.00,12.62
70.00,11.90
80.00,7.76
90.00,6.93
100.00,2.87



Consulta Num,76

Pontos
Revocação,Precisão
5.88,100.00
11.76,100.00
17.65,25.00
23.53,30.77
29.41,35.71
35.29,20.69
41.18,20.59
47.06,9.88
52.94,4.27
58.82,4.31
64.71,2.55
70.59,2.64
76.47,1.72
82.35,1.74
Tabela,2332.43
Revocação,Precisão
0.00,100.00
10.00,100.00
20.00,30.77
30.00,20.69
40.00,20.59
50.00,4.27
60.00,2.55
70.00,2.64
80.00,1.74
90.00,0.00
100.00,0.00



Consulta Num,77

Pontos
Revocação,Precisão
1.22,50.00
2.44,33.33
3.66,42.86
4.88,40.00
6.10,31.25
7.32,26.09
8.54,25.00
9.76,27.59
10.98,30.00
12.20,28.57
13.41,30.56
14.63,27.91
15.85,26.53
17.07,26.92
18.29,26.32
19.51,25.40
20.73,22.97
21.95,21.69
23.17,22.62
24.39,21.74
25.61,19.81
26.83,19.30
28.05,20.00
29.27,19.67
30.49,18.66
31.71,18.57
32.93,16.56
34.15,16.87
35.37,15.85
36.59,14.29
37.80,14.09
39.02,14.22
40.24,14.16
41.46,14.53
42.68,14.77
43.90,13.38
45.12,13.50
46.34,13.82
47.56,14.03
48.78,13.56
50.00,13.58
51.22,12.35
52.44,12.39
53.66,12.26
54.88,12.16
56.10,12.04
57.32,11.08
58.54,11.06
59.76,11.14
60.98,11.31
62.20,11.23
63.41,10.99
64.63,10.41
65.85,9.66
67.07,9.82
68.29,9.62
69.51,9.58
70.73,9.02
71.95,8.86
73.17,8.98
74.39,8.96
75.61,8.91
76.83,8.97
78.05,8.41
79.27,8.22
80.49,8.15
81.71,8.00
82.93,7.67
84.15,7.45
85.37,7.42
86.59,7.46
Tabela,1516.26
Revocação,Precisão
0.00,50.00
10.00,30.00
20.00,22.97
30.00,18.66
40.00,14.16
50.00,12.35
60.00,11.31
70.00,9.02
80.00,8.15
90.00,0.00
100.00,0.00



Consulta Num,78

Pontos
Revocação,Precisão
1.30,100.00
2.60,66.67
3.90,50.00
5.19,50.00
6.49,50.00
7.79,50.00
9.09,53.85
10.39,57.14
11.69,60.00
12.99,62.50
14.29,61.11
15.58,57.14
16.88,59.09
18.18,60.87
19.48,57.69
20.78,59.26
22.08,60.71
23.38,52.94
24.68,54.29
25.97,54.05
27.27,55.26
28.57,55.00
29.87,56.10
31.17,55.81
32.47,56.82
33.77,57.78
35.06,56.25
36.36,57.14
37.66,54.72
38.96,55.56
40.26,56.36
41.56,57.14
42.86,55.93
44.16,56.67
45.45,57.38
46.75,57.14
48.05,56.92
49.35,57.58
50.65,49.37
51.95,50.00
53.25,50.62
54.55,50.00
55.84,50.59
57.14,46.81
58.44,45.45
59.74,45.10
61.04,44.34
62.34,44.86
63.64,44.55
64.94,43.86
66.23,43.97
67.53,38.81
68.83,38.41
70.13,37.24
71.43,35.26
72.73,32.00
74.03,23.85
75.32,24.17
76.62,23.05
77.92,22.06
79.22,16.31
80.52,15.42
81.82,14.69
83.12,14.35
84.42,13.98
85.71,13.44
87.01,12.91
88.31,11.64
89.61,10.38
90.91,9.70
92.21,9.00
93.51,9.06
94.81,8.65
96.10,8.11
97.40,8.13
98.70,7.79
Tabela,4346.46
Revocação,Precisão
0.00,100.00
10.00,57.14
20.00,59.26
30.00,55.81
40.00,56.36
50.00,49.37
60.00,44.34
70.00,37.24
80.00,15.42
90.00,9.70
100.00,0.00



Consulta Num,79

Pontos
Revocação,Precisão
2.33,100.00
4.65,66.67
6.98,27.27
9.30,30.77
11.63,35.71
13.95,35.29
16.28,36.84
18.60,38.10
20.93,36.00
23.26,38.46
25.58,33.33
27.91,34.29
30.23,34.21
32.56,30.43
34.88,25.86
37.21,27.12
39.53,24.29
41.86,22.22
44.19,19.59
46.51,19.05
48.84,19.63
51.16,17.46
53.49,17.83
55.81,16.67
58.14,16.78
60.47,17.11
62.79,14.67
65.12,14.29
67.44,11.74
69.77,11.11
72.09,11.23
74.42,10.96
76.74,7.01
79.07,7.05
81.40,7.00
83.72,7.00
86.05,6.93
88.37,6.56
90.70,6.60
93.02,5.08
Tabela,2375.43
Revocação,Precisão
0.00,100.00
10.00,35.71
20.00,36.00
30.00,34.21
40.00,22.22
50.00,17.46
60.00,17.11
70.00,11.23
80.00,7.00
90.00,6.60
100.00,0.00



Consulta Num,80

Pontos
Revocação,Precisão
2.94,100.00
5.88,100.00
8.82,60.00
11.76,66.67
14.71,71.43
17.65,75.00
20.59,77.78
23.53,80.00
26.47,81.82
29.41,83.33
32.35,55.00
35.29,48.00
38.24,46.43
41.18,29.79
44.12,31.25
47.06,32.00
50.00,33.33
52.94,34.62
55.88,32.20
58.82,31.75
61.76,24.71
64.71,24.44
67.65,22.12
70.59,17.65
73.53,7.89
76.47,7.47
79.41,6.89
Tabela,3562.00
Revocação,Precisão
0.00,100.00
10.00,66.67
20.00,77.78
30.00,55.00
40.00,29.79
50.00,34.62
60.00,24.71
70.00,17.65
80.00,0.00
90.00,0.00
100.00,0.00



Consulta Num,81

Pontos
Revocação,Precisão
3.57,100.00
7.14,100.00
10.71,100.00
14.29,100.00
17.86,100.00
21.43,75.00
25.00,77.78
28.57,80.00
32.14,47.37
35.71,14.71
39.29,13.58
42.86,10.26
46.43,9.70
50.00,10.22
53.57,10.42
57.14,10.60
60.71,8.50
64.29,7.47
67.86,7.17
71.43,3.80
75.00,3.81
78.57,3.55
82.14,3.47
85.71,3.61
89.29,3.43
92.86,3.20
96.43,3.04
Tabela,3120.08
Revocação,Precisão
0.00,100.00
10.00,100.00
20.00,75.00
30.00,47.37
40.00,10.26
50.00,10.42
60.00,8.50
70.00,3.80
80.00,3.47
90.00,3.20
100.00,0.00



Consulta Num,82

Pontos
Revocação,Precisão
1.61,100.00
3.23,100.00
4.84,75.00
6.45,80.00
8.06,83.33
9.68,85.71
11.29,87.50
12.90,88.89
14.52,90.00
16.13,83.33
17.74,84.62
19.35,80.00
20.97,76.47
22.58,77.78
24.19,75.00
25.81,66.67
27.42,60.71
29.03,46.15
30.65,41.30
32.26,41.67
33.87,38.89
35.48,33.85
37.10,34.33
38.71,35.29
40.32,33.33
41.94,31.71
43.55,29.67
45.16,30.11
46.77,30.53
48.39,29.41
50.00,30.10
51.61,28.83
53.23,26.40
54.84,25.37
56.45,25.93
58.06,24.49
59.68,24.83
61.29,24.20
62.90,22.81
64.52,23.26
66.13,22.53
67.74,18.42
69.35,17.77
70.97,16.18
72.58,14.61
74.19,14.51
75.81,14.42
77.42,14.63
79.03,13.39
80.65,12.35
82.26,12.44
83.87,12.04
85.48,9.93
87.10,10.06
88.71,9.39
90.32,8.82
91.94,7.12
93.55,7.03
95.16,7.05
Tabela,3789.82
Revocação,Precisão
0.00,100.00
10.00,87.50
20.00,76.47
30.00,41.30
40.00,33.33
50.00,28.83
60.00,24.20
70.00,16.18
80.00,12.35
90.00,8.82
100.00,0.00



Consulta Num,83

Pontos
Revocação,Precisão
3.13,100.00
6.25,100.00
9.38,50.00
12.50,57.14
15.63,62.50
18.75,60.00
21.88,53.85
25.00,53.33
28.13,42.86
31.25,31.25
34.38,30.56
37.50,30.00
40.63,30.95
43.75,31.82
46.88,33.33
50.00,27.59
53.13,25.76
56.25,19.35
59.38,19.59
62.50,15.27
65.63,13.73
68.75,12.43
71.88,10.90
75.00,8.39
78.13,6.49
81.25,6.62
84.38,3.74
87.50,3.70
90.63,3.81
93.75,3.80
96.88,3.21
100.00,3.10
Tabela,2889.24
Revocação,Precisão
0.00,100.00
10.00,57.14
20.00,53.85
30.00,31.25
40.00,30.95
50.00,27.59
60.00,15.27
70.00,10.90
80.00,6.62
90.00,3.81
100.00,3.10



Consulta Num,84

Pontos
Revocação,Precisão
6.25,50.00
12.50,66.67
18.75,75.00
25.00,80.00
31.25,83.33
37.50,60.00
43.75,53.85
50.00,57.14
56.25,42.86
62.50,45.45
68.75,45.83
75.00,41.38
81.25,3.12
87.50,3.12
93.75,2.80
Tabela,4587.39
Revocação,Precisão
0.00,50.00
10.00,66.67
20.00,80.00
30.00,83.33
40.00,53.85
50.00,57.14
60.00,45.45
70.00,41.38
80.00,3.12
90.00,2.80
100.00,0.00



Consulta Num,85

Pontos
Revocação,Precisão
3.23,33.33
6.45,28.57
9.68,37.50
12.90,44.44
16.13,10.42
19.35,10.34
22.58,11.11
25.81,10.13
29.03,10.84
32.26,10.99
35.48,9.91
38.71,7.27
41.94,7.26
45.16,7.78
48.39,8.20
51.61,6.72
54.84,6.67
58.06,5.73
61.29,5.99
64.52,6.12
67.74,5.87
70.97,5.85
74.19,5.84
77.42,5.87
80.65,4.77
83.87,3.40
87.10,3.10
90.32,2.97
Tabela,1167.78
Revocação,Precisão
0.00,33.33
10.00,44.44
20.00,11.11
30.00,10.99
40.00,7.26
50.00,6.72
60.00,5.99
70.00,5.85
80.00,4.77
90.00,2.97
100.00,0.00



Consulta Num,86

Pontos
Revocação,Precisão
2.13,50.00
4.26,66.67
6.38,60.00
8.51,57.14
10.64,50.00
12.77,46.15
14.89,46.67
17.02,50.00
19.15,52.94
21.28,47.62
23.40,50.00
25.53,52.17
27.66,46.43
29.79,48.28
31.91,41.67
34.04,39.02
36.17,34.00
38.30,32.73
40.43,33.93
42.55,35.09
44.68,35.59
46.81,32.35
48.94,32.86
51.06,31.17
53.19,28.74
55.32,28.26
57.45,26.21
59.57,24.14
61.70,23.97
63.83,24.39
65.96,24.22
68.09,20.25
70.21,20.75
72.34,20.73
74.47,19.89
76.60,20.00
78.72,18.41
80.85,17.84
82.98,13.40
85.11,13.42
87.23,12.39
89.36,10.27
91.49,9.05
93.62,6.23
95.74,5.38
97.87,4.73
Tabela,3009.98
Revocação,Precisão
0.00,50.00
10.00,50.00
20.00,47.62
30.00,41.67
40.00,33.93
50.00,31.17
60.00,23.97
70.00,20.75
80.00,17.84
90.00,9.05
100.00,0.00



Consulta Num,87

Pontos
Revocação,Precisão
2.63,14.29
5.26,20.00
7.89,15.79
10.53,20.00
13.16,15.15
15.79,17.65
18.42,17.50
21.05,17.78
23.68,18.37
26.32,17.86
28.95,18.64
31.58,16.44
34.21,11.21
36.84,11.38
39.47,8.43
42.11,8.12
44.74,8.42
47.37,8.78
50.00,8.72
52.63,8.97
55.26,8.86
57.89,9.17
60.53,8.21
63.16,7.48
65.79,7.51
68.42,7.37
71.05,6.82
73.68,6.51
76.32,5.87
78.95,4.69
81.58,4.52
84.21,4.50
86.84,4.46
89.47,4.51
92.11,4.24
94.74,4.35
97.37,3.99
Tabela,1019.85
Revocação,Precisão
0.00,14.29
10.00,20.00
20.00,17.78
30.00,16.44
40.00,8.12
50.00,8.72
60.00,8.21
70.00,6.82
80.00,4.52
90.00,4.24
100.00,0.00



Consulta Num,88

Pontos
Revocação,Precisão
7.14,100.00
14.29,100.00
21.43,50.00
28.57,26.67
35.71,29.41
42.86,20.69
50.00,21.88
57.14,17.78
64.29,15.79
71.43,10.42
78.57,3.96
85.71,3.82
92.86,2.97
100.00,2.38
Tabela,3061.63
Revocação,Precisão
0.00,100.00
10.00,100.00
20.00,50.00
30.00,29.41
40.00,20.69
50.00,21.88
60.00,15.79
70.00,10.42
80.00,3.82
90.00,2.97
100.00,2.38



Consulta Num,89

Pontos
Revocação,Precisão
5.88,100.00
11.76,100.00
17.65,100.00
23.53,100.00
29.41,45.45
35.29,46.15
41.18,50.00
47.06,53.33
52.94,50.00
58.82,43.48
64.71,42.31
70.59,36.36
76.47,36.11
82.35,26.42
88.24,8.93
94.12,3.70
100.00,2.03
Tabela,5059.61
Revocação,Precisão
0.00,100.00
10.00,100.00
20.00,100.00
30.00,46.15
40.00,50.00
50.00,50.00
60.00,42.31
70.00,36.36
80.00,26.42
90.00,3.70
100.00,2.03



Consulta Num,90

Pontos
Revocação,Precisão
3.57,100.00
7.14,100.00
10.71,100.00
14.29,100.00
17.86,100.00
21.43,100.00
25.00,100.00
28.57,100.00
32.14,100.00
35.71,100.00
39.29,100.00
42.86,100.00
46.43,92.86
50.00,60.87
53.57,40.54
57.14,41.03
60.71,42.50
64.29,33.33
67.86,33.33
71.43,34.48
75.00,35.00
78.57,34.38
82.14,33.82
85.71,33.33
89.29,6.74
92.86,5.99
96.43,5.70
Tabela,6073.38
Revocação,Precisão
0.00,100.00
10.00,100.00
20.00,100.00
30.00,100.00
40.00,100.00
50.00,40.54
60.00,42.50
70.00,34.48
80.00,33.82
90.00,5.99
100.00,0.00



Consulta Num,91

Pontos
Revocação,Precisão
0.33,100.00
0.66,100.00
0.99,100.00
1.32,80.00
1.64,83.33
1.97,85.71
2.30,87.50
2.63,61.54
2.96,64.29
3.29,62.50
3.62,61.11
3.95,63.16
4.28,65.00
4.61,66.67
4.93,65.22
5.26,59.26
5.59,60.71
5.92,58.06
6.25,59.38
6.58,58.82
6.91,52.50
7.24,50.00
7.57,46.94
7.89,41.38
8.22,41.67
8.55,41.94
8.88,40.91
9.21,40.58
9.54,39.73
9.87,40.54
10.20,41.33
10.53,42.11
10.86,42.31
11.18,43.04
11.51,41.18
11.84,41.38
12.17,41.11
12.50,41.76
12.83,41.49
13.16,40.00
13.49,37.96
13.82,38.18
14.14,37.72
14.47,38.26
14.80,37.82
15.13,38.33
15.46,37.01
15.79,37.50
16.12,37.12
16.45,37.04
16.78,37.50
17.11,36.88
17.43,33.97
17.76,34.39
18.09,34.38
18.42,34.78
18.75,34.97
19.08,32.77
19.41,31.55
19.74,30.61
20.07,29.90
20.39,29.81
20.72,30.14
21.05,30.33
21.38,29.41
21.71,29.73
22.04,29.91
22.37,29.96
22.70,30.00
23.03,30.30
23.36,30.21
23.68,30.25
24.01,30.04
24.34,30.20
24.67,30.36
25.00,30.65
25.33,30.92
25.66,31.20
25.99,30.38
26.32,30.30
26.64,30.57
26.97,30.15
27.30,30.18
27.63,29.89
27.96,29.62
28.29,29.45
28.62,29.59
28.95,29.53
29.28,28.90
29.61,28.66
29.93,28.53
30.26,28.40
30.59,28.62
30.92,28.57
31.25,28.79
31.58,29.00
31.91,28.45
32.24,28.57
32.57,28.53
32.89,28.65
33.22,28.37
33.55,28.18
33.88,28.30
34.21,28.49
34.54,28.53
34.87,28.73
35.20,28.76
35.53,28.95
35.86,29.07
36.18,29.18
36.51,29.37
36.84,29.24
37.17,29.12
37.50,29.23
37.83,28.89
38.16,28.71
38.49,28.75
38.82,28.57
39.14,28.61
39.47,28.50
39.80,28.34
40.13,28.50
40.46,28.60
40.79,27.74
41.12,27.53
41.45,27.69
41.78,27.67
42.11,27.53
42.43,27.45
42.76,27.54
43.09,27.07
43.42,27.22
43.75,27.31
44.08,27.46
44.41,27.27
44.74,27.36
45.07,27.24
45.39,27.22
45.72,27.20
46.05,27.34
46.38,27.17
46.71,27.31
47.04,27.45
47.37,27.59
47.70,27.67
48.03,27.65
48.36,27.68
48.68,27.72
49.01,27.85
49.34,27.93
49.67,28.01
50.00,28.10
50.33,28.18
50.66,28.31
50.99,28.44
51.32,28.52
51.64,28.65
51.97,28.68
52.30,28.60
52.63,28.62
52.96,28.55
53.29,28.62
53.62,28.55
53.95,28.57
54.28,28.65
54.61,28.72
54.93,28.84
55.26,28.82
55.59,28.94
55.92,28.96
56.25,29.08
56.58,29.10
56.91,29.17
57.24,29.29
57.57,29.36
57.89,29.43
58.22,29.35
58.55,29.47
58.88,29.54
59.21,29.56
59.54,29.29
59.87,29.40
60.20,29.52
60.53,29.63
60.86,29.70
61.18,29.76
61.51,29.78
61.84,29.84
62.17,29.30
62.50,29.28
62.83,29.34
63.16,29.18
63.49,28.98
63.82,29.09
64.14,29.10
64.47,29.08
64.80,29.10
65.13,29.12
65.46,29.01
65.79,29.07
66.12,29.13
66.45,29.23
66.78,29.29
67.11,29.14
67.43,29.16
67.76,29.22
68.09,29.11
68.42,29.21
68.75,29.31
69.08,29.25
69.41,29.26
69.74,29.32
70.07,29.18
70.39,29.12
Tabela,2649.25
Revocação,Precisão
0.00,100.00
10.00,41.33
20.00,29.90
30.00,28.40
40.00,28.50
50.00,28.10
60.00,29.52
70.00,29.18
80.00,0.00
90.00,0.00
100.00,0.00



Consulta Num,92

Pontos
Revocação,Precisão
0.93,100.00
1.85,100.00
2.78,100.00
3.70,100.00
4.63,100.00
5.56,100.00
6.48,100.00
7.41,100.00
8.33,100.00
9.26,83.33
10.19,78.57
11.11,80.00
12.04,81.25
12.96,82.35
13.89,83.33
14.81,84.21
15.74,85.00
16.67,81.82
17.59,82.61
18.52,80.00
19.44,75.00
20.37,75.86
21.30,76.67
22.22,77.42
23.15,73.53
24.07,74.29
25.00,72.97
25.93,73.68
26.85,74.36
27.78,71.43
28.70,68.89
29.63,69.57
30.56,68.75
31.48,62.96
32.41,63.64
33.33,64.29
34.26,63.79
35.19,64.41
36.11,59.09
37.04,58.82
37.96,59.42
38.89,56.00
39.81,56.58
40.74,57.14
41.67,45.92
42.59,35.66
43.52,33.33
44.44,31.79
45.37,30.63
46.30,27.47
47.22,19.84
48.15,19.33
49.07,19.13
50.00,19.29
50.93,17.92
51.85,17.67
52.78,15.97
53.70,15.98
54.63,14.79
55.56,14.60
56.48,14.59
57.41,14.80
58.33,14.52
59.26,13.76
60.19,13.54
61.11,13.10
62.04,13.04
62.96,13.18
63.89,13.35
64.81,12.92
65.74,12.59
66.67,12.72
67.59,12.65
68.52,12.65
69.44,12.76
70.37,12.82
71.30,12.73
72.22,12.81
73.15,12.40
74.07,12.36
75.00,12.39
75.93,12.28
76.85,12.26
77.78,11.80
78.70,11.92
79.63,11.78
80.56,11.36
81.48,11.14
82.41,11.13
83.33,11.11
84.26,11.11
85.19,10.74
86.11,10.63
87.04,10.57
Tabela,3859.57
Revocação,Precisão
0.00,100.00
10.00,78.57
20.00,75.86
30.00,68.75
40.00,57.14
50.00,17.92
60.00,13.54
70.00,12.82
80.00,11.36
90.00,0.00
100.00,0.00



Consulta Num,93

Pontos
Revocação,Precisão
5.56,100.00
11.11,100.00
16.67,100.00
22.22,100.00
27.78,3.21
33.33,3.55
38.89,3.95
44.44,2.94
50.00,2.21
55.56,2.36
61.11,2.53
66.67,2.31
72.22,2.23
77.78,2.23
83.33,2.10
Tabela,2655.56
Revocação,Precisão
0.00,100.00
10.00,100.00
20.00,100.00
30.00,3.55
40.00,2.94
50.00,2.21
60.00,2.53
70.00,2.23
80.00,2.10
90.00,0.00
100.00,0.00



Consulta Num,94

Pontos
Revocação,Precisão
2.33,100.00
4.65,100.00
6.98,100.00
9.30,100.00
11.63,100.00
13.95,100.00
16.28,100.00
18.60,100.00
20.93,100.00
23.26,100.00
25.58,100.00
27.91,100.00
30.23,100.00
32.56,100.00
34.88,78.95
37.21,72.73
39.53,70.83
41.86,66.67
44.19,65.52
46.51,66.67
48.84,61.76
51.16,57.89
53.49,56.10
55.81,44.44
58.14,45.45
60.47,42.62
62.79,39.13
65.12,36.36
67.44,30.21
69.77,30.93
72.09,26.50
74.42,22.70
76.74,23.24
79.07,20.99
81.40,19.02
Tabela,5627.02
Revocação,Precisão
0.00,100.00
10.00,100.00
20.00,100.00
30.00,100.00
40.00,66.67
50.00,57.89
60.00,42.62
70.00,26.50
80.00,19.02
90.00,0.00
100.00,0.00



Consulta Num,95

Pontos
Revocação,Precisão
11.11,100.00
22.22,100.00
33.33,100.00
44.44,2.34
55.56,1.91
66.67,1.17
77.78,1.22
Tabela,3566.34
Revocação,Precisão
0.00,100.00
10.00,100.00
20.00,100.00
30.00,100.00
40.00,2.34
50.00,1.91
60.00,1.17
70.00,1.22
80.00,0.00
90.00,0.00
100.00,0.00



Consulta Num,96

Pontos
Revocação,Precisão
8.33,100.00
16.67,100.00
25.00,60.00
33.33,14.29
41.67,13.16
50.00,14.63
58.33,8.64
66.67,8.99
75.00,2.18
83.33,1.02
Tabela,2642.70
Revocação,Precisão
0.00,100.00
10.00,100.00
20.00,60.00
30.00,14.29
40.00,13.16
50.00,14.63
60.00,8.99
70.00,2.18
80.00,1.02
90.00,0.00
100.00,0.00



Consulta Num,97

Pontos
Revocação,Precisão
9.09,50.00
18.18,66.67
27.27,42.86
36.36,44.44
45.45,38.46
54.55,33.33
63.64,18.42
72.73,10.26
81.82,8.82
90.91,2.61
100.00,1.26
Tabela,2915.05
Revocação,Precisão
0.00,50.00
10.00,66.67
20.00,42.86
30.00,44.44
40.00,38.46
50.00,33.33
60.00,18.42
70.00,10.26
80.00,8.82
90.00,2.61
100.00,1.26



Consulta Num,98

Pontos
Revocação,Precisão
6.67,100.00
13.33,50.00
20.00,60.00
26.67,57.14
33.33,12.82
40.00,5.66
46.67,4.29
53.33,4.17
60.00,2.06
66.67,2.18
73.33,2.24
80.00,2.33
Tabela,1893.88
Revocação,Precisão
0.00,100.00
10.00,50.00
20.00,60.00
30.00,12.82
40.00,5.66
50.00,4.17
60.00,2.18
70.00,2.24
80.00,2.33
90.00,0.00
100.00,0.00



Consulta Num,99

Pontos
Revocação,Precisão
20.00,100.00
40.00,100.00
60.00,100.00
80.00,100.00
100.00,1.79
Tabela,8526.79
Revocação,Precisão
0.00,100.00
10.00,100.00
20.00,100.00
30.00,100.00
40.00,100.00
50.00,100.00
60.00,100.00
70.00,100.00
80.00,100.00
90.00,1.79
100.00,1.79



Consulta Num,100

Pontos
Revocação,Precisão
9.09,100.00
18.18,100.00
27.27,100.00
36.36,100.00
45.45,29.41
54.55,1.44
63.64,1.65
72.73,1.47
81.82,1.54
90.91,1.48
Tabela,3869.93
Revocação,Precisão
0.00,100.00
10.00,100.00
20.00,100.00
30.00,100.00
40.00,29.41
50.00,1.44
60.00,1.65
70.00,1.47
80.00,1.54
90.00,1.48
100.00,0.00
