Tabela Média,2613.78
Revocação,Precisão
0.00,74.92
10.00,58.46
20.00,46.89
30.00,34.36
40.00,27.29
50.00,21.48
60.00,14.76
70.00,10.27
80.00,6.73
90.00,3.20
100.00,0.95



Consulta Num,1

Pontos
Revocação,Precisão
2.94,100.00
5.88,33.33
8.82,42.86
11.76,40.00
14.71,38.46
17.65,35.29
20.59,38.89
23.53,42.11
26.47,40.91
29.41,41.67
32.35,42.31
35.29,44.44
38.24,41.94
41.18,38.89
44.12,39.47
47.06,38.10
50.00,36.17
52.94,26.47
55.88,27.14
58.82,24.10
61.76,13.38
64.71,12.64
67.65,11.68
70.59,11.82
73.53,10.46
76.47,8.55
79.41,7.92
82.35,7.02
85.29,5.95
88.24,5.33
91.18,5.06
94.12,4.65
97.06,4.05
Tabela,2738.29
Revocação,Precisão
0.00,100.00
10.00,40.00
20.00,38.89
30.00,42.31
40.00,38.89
50.00,26.47
60.00,13.38
70.00,11.82
80.00,7.02
90.00,5.06
100.00,0.00



Consulta Num,2

Pontos
Revocação,Precisão
14.29,25.00
28.57,8.00
42.86,2.70
57.14,1.08
71.43,0.83
85.71,0.89
Tabela,545.27
Revocação,Precisão
0.00,25.00
10.00,25.00
20.00,8.00
30.00,2.70
40.00,2.70
50.00,1.08
60.00,0.83
70.00,0.83
80.00,0.89
90.00,0.00
100.00,0.00



Consulta Num,3

Pontos
Revocação,Precisão
2.33,100.00
4.65,100.00
6.98,42.86
9.30,40.00
11.63,41.67
13.95,28.57
16.28,25.93
18.60,17.78
20.93,18.00
23.26,13.33
25.58,12.94
27.91,13.48
30.23,14.44
32.56,14.43
34.88,12.40
37.21,11.11
39.53,11.49
41.86,11.32
44.19,11.80
46.51,10.64
48.84,10.99
51.16,10.95
53.49,11.17
55.81,10.57
58.14,10.96
60.47,9.39
62.79,8.97
65.12,7.78
67.44,7.73
69.77,7.69
72.09,7.93
74.42,7.51
76.74,7.69
79.07,7.66
81.40,7.45
83.72,6.74
86.05,6.67
88.37,6.47
90.70,5.94
93.02,5.80
95.35,5.17
97.67,4.75
Tabela,1770.75
Revocação,Precisão
0.00,100.00
10.00,41.67
20.00,18.00
30.00,14.44
40.00,11.32
50.00,10.95
60.00,9.39
70.00,7.93
80.00,7.45
90.00,5.94
100.00,0.00



Consulta Num,4

Pontos
Revocação,Precisão
11.11,33.33
22.22,50.00
33.33,25.00
44.44,18.18
55.56,11.11
66.67,3.73
77.78,2.69
88.89,2.22
Tabela,1629.28
Revocação,Precisão
0.00,33.33
10.00,33.33
20.00,50.00
30.00,25.00
40.00,18.18
50.00,11.11
60.00,3.73
70.00,2.69
80.00,2.22
90.00,0.00
100.00,0.00



Consulta Num,5

Pontos
Revocação,Precisão
0.76,100.00
1.53,100.00
2.29,75.00
3.05,80.00
3.82,83.33
4.58,75.00
5.34,77.78
6.11,80.00
6.87,75.00
7.63,71.43
8.40,73.33
9.16,70.59
9.92,72.22
10.69,73.68
11.45,68.18
12.21,69.57
12.98,62.96
13.74,64.29
14.50,65.52
15.27,64.52
16.03,61.76
16.79,61.11
17.56,62.16
18.32,63.16
19.08,64.10
19.85,52.00
20.61,52.94
21.37,51.85
22.14,48.33
22.90,48.39
23.66,44.93
24.43,45.71
25.19,41.25
25.95,38.20
26.72,36.84
27.48,36.00
28.24,36.27
29.01,27.74
29.77,26.53
30.53,25.16
31.30,25.47
32.06,24.71
32.82,23.63
33.59,23.91
34.35,24.19
35.11,23.12
35.88,21.36
36.64,21.72
37.40,21.49
38.17,20.41
38.93,20.65
39.69,20.47
40.46,19.56
41.22,19.85
41.98,18.27
42.75,18.36
43.51,18.63
44.27,18.30
45.04,18.21
45.80,18.24
46.56,18.43
47.33,18.62
48.09,18.10
48.85,18.18
49.62,18.21
50.38,18.23
51.15,18.21
51.91,18.43
52.67,18.60
53.44,18.52
54.20,18.54
54.96,18.70
55.73,18.39
56.49,18.41
Tabela,2395.72
Revocação,Precisão
0.00,100.00
10.00,73.68
20.00,52.94
30.00,25.16
40.00,19.56
50.00,18.23
60.00,0.00
70.00,0.00
80.00,0.00
90.00,0.00
100.00,0.00



Consulta Num,6

Pontos
Revocação,Precisão
4.17,100.00
8.33,66.67
12.50,50.00
16.67,57.14
20.83,62.50
25.00,50.00
29.17,41.18
33.33,25.00
37.50,25.71
41.67,27.78
45.83,26.83
50.00,26.09
54.17,17.33
58.33,14.58
62.50,9.04
66.67,6.72
70.83,5.84
75.00,5.29
79.17,5.28
83.33,4.54
87.50,4.48
91.67,4.56
95.83,2.78
100.00,2.59
Tabela,2578.86
Revocação,Precisão
0.00,100.00
10.00,50.00
20.00,62.50
30.00,25.00
40.00,27.78
50.00,17.33
60.00,9.04
70.00,5.84
80.00,4.54
90.00,4.56
100.00,2.59



Consulta Num,7

Pontos
Revocação,Precisão
3.57,100.00
7.14,100.00
10.71,100.00
14.29,100.00
17.86,55.56
21.43,23.08
25.00,10.61
28.57,11.76
32.14,8.82
35.71,7.87
39.29,7.75
42.86,7.69
46.43,5.88
50.00,5.09
53.57,5.40
57.14,4.03
60.71,3.66
64.29,3.76
67.86,3.72
71.43,3.62
75.00,3.68
78.57,3.82
82.14,3.75
85.71,3.88
89.29,2.92
Tabela,2060.21
Revocação,Precisão
0.00,100.00
10.00,100.00
20.00,23.08
30.00,8.82
40.00,7.69
50.00,5.40
60.00,3.66
70.00,3.62
80.00,3.75
90.00,0.00
100.00,0.00



Consulta Num,8

Pontos
Revocação,Precisão
4.55,100.00
9.09,4.76
13.64,2.29
18.18,2.86
22.73,2.16
27.27,2.39
31.82,2.19
36.36,2.07
40.91,2.11
45.45,1.97
50.00,2.14
54.55,2.14
59.09,2.29
63.64,2.36
68.18,2.42
72.73,2.25
77.27,2.38
81.82,2.48
86.36,2.45
90.91,2.23
95.45,2.26
100.00,2.31
Tabela,713.63
Revocação,Precisão
0.00,100.00
10.00,2.29
20.00,2.16
30.00,2.19
40.00,2.11
50.00,2.14
60.00,2.36
70.00,2.25
80.00,2.48
90.00,2.23
100.00,2.31



Consulta Num,9

Pontos
Revocação,Precisão
10.00,14.29
20.00,20.00
30.00,23.08
40.00,28.57
50.00,26.32
60.00,27.27
70.00,8.64
80.00,6.90
90.00,1.83
Tabela,1640.33
Revocação,Precisão
0.00,14.29
10.00,14.29
20.00,20.00
30.00,23.08
40.00,28.57
50.00,26.32
60.00,27.27
70.00,8.64
80.00,6.90
90.00,1.83
100.00,0.00



Consulta Num,10

Pontos
Revocação,Precisão
4.00,100.00
8.00,100.00
12.00,100.00
16.00,100.00
20.00,100.00
24.00,85.71
28.00,70.00
32.00,57.14
36.00,50.00
40.00,47.62
44.00,22.00
48.00,23.08
52.00,23.21
56.00,24.56
60.00,19.23
64.00,12.80
68.00,13.08
72.00,11.69
76.00,5.54
80.00,4.18
84.00,2.93
88.00,3.02
92.00,3.01
Tabela,4160.85
Revocação,Precisão
0.00,100.00
10.00,100.00
20.00,100.00
30.00,57.14
40.00,47.62
50.00,23.21
60.00,19.23
70.00,11.69
80.00,4.18
90.00,3.01
100.00,0.00



Consulta Num,11

Pontos
Revocação,Precisão
4.55,100.00
9.09,100.00
13.64,100.00
18.18,57.14
22.73,62.50
27.27,54.55
31.82,58.33
36.36,61.54
40.91,64.29
45.45,62.50
50.00,61.11
54.55,63.16
59.09,61.90
63.64,40.00
68.18,38.46
72.73,32.65
77.27,32.69
81.82,14.63
86.36,6.91
Tabela,4835.17
Revocação,Precisão
0.00,100.00
10.00,100.00
20.00,62.50
30.00,58.33
40.00,64.29
50.00,61.11
60.00,40.00
70.00,32.65
80.00,14.63
90.00,0.00
100.00,0.00



Consulta Num,12

Pontos
Revocação,Precisão
14.29,25.00
28.57,8.70
42.86,4.17
57.14,5.06
71.43,2.53
85.71,1.52
Tabela,661.62
Revocação,Precisão
0.00,25.00
10.00,25.00
20.00,8.70
30.00,4.17
40.00,4.17
50.00,5.06
60.00,2.53
70.00,2.53
80.00,1.52
90.00,0.00
100.00,0.00



Consulta Num,13

Pontos
Revocação,Precisão
4.17,16.67
8.33,14.29
12.50,17.65
16.67,14.29
20.83,17.24
25.00,20.00
29.17,17.95
33.33,13.79
37.50,11.11
41.67,12.20
45.83,13.25
50.00,13.33
54.17,11.71
58.33,8.81
62.50,7.69
66.67,7.21
70.83,7.11
75.00,6.57
79.17,6.88
83.33,4.07
87.50,3.85
Tabela,998.00
Revocação,Precisão
0.00,16.67
10.00,17.65
20.00,17.24
30.00,13.79
40.00,12.20
50.00,11.71
60.00,7.69
70.00,7.11
80.00,4.07
90.00,0.00
100.00,0.00



Consulta Num,14

Pontos
Revocação,Precisão
1.82,100.00
3.64,66.67
5.45,50.00
7.27,57.14
9.09,62.50
10.91,60.00
12.73,63.64
14.55,66.67
16.36,42.86
18.18,35.71
20.00,33.33
21.82,33.33
23.64,34.21
25.45,32.56
27.27,33.33
29.09,26.67
30.91,25.00
32.73,19.35
34.55,18.81
36.36,18.52
38.18,15.67
40.00,16.06
41.82,16.67
43.64,15.19
45.45,15.53
47.27,15.57
49.09,14.29
50.91,13.93
52.73,13.88
54.55,12.99
56.36,11.44
58.18,11.51
60.00,11.70
61.82,11.30
63.64,10.84
65.45,11.08
67.27,11.21
69.09,11.28
70.91,11.14
72.73,10.39
74.55,8.35
76.36,7.09
78.18,7.05
80.00,6.90
81.82,6.67
83.64,5.99
85.45,5.89
87.27,5.38
89.09,5.18
90.91,5.22
92.73,5.28
94.55,5.10
96.36,4.98
Tabela,2336.61
Revocação,Precisão
0.00,100.00
10.00,60.00
20.00,33.33
30.00,25.00
40.00,16.67
50.00,13.93
60.00,11.70
70.00,11.14
80.00,6.67
90.00,5.22
100.00,0.00



Consulta Num,15

Pontos
Revocação,Precisão
0.96,33.33
1.92,50.00
2.88,60.00
3.85,19.05
4.81,22.73
5.77,26.09
6.73,25.93
7.69,28.57
8.65,29.03
9.62,28.57
10.58,30.56
11.54,30.77
12.50,31.71
13.46,32.56
14.42,34.09
15.38,32.65
16.35,32.08
17.31,31.58
18.27,31.67
19.23,32.79
20.19,32.31
21.15,32.84
22.12,32.39
23.08,32.88
24.04,31.65
25.00,31.71
25.96,32.14
26.92,31.46
27.88,32.22
28.85,32.26
29.81,30.10
30.77,29.09
31.73,27.73
32.69,26.98
33.65,26.12
34.62,23.84
35.58,24.03
36.54,24.36
37.50,23.35
38.46,23.53
39.42,23.43
Tabela,1086.21
Revocação,Precisão
0.00,33.33
10.00,30.56
20.00,32.31
30.00,29.09
40.00,0.00
50.00,0.00
60.00,0.00
70.00,0.00
80.00,0.00
90.00,0.00
100.00,0.00



Consulta Num,16

Pontos
Revocação,Precisão
0.56,100.00
1.11,100.00
1.67,75.00
2.22,66.67
2.78,71.43
3.33,75.00
3.89,63.64
4.44,66.67
5.00,60.00
5.56,62.50
6.11,64.71
6.67,63.16
7.22,65.00
7.78,63.64
8.33,60.00
8.89,55.17
9.44,56.67
10.00,58.06
10.56,55.88
11.11,57.14
11.67,56.76
12.22,53.66
12.78,50.00
13.33,41.38
13.89,41.67
14.44,40.00
15.00,39.71
15.56,39.44
16.11,39.19
16.67,39.47
17.22,39.74
17.78,38.55
18.33,37.93
18.89,38.20
19.44,37.63
20.00,37.11
20.56,37.00
21.11,37.25
21.67,37.86
22.22,38.46
22.78,39.05
23.33,39.62
23.89,39.81
24.44,35.48
25.00,34.88
25.56,35.11
26.11,34.56
26.67,35.04
27.22,34.51
27.78,34.72
28.33,34.93
28.89,34.90
29.44,35.10
30.00,35.53
30.56,35.71
31.11,36.13
31.67,35.19
32.22,34.32
32.78,34.71
33.33,35.09
33.89,34.46
34.44,33.88
35.00,33.87
35.56,32.65
36.11,32.34
36.67,32.20
37.22,32.21
37.78,32.23
38.33,31.94
38.89,31.67
39.44,30.87
40.00,30.38
40.56,30.54
41.11,29.96
41.67,30.24
42.22,30.40
42.78,30.56
43.33,30.23
43.89,29.92
44.44,30.19
45.00,28.72
45.56,28.57
46.11,28.72
46.67,28.87
47.22,29.11
47.78,27.48
48.33,27.53
48.89,27.76
49.44,27.90
50.00,27.44
50.56,27.49
51.11,27.30
51.67,27.19
52.22,27.41
52.78,27.38
53.33,26.97
53.89,27.17
54.44,26.56
55.00,26.19
55.56,24.94
56.11,25.12
56.67,24.46
57.22,24.52
57.78,24.13
58.33,23.81
58.89,22.89
59.44,22.81
60.00,22.55
60.56,22.34
61.11,22.18
61.67,22.33
62.22,22.13
62.78,22.07
63.33,21.47
63.89,21.14
64.44,20.49
65.00,20.60
65.56,20.67
66.11,20.59
66.67,20.30
67.22,20.37
67.78,19.90
68.33,20.00
68.89,19.84
69.44,19.87
70.00,19.69
70.56,19.48
71.11,19.31
71.67,19.20
72.22,19.23
72.78,19.04
73.33,18.94
73.89,18.60
74.44,18.66
75.00,18.67
75.56,18.50
76.11,18.44
76.67,18.45
77.22,18.48
77.78,18.37
78.33,18.48
78.89,18.44
79.44,18.45
80.00,18.56
80.56,18.64
81.11,18.41
81.67,18.49
82.22,18.36
82.78,18.46
83.33,17.92
83.89,18.00
84.44,18.05
85.00,17.94
85.56,17.80
86.11,17.44
86.67,17.35
87.22,17.44
87.78,17.54
88.33,17.25
88.89,17.28
89.44,16.86
90.00,16.91
90.56,17.00
91.11,16.99
91.67,16.77
92.22,16.26
92.78,16.29
93.33,16.36
93.89,16.08
94.44,16.14
95.00,15.31
95.56,15.28
96.11,15.34
96.67,15.32
97.22,15.35
97.78,15.32
98.33,15.35
98.89,15.03
99.44,15.09
100.00,14.95
Tabela,3215.17
Revocação,Precisão
0.00,100.00
10.00,55.88
20.00,37.11
30.00,35.53
40.00,30.38
50.00,27.44
60.00,22.55
70.00,19.69
80.00,18.56
90.00,16.91
100.00,14.95



Consulta Num,17

Pontos
Revocação,Precisão
1.82,100.00
3.64,100.00
5.45,100.00
7.27,40.00
9.09,26.32
10.91,30.00
12.73,33.33
14.55,33.33
16.36,25.71
18.18,24.39
20.00,25.00
21.82,24.49
23.64,25.49
25.45,25.93
27.27,26.79
29.09,25.81
30.91,22.08
32.73,13.33
34.55,13.87
36.36,12.50
38.18,12.57
40.00,10.78
41.82,10.00
43.64,10.34
45.45,10.73
47.27,10.70
49.09,9.57
50.91,9.76
52.73,9.76
54.55,10.00
56.36,9.87
58.18,9.79
60.00,9.40
61.82,9.14
63.64,8.62
65.45,7.61
67.27,7.71
69.09,7.66
70.91,7.56
72.73,7.35
74.55,7.43
76.36,7.45
78.18,7.48
80.00,7.32
81.82,7.29
83.64,6.92
85.45,6.37
87.27,6.19
89.09,6.08
90.91,6.17
Tabela,1767.50
Revocação,Precisão
0.00,100.00
10.00,30.00
20.00,24.49
30.00,22.08
40.00,10.00
50.00,9.76
60.00,9.40
70.00,7.56
80.00,7.29
90.00,6.17
100.00,0.00



Consulta Num,18

Pontos
Revocação,Precisão
4.76,100.00
9.52,100.00
14.29,100.00
19.05,100.00
23.81,100.00
28.57,100.00
33.33,100.00
38.10,100.00
42.86,100.00
47.62,90.91
52.38,91.67
57.14,92.31
61.90,56.52
66.67,53.85
71.43,45.45
76.19,20.78
80.95,6.16
Tabela,6498.02
Revocação,Precisão
0.00,100.00
10.00,100.00
20.00,100.00
30.00,100.00
40.00,100.00
50.00,91.67
60.00,56.52
70.00,45.45
80.00,6.16
90.00,0.00
100.00,0.00



Consulta Num,19

Pontos
Revocação,Precisão
4.55,33.33
9.09,25.00
13.64,13.64
18.18,12.90
22.73,11.36
27.27,11.76
31.82,10.00
36.36,11.27
40.91,9.00
45.45,8.40
50.00,7.75
54.55,8.05
59.09,8.39
63.64,7.65
68.18,7.08
72.73,6.99
77.27,4.05
81.82,3.50
86.36,2.86
90.91,2.72
95.45,2.34
Tabela,892.77
Revocação,Precisão
0.00,33.33
10.00,13.64
20.00,11.36
30.00,10.00
40.00,9.00
50.00,7.75
60.00,7.65
70.00,6.99
80.00,3.50
90.00,2.72
100.00,0.00



Consulta Num,20

Pontos
Revocação,Precisão
2.17,100.00
4.35,100.00
6.52,100.00
8.70,100.00
10.87,100.00
13.04,100.00
15.22,100.00
17.39,100.00
19.57,100.00
21.74,100.00
23.91,100.00
26.09,100.00
28.26,92.86
30.43,93.33
32.61,93.75
34.78,94.12
36.96,94.44
39.13,94.74
41.30,90.48
43.48,90.91
45.65,91.30
47.83,91.67
50.00,88.46
52.17,88.89
54.35,89.29
56.52,86.67
58.70,57.45
60.87,51.85
63.04,47.54
65.22,38.96
67.39,22.30
69.57,13.11
71.74,13.15
73.91,8.10
76.09,7.53
78.26,7.69
80.43,7.63
82.61,6.74
84.78,6.18
86.96,6.19
89.13,5.12
91.30,4.60
93.48,4.42
Tabela,5999.27
Revocação,Precisão
0.00,100.00
10.00,100.00
20.00,100.00
30.00,93.33
40.00,90.48
50.00,88.89
60.00,51.85
70.00,13.15
80.00,7.63
90.00,4.60
100.00,0.00



Consulta Num,21

Pontos
Revocação,Precisão
4.00,10.00
8.00,18.18
12.00,20.00
16.00,18.18
20.00,8.33
24.00,9.38
28.00,10.45
32.00,11.27
36.00,12.33
40.00,12.82
44.00,12.36
48.00,12.24
52.00,8.84
56.00,9.46
60.00,9.55
64.00,4.28
68.00,2.96
72.00,2.89
76.00,2.60
80.00,2.57
84.00,2.06
88.00,2.14
Tabela,812.84
Revocação,Precisão
0.00,10.00
10.00,20.00
20.00,8.33
30.00,11.27
40.00,12.82
50.00,8.84
60.00,9.55
70.00,2.89
80.00,2.57
90.00,0.00
100.00,0.00



Consulta Num,22

Pontos
Revocação,Precisão
1.43,100.00
2.86,100.00
4.29,100.00
5.71,100.00
7.14,100.00
8.57,100.00
10.00,87.50
11.43,88.89
12.86,69.23
14.29,40.00
15.71,42.31
17.14,33.33
18.57,28.89
20.00,25.45
21.43,22.73
22.86,20.78
24.29,20.99
25.71,20.00
27.14,16.52
28.57,16.95
30.00,17.65
31.43,13.02
32.86,11.92
34.29,11.65
35.71,11.57
37.14,11.16
38.57,10.51
40.00,10.65
41.43,10.58
42.86,9.01
44.29,9.20
45.71,8.94
47.14,9.04
48.57,9.29
50.00,8.86
51.43,9.02
52.86,8.77
54.29,8.78
55.71,8.97
57.14,9.09
Tabela,1926.90
Revocação,Precisão
0.00,100.00
10.00,87.50
20.00,22.73
30.00,13.02
40.00,10.58
50.00,8.86
60.00,0.00
70.00,0.00
80.00,0.00
90.00,0.00
100.00,0.00



Consulta Num,23

Pontos
Revocação,Precisão
2.86,2.94
5.71,5.13
8.57,5.17
11.43,6.06
14.29,5.88
17.14,6.90
20.00,7.00
22.86,7.55
25.71,5.66
28.57,5.78
31.43,5.37
34.29,4.90
37.14,5.10
40.00,5.19
42.86,5.38
45.71,5.32
48.57,5.45
51.43,5.66
54.29,3.98
57.14,3.70
60.00,3.49
62.86,3.22
65.71,3.23
68.57,3.23
71.43,3.28
74.29,2.95
77.14,3.05
80.00,2.99
Tabela,374.36
Revocação,Precisão
0.00,2.94
10.00,6.06
20.00,7.00
30.00,5.37
40.00,5.38
50.00,5.66
60.00,3.22
70.00,3.28
80.00,0.00
90.00,0.00
100.00,0.00



Consulta Num,24

Pontos
Revocação,Precisão
3.23,33.33
6.45,28.57
9.68,8.33
12.90,7.27
16.13,8.93
19.35,8.33
22.58,8.86
25.81,6.84
29.03,6.57
32.26,5.85
35.48,6.29
38.71,6.35
41.94,6.50
45.16,6.67
48.39,5.62
51.61,4.13
54.84,3.18
58.06,3.05
61.29,3.13
64.52,2.85
67.74,2.65
70.97,2.60
74.19,2.64
77.42,2.66
Tabela,550.10
Revocação,Precisão
0.00,33.33
10.00,7.27
20.00,8.86
30.00,5.85
40.00,6.50
50.00,4.13
60.00,3.13
70.00,2.60
80.00,0.00
90.00,0.00
100.00,0.00



Consulta Num,25

Pontos
Revocação,Precisão
1.96,50.00
3.92,50.00
5.88,50.00
7.84,44.44
9.80,50.00
11.76,54.55
13.73,53.85
15.69,44.44
17.65,42.86
19.61,43.48
21.57,45.83
23.53,42.86
25.49,40.63
27.45,33.33
29.41,30.61
31.37,30.77
33.33,30.91
35.29,32.14
37.25,30.16
39.22,28.99
41.18,18.58
43.14,19.30
45.10,18.85
47.06,18.75
49.02,18.80
50.98,17.93
52.94,17.09
54.90,14.66
56.86,14.72
58.82,15.15
60.78,15.58
62.75,16.00
64.71,16.10
66.67,14.29
68.63,14.00
70.59,10.23
72.55,10.14
74.51,9.77
76.47,8.01
78.43,7.86
80.39,7.93
82.35,8.08
84.31,7.47
86.27,7.43
88.24,7.34
90.20,6.85
92.16,6.12
94.12,5.39
Tabela,2332.44
Revocação,Precisão
0.00,50.00
10.00,54.55
20.00,45.83
30.00,30.77
40.00,18.58
50.00,17.93
60.00,15.58
70.00,10.23
80.00,7.93
90.00,6.85
100.00,0.00



Consulta Num,26

Pontos
Revocação,Precisão
3.03,50.00
6.06,14.29
9.09,20.00
12.12,20.00
15.15,23.81
18.18,27.27
21.21,29.17
24.24,32.00
27.27,32.14
30.30,34.48
33.33,36.67
36.36,37.50
39.39,39.39
42.42,35.00
45.45,22.06
48.48,14.41
51.52,14.17
54.55,13.64
57.58,13.57
60.61,13.51
63.64,12.07
66.67,11.11
69.70,10.90
Tabela,1713.30
Revocação,Precisão
0.00,50.00
10.00,20.00
20.00,29.17
30.00,34.48
40.00,35.00
50.00,14.17
60.00,13.51
70.00,0.00
80.00,0.00
90.00,0.00
100.00,0.00



Consulta Num,27

Pontos
Revocação,Precisão
9.09,100.00
18.18,100.00
27.27,9.68
36.36,11.76
45.45,5.75
54.55,2.75
63.64,2.20
72.73,1.47
81.82,1.65
90.91,0.98
100.00,1.04
Tabela,1867.69
Revocação,Precisão
0.00,100.00
10.00,100.00
20.00,9.68
30.00,11.76
40.00,5.75
50.00,2.75
60.00,2.20
70.00,1.47
80.00,1.65
90.00,0.98
100.00,1.04



Consulta Num,28

Pontos
Revocação,Precisão
1.96,100.00
3.92,9.52
5.88,12.50
7.84,14.81
9.80,17.86
11.76,18.75
13.73,11.67
15.69,13.11
17.65,14.52
19.61,15.15
21.57,15.71
23.53,16.67
25.49,14.13
27.45,14.29
29.41,14.02
31.37,14.55
33.33,13.60
35.29,14.06
37.25,14.29
39.22,13.61
41.18,13.73
43.14,13.75
45.10,13.94
47.06,14.29
49.02,14.79
50.98,14.69
52.94,13.30
54.90,13.27
56.86,13.43
58.82,12.35
60.78,11.11
62.75,11.31
64.71,9.65
66.67,7.73
68.63,7.76
70.59,7.64
72.55,7.39
74.51,7.25
Tabela,1461.79
Revocação,Precisão
0.00,100.00
10.00,18.75
20.00,15.71
30.00,14.55
40.00,13.73
50.00,14.69
60.00,11.11
70.00,7.64
80.00,0.00
90.00,0.00
100.00,0.00



Consulta Num,29

Pontos
Revocação,Precisão
2.27,25.00
4.55,33.33
6.82,33.33
9.09,28.57
11.36,20.00
13.64,23.08
15.91,21.21
18.18,23.53
20.45,19.15
22.73,15.15
25.00,14.47
27.27,13.95
29.55,14.61
31.82,11.97
34.09,12.61
36.36,12.40
38.64,11.49
40.91,12.08
43.18,12.42
45.45,8.85
47.73,8.82
50.00,8.12
52.27,7.93
54.55,7.87
56.82,7.89
59.09,6.62
61.36,5.86
63.64,5.48
65.91,5.56
68.18,5.56
70.45,5.70
72.73,5.72
75.00,5.80
77.27,5.93
79.55,5.80
81.82,5.82
84.09,5.92
86.36,5.97
88.64,6.12
90.91,6.23
93.18,6.11
Tabela,1074.15
Revocação,Precisão
0.00,25.00
10.00,20.00
20.00,19.15
30.00,11.97
40.00,12.08
50.00,8.12
60.00,5.86
70.00,5.70
80.00,5.82
90.00,6.23
100.00,0.00



Consulta Num,30

Pontos
Revocação,Precisão
5.88,100.00
11.76,100.00
17.65,75.00
23.53,66.67
29.41,71.43
35.29,75.00
41.18,53.85
47.06,53.33
52.94,45.00
58.82,30.30
64.71,20.00
70.59,16.00
76.47,11.40
82.35,9.72
88.24,3.10
Tabela,4362.35
Revocação,Precisão
0.00,100.00
10.00,100.00
20.00,66.67
30.00,75.00
40.00,53.85
50.00,45.00
60.00,20.00
70.00,16.00
80.00,9.72
90.00,0.00
100.00,0.00



Consulta Num,31

Pontos
Revocação,Precisão
1.72,100.00
3.45,100.00
5.17,100.00
6.90,100.00
8.62,100.00
10.34,85.71
12.07,87.50
13.79,80.00
15.52,81.82
17.24,83.33
18.97,73.33
20.69,75.00
22.41,76.47
24.14,73.68
25.86,57.69
27.59,38.10
29.31,36.17
31.03,36.00
32.76,35.19
34.48,30.30
36.21,25.61
37.93,24.18
39.66,23.71
41.38,24.49
43.10,22.94
44.83,22.03
46.55,19.71
48.28,19.58
50.00,16.48
51.72,15.23
53.45,12.76
55.17,10.96
56.90,10.82
58.62,10.18
60.34,9.54
62.07,9.73
63.79,8.98
65.52,8.86
67.24,7.94
68.97,7.77
70.69,7.14
72.41,6.76
74.14,6.85
75.86,6.27
77.59,5.64
79.31,5.67
81.03,5.73
82.76,5.10
Tabela,3100.93
Revocação,Precisão
0.00,100.00
10.00,85.71
20.00,75.00
30.00,36.00
40.00,24.49
50.00,16.48
60.00,9.54
70.00,7.14
80.00,5.73
90.00,0.00
100.00,0.00



Consulta Num,32

Pontos
Revocação,Precisão
3.33,100.00
6.67,100.00
10.00,42.86
13.33,21.05
16.67,23.81
20.00,23.08
23.33,16.67
26.67,17.02
30.00,18.75
33.33,8.70
36.67,9.32
40.00,7.59
43.33,7.14
46.67,6.54
50.00,5.64
53.33,4.34
56.67,3.95
60.00,4.00
63.33,3.70
66.67,3.87
70.00,3.39
Tabela,1452.51
Revocação,Precisão
0.00,100.00
10.00,42.86
20.00,23.08
30.00,8.70
40.00,7.59
50.00,5.64
60.00,4.00
70.00,3.39
80.00,0.00
90.00,0.00
100.00,0.00



Consulta Num,33

Pontos
Revocação,Precisão
1.75,100.00
3.51,100.00
5.26,100.00
7.02,100.00
8.77,100.00
10.53,85.71
12.28,70.00
14.04,50.00
15.79,52.94
17.54,55.56
19.30,57.89
21.05,50.00
22.81,48.15
24.56,48.28
26.32,48.39
28.07,41.03
29.82,36.96
31.58,36.00
33.33,37.25
35.09,38.46
36.84,38.18
38.60,36.07
40.35,36.51
42.11,37.50
43.86,38.46
45.61,36.62
47.37,37.50
49.12,36.84
50.88,37.66
52.63,33.33
54.39,27.93
56.14,28.32
57.89,28.70
59.65,28.57
61.40,28.93
63.16,27.69
64.91,25.52
66.67,24.84
68.42,24.84
70.18,24.10
71.93,22.28
73.68,21.11
75.44,19.20
77.19,19.05
78.95,18.52
80.70,18.47
82.46,10.09
84.21,10.21
Tabela,3673.80
Revocação,Precisão
0.00,100.00
10.00,85.71
20.00,50.00
30.00,36.00
40.00,36.51
50.00,37.66
60.00,28.93
70.00,24.10
80.00,18.47
90.00,0.00
100.00,0.00



Consulta Num,34

Pontos
Revocação,Precisão
2.56,100.00
5.13,100.00
7.69,100.00
10.26,66.67
12.82,71.43
15.38,75.00
17.95,53.85
20.51,50.00
23.08,52.94
25.64,55.56
28.21,50.00
30.77,50.00
33.33,50.00
35.90,50.00
38.46,51.72
41.03,51.61
43.59,53.13
46.15,52.94
48.72,48.72
51.28,48.78
53.85,43.75
56.41,41.51
58.97,29.49
61.54,21.24
64.10,17.61
66.67,11.71
69.23,11.25
71.79,8.46
74.36,7.30
76.92,6.94
79.49,7.13
82.05,6.90
84.62,6.60
87.18,6.33
Tabela,3536.55
Revocação,Precisão
0.00,100.00
10.00,66.67
20.00,50.00
30.00,50.00
40.00,51.61
50.00,48.78
60.00,21.24
70.00,8.46
80.00,6.90
90.00,0.00
100.00,0.00



Consulta Num,35

Pontos
Revocação,Precisão
7.14,100.00
14.29,100.00
21.43,33.33
28.57,15.38
35.71,12.82
42.86,11.32
50.00,8.43
57.14,6.84
64.29,3.70
71.43,2.26
78.57,1.97
85.71,1.44
92.86,1.17
Tabela,2244.74
Revocação,Precisão
0.00,100.00
10.00,100.00
20.00,33.33
30.00,12.82
40.00,11.32
50.00,8.43
60.00,3.70
70.00,2.26
80.00,1.44
90.00,1.17
100.00,0.00



Consulta Num,36

Pontos
Revocação,Precisão
11.11,33.33
22.22,50.00
33.33,42.86
44.44,6.35
55.56,6.76
66.67,3.03
77.78,3.50
88.89,1.69
100.00,1.70
Tabela,1667.38
Revocação,Precisão
0.00,33.33
10.00,33.33
20.00,50.00
30.00,42.86
40.00,6.35
50.00,6.76
60.00,3.03
70.00,3.50
80.00,1.69
90.00,1.70
100.00,1.70



Consulta Num,37

Pontos
Revocação,Precisão
1.02,100.00
2.04,100.00
3.06,100.00
4.08,100.00
5.10,100.00
6.12,100.00
7.14,100.00
8.16,100.00
9.18,100.00
10.20,100.00
11.22,100.00
12.24,100.00
13.27,100.00
14.29,100.00
15.31,100.00
16.33,100.00
17.35,100.00
18.37,100.00
19.39,100.00
20.41,100.00
21.43,91.30
22.45,91.67
23.47,92.00
24.49,88.89
25.51,89.29
26.53,86.67
27.55,87.10
28.57,82.35
29.59,82.86
30.61,83.33
31.63,83.78
32.65,78.05
33.67,75.00
34.69,75.56
35.71,74.47
36.73,73.47
37.76,74.00
38.78,73.08
39.80,68.42
40.82,65.57
41.84,66.13
42.86,61.76
43.88,62.32
44.90,61.97
45.92,62.50
46.94,63.01
47.96,60.26
48.98,60.00
50.00,59.76
51.02,60.24
52.04,60.00
53.06,59.09
54.08,59.55
55.10,59.34
56.12,59.78
57.14,59.57
58.16,59.38
59.18,57.43
60.20,57.84
61.22,58.25
62.24,52.14
63.27,48.06
64.29,45.65
65.31,45.07
66.33,44.22
67.35,44.30
68.37,41.88
69.39,41.72
70.41,39.66
71.43,39.33
72.45,39.23
73.47,38.50
74.49,38.22
75.51,38.34
76.53,36.95
77.55,37.07
78.57,37.02
79.59,34.67
80.61,31.73
81.63,30.42
82.65,28.03
83.67,26.80
84.69,24.48
85.71,21.37
86.73,19.10
87.76,19.15
88.78,16.60
89.80,16.27
90.82,13.86
91.84,11.54
92.86,11.58
93.88,11.60
94.90,11.29
95.92,11.28
Tabela,6017.51
Revocação,Precisão
0.00,100.00
10.00,100.00
20.00,100.00
30.00,83.33
40.00,65.57
50.00,59.76
60.00,57.84
70.00,39.66
80.00,31.73
90.00,13.86
100.00,0.00



Consulta Num,38

Pontos
Revocação,Precisão
1.89,100.00
3.77,7.14
5.66,4.92
7.55,5.97
9.43,6.25
11.32,6.45
13.21,7.22
15.09,4.88
16.98,4.84
18.87,5.15
20.75,5.45
22.64,5.88
24.53,5.14
26.42,5.28
28.30,5.21
30.19,5.42
32.08,5.63
33.96,5.56
35.85,5.79
37.74,6.08
39.62,5.54
41.51,5.64
43.40,5.88
45.28,5.90
47.17,6.07
49.06,6.09
50.94,5.71
52.83,5.70
Tabela,786.70
Revocação,Precisão
0.00,100.00
10.00,6.45
20.00,5.45
30.00,5.42
40.00,5.64
50.00,5.71
60.00,0.00
70.00,0.00
80.00,0.00
90.00,0.00
100.00,0.00



Consulta Num,39

Pontos
Revocação,Precisão
0.62,50.00
1.23,66.67
1.85,75.00
2.47,80.00
3.09,83.33
3.70,85.71
4.32,87.50
4.94,72.73
5.56,69.23
6.17,66.67
6.79,64.71
7.41,63.16
8.02,65.00
8.64,63.64
9.26,65.22
9.88,66.67
10.49,60.71
11.11,60.00
11.73,59.38
12.35,57.14
12.96,58.33
13.58,57.89
14.20,58.97
14.81,57.14
15.43,56.82
16.05,57.78
16.67,58.70
17.28,53.85
17.90,54.72
18.52,53.57
19.14,54.39
19.75,53.33
20.37,54.10
20.99,53.13
21.60,53.85
22.22,54.55
22.84,54.41
23.46,55.07
24.07,55.71
24.69,56.34
25.31,56.94
25.93,57.53
26.54,56.58
27.16,56.41
27.78,55.56
28.40,56.10
29.01,56.63
29.63,57.14
30.25,56.98
30.86,56.18
31.48,53.13
32.10,52.53
32.72,53.00
33.33,52.94
33.95,53.40
34.57,52.34
35.19,51.82
35.80,50.88
36.42,51.30
37.04,49.18
37.65,49.59
38.27,49.60
38.89,45.32
39.51,44.76
40.12,44.83
40.74,45.21
41.36,45.27
41.98,43.87
42.59,44.23
43.21,42.94
43.83,43.29
44.44,42.86
45.06,43.20
45.68,43.27
46.30,41.90
46.91,39.58
47.53,38.89
48.15,39.20
48.77,38.92
49.38,37.21
50.00,37.33
50.62,36.28
51.23,36.56
51.85,36.52
52.47,34.55
53.09,33.73
53.70,32.83
54.32,32.96
54.94,33.21
55.56,33.21
56.17,33.21
56.79,32.62
57.41,31.53
58.02,31.54
58.64,31.67
59.26,31.79
59.88,31.91
60.49,31.72
61.11,31.94
61.73,31.55
62.35,31.17
62.96,30.63
63.58,30.12
64.20,30.23
64.81,29.91
65.43,28.80
66.05,28.76
66.67,27.98
67.28,27.05
67.90,26.96
68.52,26.75
69.14,26.73
69.75,26.84
70.37,27.01
70.99,26.93
71.60,25.66
72.22,25.55
72.84,25.71
73.46,25.87
74.07,25.64
74.69,25.69
75.31,25.74
75.93,25.62
76.54,25.62
77.16,25.56
77.78,25.56
78.40,25.71
79.01,25.70
79.63,24.86
80.25,25.00
80.86,24.86
81.48,24.40
82.10,22.97
82.72,22.26
83.33,21.33
83.95,20.03
Tabela,3626.74
Revocação,Precisão
0.00,50.00
10.00,60.71
20.00,54.10
30.00,56.98
40.00,44.83
50.00,37.33
60.00,31.72
70.00,27.01
80.00,25.00
90.00,0.00
100.00,0.00



Consulta Num,40

Pontos
Revocação,Precisão
0.68,33.33
1.37,50.00
2.05,37.50
2.74,28.57
3.42,29.41
4.11,31.58
4.79,29.17
5.48,25.81
6.16,24.32
6.85,26.32
7.53,28.21
8.22,29.27
8.90,28.89
9.59,29.17
10.27,23.44
10.96,24.24
11.64,25.00
12.33,23.68
13.01,24.68
13.70,25.32
14.38,25.93
15.07,26.83
15.75,27.06
16.44,26.37
17.12,27.17
17.81,27.37
18.49,25.00
19.18,25.69
19.86,26.36
20.55,24.19
21.23,24.60
21.92,24.81
22.60,25.38
23.29,25.00
23.97,24.65
24.66,23.68
25.34,23.72
26.03,24.20
26.71,24.53
27.40,24.24
28.08,24.26
28.77,22.83
29.45,22.40
30.14,22.45
30.82,21.95
31.51,22.33
32.19,22.60
32.88,22.43
33.56,22.48
34.25,22.83
34.93,22.97
35.62,23.01
36.30,23.35
36.99,22.41
37.67,21.57
38.36,21.46
39.04,21.76
39.73,21.32
40.41,21.61
41.10,21.74
41.78,21.86
42.47,21.75
43.15,21.21
43.84,21.26
44.52,21.31
45.21,20.82
45.89,21.07
46.58,21.32
47.26,21.43
47.95,20.90
48.63,21.13
49.32,21.36
50.00,21.60
50.68,21.76
51.37,20.95
52.05,20.82
52.74,20.64
53.42,20.26
54.11,19.65
54.79,19.56
55.48,19.15
56.16,18.85
56.85,18.53
57.53,18.67
58.22,18.52
58.90,18.49
59.59,18.51
60.27,18.57
60.96,18.24
61.64,18.15
62.33,18.24
63.01,17.39
63.70,17.35
64.38,16.94
65.07,17.03
65.75,17.11
66.44,17.08
67.12,17.19
67.81,17.01
68.49,17.12
69.18,16.69
69.86,16.50
70.55,16.64
71.23,16.72
71.92,16.54
72.60,16.59
73.29,16.49
73.97,16.02
74.66,15.98
75.34,14.77
76.03,14.51
76.71,14.62
77.40,14.54
78.08,14.00
78.77,14.08
79.45,14.15
80.14,14.03
80.82,13.75
81.51,13.73
82.19,13.65
82.88,13.69
83.56,13.62
84.25,13.37
84.93,13.45
85.62,13.16
86.30,13.25
86.99,12.91
87.67,12.97
88.36,12.94
Tabela,1791.90
Revocação,Precisão
0.00,33.33
10.00,23.44
20.00,24.19
30.00,22.45
40.00,21.61
50.00,21.60
60.00,18.57
70.00,16.64
80.00,14.03
90.00,0.00
100.00,0.00



Consulta Num,41

Pontos
Revocação,Precisão
6.67,100.00
13.33,66.67
20.00,75.00
26.67,57.14
33.33,55.56
40.00,42.86
46.67,33.33
53.33,18.60
60.00,4.39
66.67,3.95
73.33,3.90
80.00,2.80
86.67,2.75
Tabela,3193.34
Revocação,Precisão
0.00,100.00
10.00,66.67
20.00,75.00
30.00,55.56
40.00,42.86
50.00,18.60
60.00,3.95
70.00,3.90
80.00,2.80
90.00,0.00
100.00,0.00



Consulta Num,42

Pontos
Revocação,Precisão
2.13,100.00
4.26,100.00
6.38,100.00
8.51,100.00
10.64,100.00
12.77,100.00
14.89,100.00
17.02,88.89
19.15,90.00
21.28,90.91
23.40,26.19
25.53,27.27
27.66,27.66
29.79,27.45
31.91,26.79
34.04,20.25
36.17,16.67
38.30,11.32
40.43,8.33
42.55,8.70
44.68,7.66
46.81,7.14
48.94,5.79
51.06,5.73
53.19,5.85
55.32,5.03
57.45,4.82
59.57,4.71
61.70,4.82
63.83,4.83
65.96,4.98
68.09,5.08
70.21,5.05
72.34,5.12
74.47,5.23
Tabela,2916.27
Revocação,Precisão
0.00,100.00
10.00,100.00
20.00,90.91
30.00,26.79
40.00,8.33
50.00,5.73
60.00,4.82
70.00,5.05
80.00,0.00
90.00,0.00
100.00,0.00



Consulta Num,43

Pontos
Revocação,Precisão
1.02,100.00
2.04,100.00
3.06,100.00
4.08,100.00
5.10,100.00
6.12,100.00
7.14,100.00
8.16,100.00
9.18,90.00
10.20,66.67
11.22,64.71
12.24,63.16
13.27,65.00
14.29,63.64
15.31,65.22
16.33,66.67
17.35,68.00
18.37,66.67
19.39,67.86
20.41,68.97
21.43,67.74
22.45,66.67
23.47,65.71
24.49,64.86
25.51,46.30
26.53,44.83
27.55,44.26
28.57,44.44
29.59,44.62
30.61,45.45
31.63,44.93
32.65,45.71
33.67,46.48
34.69,45.95
35.71,46.67
36.73,46.15
37.76,46.84
38.78,46.34
39.80,44.32
40.82,43.96
41.84,42.71
42.86,42.42
43.88,42.57
44.90,42.72
45.92,42.86
46.94,40.71
47.96,40.17
48.98,40.68
50.00,40.83
51.02,39.06
52.04,38.64
53.06,38.52
54.08,38.97
55.10,39.42
56.12,39.29
57.14,39.72
58.16,40.14
59.18,38.93
60.20,35.76
61.22,36.14
62.24,35.06
63.27,34.44
64.29,34.24
65.31,32.16
66.33,31.40
67.35,31.58
68.37,31.16
69.39,29.06
70.41,29.11
71.43,29.41
72.45,28.98
73.47,27.48
74.49,25.52
75.51,24.75
76.53,21.19
77.55,20.43
Tabela,3807.48
Revocação,Precisão
0.00,100.00
10.00,66.67
20.00,68.97
30.00,45.45
40.00,43.96
50.00,40.83
60.00,35.76
70.00,29.11
80.00,0.00
90.00,0.00
100.00,0.00



Consulta Num,44

Pontos
Revocação,Precisão
0.71,50.00
1.43,66.67
2.14,60.00
2.86,57.14
3.57,62.50
4.29,66.67
5.00,70.00
5.71,66.67
6.43,69.23
7.14,71.43
7.86,73.33
8.57,75.00
9.29,68.42
10.00,70.00
10.71,71.43
11.43,72.73
12.14,73.91
12.86,75.00
13.57,65.52
14.29,64.52
15.00,65.63
15.71,66.67
16.43,67.65
17.14,63.16
17.86,62.50
18.57,63.41
19.29,64.29
20.00,65.12
20.71,65.91
21.43,66.67
22.14,64.58
22.86,62.75
23.57,63.46
24.29,62.96
25.00,63.64
25.71,64.29
26.43,64.91
27.14,58.46
27.86,59.09
28.57,54.05
29.29,52.56
30.00,52.50
30.71,53.09
31.43,53.01
32.14,51.72
32.86,51.11
33.57,47.47
34.29,48.00
35.00,48.51
35.71,48.08
36.43,48.57
37.14,47.71
37.86,47.32
38.57,45.38
39.29,43.65
40.00,42.42
40.71,41.30
41.43,41.73
42.14,41.84
42.86,41.96
43.57,40.94
44.29,38.51
45.00,38.18
45.71,38.10
46.43,38.46
47.14,38.60
47.86,38.95
48.57,39.08
49.29,37.70
50.00,37.84
50.71,37.97
51.43,38.30
52.14,38.42
52.86,38.54
53.57,38.86
54.29,37.81
55.00,37.56
55.71,37.86
56.43,35.91
57.14,36.20
57.86,35.37
58.57,34.45
59.29,34.73
60.00,34.71
60.71,34.98
61.43,33.46
62.14,33.59
62.86,33.85
63.57,33.58
64.29,32.26
65.00,31.93
65.71,30.87
66.43,30.69
67.14,29.28
67.86,28.11
68.57,27.67
69.29,27.79
70.00,27.92
70.71,28.13
71.43,27.93
72.14,27.75
72.86,27.87
73.57,27.25
74.29,27.44
75.00,26.32
75.71,26.43
76.43,25.91
77.14,26.09
77.86,26.20
78.57,25.76
79.29,25.46
80.00,24.78
80.71,24.89
81.43,24.73
82.14,24.42
82.86,23.39
83.57,21.75
84.29,21.49
85.00,21.29
85.71,20.76
86.43,19.87
87.14,19.27
87.86,19.28
88.57,18.93
89.29,18.91
90.00,17.00
90.71,16.04
91.43,15.96
92.14,15.99
92.86,15.40
93.57,15.30
94.29,14.88
95.00,14.93
95.71,13.83
96.43,13.64
97.14,13.11
97.86,12.59
98.57,12.52
Tabela,3986.56
Revocação,Precisão
0.00,50.00
10.00,71.43
20.00,65.91
30.00,52.50
40.00,42.42
50.00,37.84
60.00,34.71
70.00,27.92
80.00,24.89
90.00,16.04
100.00,0.00



Consulta Num,45

Pontos
Revocação,Precisão
5.00,100.00
10.00,100.00
15.00,100.00
20.00,57.14
25.00,50.00
30.00,40.00
35.00,14.89
40.00,9.41
45.00,8.57
50.00,6.99
55.00,4.78
60.00,5.00
65.00,4.78
70.00,4.79
75.00,4.53
80.00,3.29
85.00,3.29
90.00,3.02
95.00,3.13
100.00,3.01
Tabela,2811.53
Revocação,Precisão
0.00,100.00
10.00,100.00
20.00,57.14
30.00,40.00
40.00,9.41
50.00,6.99
60.00,5.00
70.00,4.79
80.00,3.29
90.00,3.02
100.00,3.01



Consulta Num,46

Pontos
Revocação,Precisão
5.56,100.00
11.11,66.67
16.67,60.00
22.22,66.67
27.78,22.73
33.33,17.14
38.89,15.56
44.44,9.52
50.00,5.59
55.56,5.24
61.11,5.39
66.67,3.48
72.22,2.89
77.78,2.24
83.33,1.91
Tabela,2257.80
Revocação,Precisão
0.00,100.00
10.00,66.67
20.00,66.67
30.00,17.14
40.00,9.52
50.00,5.59
60.00,5.39
70.00,2.89
80.00,1.91
90.00,0.00
100.00,0.00



Consulta Num,47

Pontos
Revocação,Precisão
1.67,50.00
3.33,50.00
5.00,17.65
6.67,7.55
8.33,7.25
10.00,8.11
11.67,9.09
13.33,9.88
15.00,9.38
16.67,8.70
18.33,7.43
20.00,7.74
21.67,8.07
23.33,8.64
25.00,8.98
26.67,9.30
28.33,8.76
30.00,8.45
31.67,8.68
33.33,8.33
35.00,8.37
36.67,8.66
38.33,8.88
40.00,7.97
41.67,7.91
43.33,7.98
45.00,7.80
46.67,7.93
48.33,7.71
50.00,7.85
51.67,7.99
53.33,7.71
55.00,7.89
56.67,7.67
58.33,7.69
60.00,7.05
61.67,7.06
63.33,7.21
65.00,6.49
66.67,6.58
68.33,6.22
70.00,6.19
71.67,6.27
73.33,6.28
75.00,6.23
76.67,6.05
78.33,6.15
80.00,6.09
81.67,6.09
83.33,6.05
85.00,5.99
86.67,5.96
88.33,5.92
90.00,5.79
91.67,5.85
93.33,5.86
95.00,5.87
96.67,5.91
98.33,5.41
Tabela,904.79
Revocação,Precisão
0.00,50.00
10.00,8.11
20.00,7.74
30.00,8.45
40.00,7.97
50.00,7.99
60.00,7.06
70.00,6.27
80.00,6.09
90.00,5.79
100.00,0.00



Consulta Num,48

Pontos
Revocação,Precisão
3.33,20.00
6.67,28.57
10.00,33.33
13.33,40.00
16.67,38.46
20.00,40.00
23.33,41.18
26.67,44.44
30.00,47.37
33.33,47.62
36.67,29.73
40.00,30.00
43.33,29.55
46.67,29.79
50.00,31.25
53.33,23.88
56.67,22.97
60.00,20.69
63.33,21.59
66.67,21.98
70.00,22.34
73.33,22.92
76.67,18.40
80.00,16.11
83.33,16.45
86.67,12.87
90.00,12.33
93.33,4.82
96.67,3.77
100.00,3.88
Tabela,2581.00
Revocação,Precisão
0.00,20.00
10.00,33.33
20.00,40.00
30.00,47.62
40.00,30.00
50.00,31.25
60.00,20.69
70.00,22.34
80.00,16.11
90.00,4.82
100.00,3.88



Consulta Num,49

Pontos
Revocação,Precisão
2.78,100.00
5.56,100.00
8.33,100.00
11.11,100.00
13.89,100.00
16.67,100.00
19.44,100.00
22.22,100.00
25.00,100.00
27.78,100.00
30.56,91.67
33.33,66.67
36.11,59.09
38.89,53.85
41.67,51.72
44.44,26.67
47.22,22.67
50.00,20.93
52.78,20.88
55.56,20.41
58.33,16.28
61.11,14.77
63.89,15.03
66.67,11.37
69.44,8.25
72.22,8.33
75.00,8.52
77.78,7.67
80.56,7.32
83.33,7.18
86.11,4.64
Tabela,4447.43
Revocação,Precisão
0.00,100.00
10.00,100.00
20.00,100.00
30.00,91.67
40.00,51.72
50.00,20.93
60.00,14.77
70.00,8.33
80.00,7.32
90.00,0.00
100.00,0.00



Consulta Num,50

Pontos
Revocação,Precisão
4.00,100.00
8.00,100.00
12.00,100.00
16.00,100.00
20.00,83.33
24.00,54.55
28.00,58.33
32.00,25.00
36.00,26.47
40.00,19.23
44.00,11.96
48.00,11.21
52.00,11.71
56.00,12.50
60.00,11.03
64.00,7.41
68.00,4.97
72.00,4.02
76.00,3.44
80.00,3.08
84.00,3.07
88.00,2.94
Tabela,3074.05
Revocação,Precisão
0.00,100.00
10.00,100.00
20.00,83.33
30.00,25.00
40.00,19.23
50.00,11.71
60.00,11.03
70.00,4.02
80.00,3.08
90.00,0.00
100.00,0.00



Consulta Num,51

Pontos
Revocação,Precisão
0.41,100.00
0.83,66.67
1.24,75.00
1.66,80.00
2.07,83.33
2.49,85.71
2.90,87.50
3.32,88.89
3.73,90.00
4.15,90.91
4.56,84.62
4.98,85.71
5.39,86.67
5.81,82.35
6.22,83.33
6.64,84.21
7.05,85.00
7.47,85.71
7.88,86.36
8.30,86.96
8.71,87.50
9.13,88.00
9.54,85.19
9.96,85.71
10.37,83.33
10.79,83.87
11.20,84.38
11.62,84.85
12.03,85.29
12.45,85.71
12.86,83.78
13.28,82.05
13.69,82.50
14.11,77.27
14.52,76.09
14.94,76.60
15.35,69.81
15.77,70.37
16.18,70.91
16.60,70.18
17.01,70.69
17.43,70.00
17.84,69.35
18.26,67.69
18.67,67.16
19.09,64.79
19.50,63.51
19.92,64.00
20.33,62.82
20.75,63.29
21.16,62.96
21.58,61.90
21.99,62.35
22.41,60.67
22.82,61.11
23.24,59.57
23.65,60.00
24.07,59.79
24.48,60.20
24.90,60.61
25.31,61.00
25.73,61.39
26.14,61.17
26.56,61.54
26.97,57.52
27.39,57.89
27.80,57.76
28.22,58.12
28.63,58.47
29.05,58.82
29.46,55.91
29.88,55.38
30.29,54.89
30.71,54.41
31.12,54.35
31.54,51.01
31.95,50.00
32.37,49.68
32.78,50.00
33.20,49.08
33.61,48.80
34.02,47.95
34.44,48.26
34.85,48.28
35.27,47.49
35.68,47.78
36.10,48.07
36.51,46.56
36.93,46.84
37.34,46.15
37.76,46.19
38.17,46.46
38.59,46.73
39.00,46.53
39.42,46.80
39.83,46.60
40.25,46.41
40.66,45.79
41.08,46.05
41.49,46.08
41.91,45.91
42.32,46.15
42.74,46.40
43.15,46.22
43.57,44.68
43.98,44.92
44.40,44.77
44.81,44.08
45.23,43.95
45.64,43.65
46.06,42.86
46.47,42.91
46.89,42.64
47.30,41.91
47.72,41.97
48.13,42.03
48.55,42.24
48.96,41.70
49.38,41.18
49.79,40.54
50.21,40.20
50.62,40.40
51.04,40.07
51.45,39.87
51.87,40.06
52.28,40.00
52.70,39.69
53.11,39.38
53.53,39.45
53.94,39.16
54.36,39.10
54.77,38.26
55.19,38.22
55.60,38.07
56.02,38.24
56.43,37.47
56.85,36.53
57.26,36.70
57.68,36.10
58.09,36.18
58.51,35.52
58.92,35.68
59.34,35.66
59.75,35.73
60.17,35.45
60.58,35.44
61.00,35.08
61.41,35.07
61.83,35.06
62.24,34.80
62.66,33.56
63.07,32.69
63.49,32.83
63.90,32.49
64.32,32.63
64.73,32.57
65.15,32.71
65.56,32.85
65.98,32.65
66.39,32.52
66.80,32.59
67.22,32.73
67.63,32.28
68.05,32.16
68.46,32.29
68.88,32.42
69.29,32.55
69.71,32.68
70.12,32.82
70.54,32.69
70.95,32.51
71.37,32.58
71.78,32.70
72.20,32.77
72.61,32.41
73.03,32.53
73.44,31.89
73.86,31.96
74.27,32.02
74.69,31.52
75.10,31.42
75.52,31.43
75.93,29.90
76.35,29.82
76.76,29.09
77.18,28.66
77.59,28.51
78.01,28.40
78.42,28.42
78.84,28.06
79.25,27.92
79.67,27.79
80.08,27.89
80.50,27.87
80.91,27.70
81.33,27.49
81.74,26.84
82.16,26.87
82.57,26.64
82.99,26.04
83.40,25.84
83.82,25.93
84.23,26.03
84.65,26.09
85.06,26.18
85.48,26.24
85.89,26.20
86.31,25.74
86.72,25.52
87.14,25.55
87.55,25.45
87.97,25.06
88.38,24.40
88.80,24.18
89.21,23.57
89.63,23.28
90.04,22.82
90.46,22.78
90.87,22.84
91.29,22.59
91.70,22.64
92.12,22.56
92.53,22.50
92.95,22.49
93.36,22.52
93.78,22.60
94.19,22.68
94.61,22.69
95.02,22.43
95.44,22.12
95.85,22.00
96.27,21.58
96.68,21.57
97.10,21.57
97.51,21.11
97.93,21.15
98.34,20.43
98.76,20.41
99.17,19.82
99.59,19.79
100.00,19.55
Tabela,4664.01
Revocação,Precisão
0.00,100.00
10.00,83.33
20.00,62.82
30.00,54.89
40.00,46.41
50.00,40.20
60.00,35.45
70.00,32.82
80.00,27.89
90.00,22.82
100.00,19.55



Consulta Num,52

Pontos
Revocação,Precisão
50.00,100.00
100.00,0.69
Tabela,5531.25
Revocação,Precisão
0.00,100.00
10.00,100.00
20.00,100.00
30.00,100.00
40.00,100.00
50.00,100.00
60.00,0.69
70.00,0.69
80.00,0.69
90.00,0.69
100.00,0.69



Consulta Num,53

Pontos
Revocação,Precisão
4.35,100.00
8.70,66.67
13.04,75.00
17.39,44.44
21.74,41.67
26.09,37.50
30.43,30.43
34.78,33.33
39.13,34.62
43.48,35.71
47.83,32.35
52.17,26.09
56.52,26.53
60.87,26.92
65.22,24.19
69.57,23.88
73.91,23.94
78.26,16.22
82.61,10.50
86.96,9.22
91.30,5.60
95.65,2.58
100.00,2.63
Tabela,3271.82
Revocação,Precisão
0.00,100.00
10.00,75.00
20.00,41.67
30.00,30.43
40.00,35.71
50.00,26.09
60.00,26.92
70.00,23.94
80.00,10.50
90.00,5.60
100.00,2.63



Consulta Num,54

Pontos
Revocação,Precisão
1.61,100.00
3.23,100.00
4.84,100.00
6.45,100.00
8.06,83.33
9.68,85.71
11.29,87.50
12.90,88.89
14.52,81.82
16.13,83.33
17.74,84.62
19.35,85.71
20.97,86.67
22.58,87.50
24.19,88.24
25.81,88.89
27.42,80.95
29.03,81.82
30.65,82.61
32.26,83.33
33.87,77.78
35.48,64.71
37.10,62.16
38.71,57.14
40.32,56.82
41.94,57.78
43.55,58.70
45.16,59.57
46.77,60.42
48.39,60.00
50.00,53.45
51.61,54.24
53.23,54.10
54.84,54.84
56.45,40.23
58.06,36.36
59.68,30.08
61.29,29.69
62.90,29.32
64.52,23.53
66.13,20.81
67.74,19.18
69.35,17.55
70.97,16.73
72.58,15.57
74.19,13.41
75.81,13.13
77.42,13.15
79.03,11.24
80.65,10.82
82.26,9.94
83.87,9.83
85.48,9.80
87.10,8.64
88.71,8.49
90.32,8.54
91.94,8.25
93.55,7.28
95.16,6.94
Tabela,4836.07
Revocação,Precisão
0.00,100.00
10.00,87.50
20.00,86.67
30.00,82.61
40.00,56.82
50.00,54.24
60.00,29.69
70.00,16.73
80.00,10.82
90.00,8.54
100.00,0.00



Consulta Num,55

Pontos
Revocação,Precisão
4.17,6.67
8.33,5.88
12.50,6.67
16.67,4.44
20.83,4.46
25.00,4.62
29.17,5.04
33.33,4.73
37.50,4.79
41.67,5.26
45.83,5.21
50.00,5.53
54.17,5.28
58.33,3.67
62.50,2.86
66.67,2.52
70.83,2.60
75.00,2.60
Tabela,352.04
Revocação,Precisão
0.00,6.67
10.00,6.67
20.00,4.46
30.00,4.73
40.00,5.26
50.00,5.28
60.00,2.86
70.00,2.60
80.00,0.00
90.00,0.00
100.00,0.00



Consulta Num,56

Pontos
Revocação,Precisão
3.13,50.00
6.25,33.33
9.38,37.50
12.50,40.00
15.63,12.20
18.75,10.17
21.88,7.53
25.00,6.78
28.13,5.77
31.25,6.37
34.38,6.75
37.50,4.55
40.63,4.85
43.75,4.83
46.88,5.03
50.00,5.05
53.13,3.14
56.25,3.29
59.38,3.42
62.50,3.03
65.63,3.15
68.75,3.05
Tabela,918.20
Revocação,Precisão
0.00,50.00
10.00,40.00
20.00,7.53
30.00,6.37
40.00,4.85
50.00,5.05
60.00,3.03
70.00,0.00
80.00,0.00
90.00,0.00
100.00,0.00



Consulta Num,57

Pontos
Revocação,Precisão
1.96,100.00
3.92,100.00
5.88,100.00
7.84,80.00
9.80,62.50
11.76,66.67
13.73,58.33
15.69,61.54
17.65,64.29
19.61,66.67
21.57,64.71
23.53,63.16
25.49,65.00
27.45,63.64
29.41,65.22
31.37,64.00
33.33,65.38
35.29,66.67
37.25,67.86
39.22,66.67
41.18,67.74
43.14,62.86
45.10,62.16
47.06,54.55
49.02,53.19
50.98,53.06
52.94,54.00
54.90,51.85
56.86,50.00
58.82,48.39
60.78,48.44
62.75,48.48
64.71,49.25
66.67,46.58
68.63,44.87
70.59,42.35
72.55,41.11
74.51,40.00
76.47,33.91
78.43,33.61
80.39,32.28
82.35,25.93
84.31,24.86
86.27,23.16
88.24,23.44
90.20,19.74
92.16,20.09
94.12,12.37
96.08,12.16
Tabela,5089.92
Revocação,Precisão
0.00,100.00
10.00,66.67
20.00,64.71
30.00,64.00
40.00,67.74
50.00,53.06
60.00,48.44
70.00,42.35
80.00,32.28
90.00,19.74
100.00,0.00



Consulta Num,58

Pontos
Revocação,Precisão
1.05,100.00
2.11,100.00
3.16,100.00
4.21,100.00
5.26,62.50
6.32,66.67
7.37,70.00
8.42,72.73
9.47,69.23
10.53,71.43
11.58,73.33
12.63,70.59
13.68,54.17
14.74,56.00
15.79,57.69
16.84,59.26
17.89,56.67
18.95,58.06
20.00,59.38
21.05,60.61
22.11,55.26
23.16,56.41
24.21,57.50
25.26,54.55
26.32,54.35
27.37,55.32
28.42,54.00
29.47,54.90
30.53,54.72
31.58,53.57
32.63,54.39
33.68,50.00
34.74,50.00
35.79,44.16
36.84,42.68
37.89,42.35
38.95,42.53
40.00,40.86
41.05,41.05
42.11,41.24
43.16,39.42
44.21,38.89
45.26,33.08
46.32,33.33
47.37,33.58
48.42,34.07
49.47,32.87
50.53,32.21
51.58,32.45
52.63,32.47
53.68,31.87
54.74,32.10
55.79,32.52
56.84,31.40
57.89,31.61
58.95,31.82
60.00,31.84
61.05,32.04
62.11,31.55
63.16,29.85
64.21,29.19
65.26,29.52
66.32,26.69
67.37,26.34
68.42,26.00
69.47,25.00
70.53,24.19
71.58,24.03
72.63,23.47
73.68,23.49
74.74,22.05
75.79,21.95
76.84,20.22
77.89,18.00
78.95,16.59
80.00,15.14
81.05,14.10
82.11,14.13
83.16,13.21
84.21,13.27
85.26,12.88
86.32,12.79
87.37,12.75
88.42,12.65
89.47,12.78
90.53,12.61
Tabela,3923.76
Revocação,Precisão
0.00,100.00
10.00,71.43
20.00,59.38
30.00,54.72
40.00,40.86
50.00,32.21
60.00,31.84
70.00,24.19
80.00,15.14
90.00,12.61
100.00,0.00



Consulta Num,59

Pontos
Revocação,Precisão
0.69,25.00
1.38,33.33
2.07,20.00
2.76,13.79
3.45,15.15
4.14,17.14
4.83,19.44
5.52,16.33
6.21,15.79
6.90,16.95
7.59,18.33
8.28,16.90
8.97,16.67
9.66,16.09
10.34,17.05
11.03,17.39
11.72,17.35
12.41,17.82
13.10,18.45
13.79,17.70
14.48,18.42
15.17,18.97
15.86,19.49
16.55,19.83
17.24,19.53
17.93,17.57
18.62,17.53
19.31,18.06
20.00,17.79
20.69,18.18
21.38,18.56
22.07,19.05
22.76,18.13
23.45,18.18
24.14,18.42
24.83,17.91
25.52,18.14
26.21,18.54
26.90,18.22
27.59,18.52
28.28,18.81
28.97,18.75
29.66,18.78
30.34,18.18
31.03,18.44
31.72,18.55
32.41,17.94
33.10,18.18
33.79,18.35
34.48,18.52
35.17,18.55
35.86,17.33
36.55,16.41
37.24,16.46
37.93,16.57
38.62,16.52
39.31,15.92
40.00,15.63
40.69,15.17
41.38,14.67
42.07,14.56
42.76,14.59
43.45,14.69
44.14,14.88
44.83,14.98
45.52,14.97
46.21,15.02
46.90,14.81
47.59,14.97
48.28,14.99
48.97,15.14
49.66,15.13
50.34,15.24
51.03,14.57
51.72,14.48
52.41,14.42
53.10,14.53
53.79,14.58
54.48,14.50
55.17,14.55
55.86,14.49
56.55,14.46
57.24,14.51
57.93,14.48
58.62,14.46
59.31,14.58
60.00,14.67
60.69,14.77
61.38,14.78
62.07,14.83
62.76,14.54
63.45,14.49
64.14,14.37
64.83,14.14
65.52,14.18
66.21,13.89
66.90,13.88
67.59,13.76
68.28,13.77
68.97,13.32
69.66,13.40
70.34,13.49
71.03,13.52
71.72,13.61
72.41,12.95
73.10,13.01
73.79,13.06
74.48,13.06
75.17,12.95
75.86,12.87
76.55,12.97
77.24,13.04
77.93,12.94
78.62,12.98
Tabela,1245.55
Revocação,Precisão
0.00,25.00
10.00,17.05
20.00,17.79
30.00,18.18
40.00,15.63
50.00,15.24
60.00,14.67
70.00,13.49
80.00,0.00
90.00,0.00
100.00,0.00



Consulta Num,60

Pontos
Revocação,Precisão
2.94,4.17
5.88,4.44
8.82,5.17
11.76,5.56
14.71,6.67
17.65,6.32
20.59,6.25
23.53,6.61
26.47,5.73
29.41,5.78
32.35,4.17
35.29,4.38
38.24,4.14
41.18,3.93
44.12,3.93
47.06,4.18
50.00,4.35
52.94,4.52
55.88,4.75
58.82,4.74
61.76,4.94
64.71,4.78
67.65,4.91
70.59,4.77
73.53,4.66
76.47,4.81
79.41,4.95
82.35,5.03
85.29,5.04
88.24,5.00
91.18,5.01
Tabela,462.58
Revocação,Precisão
0.00,4.17
10.00,5.56
20.00,6.25
30.00,4.17
40.00,3.93
50.00,4.52
60.00,4.94
70.00,4.77
80.00,5.03
90.00,5.01
100.00,0.00



Consulta Num,61

Pontos
Revocação,Precisão
1.43,100.00
2.86,100.00
4.29,100.00
5.71,100.00
7.14,100.00
8.57,100.00
10.00,100.00
11.43,100.00
12.86,100.00
14.29,76.92
15.71,78.57
17.14,80.00
18.57,76.47
20.00,70.00
21.43,57.69
22.86,47.06
24.29,47.22
25.71,48.65
27.14,45.24
28.57,46.51
30.00,36.84
31.43,34.92
32.86,27.38
34.29,25.81
35.71,26.60
37.14,26.00
38.57,25.23
40.00,24.78
41.43,24.79
42.86,24.39
44.29,24.60
45.71,24.62
47.14,23.40
48.57,22.52
50.00,22.58
51.43,22.22
52.86,18.88
54.29,17.12
55.71,15.35
57.14,13.29
58.57,12.42
60.00,11.83
61.43,11.98
62.86,12.15
64.29,10.20
65.71,10.00
67.14,10.17
68.57,10.26
70.00,10.04
71.43,9.98
72.86,10.16
74.29,9.85
75.71,9.36
77.14,9.41
78.57,8.99
80.00,9.08
Tabela,3209.28
Revocação,Precisão
0.00,100.00
10.00,100.00
20.00,57.69
30.00,34.92
40.00,24.79
50.00,22.58
60.00,11.83
70.00,10.04
80.00,9.08
90.00,0.00
100.00,0.00



Consulta Num,62

Pontos
Revocação,Precisão
0.69,50.00
1.39,40.00
2.08,50.00
2.78,50.00
3.47,45.45
4.17,50.00
4.86,53.85
5.56,53.33
6.25,42.86
6.94,45.45
7.64,40.74
8.33,42.86
9.03,41.94
9.72,37.84
10.42,33.33
11.11,34.04
11.81,34.69
12.50,36.00
13.19,35.19
13.89,32.79
14.58,31.82
15.28,30.56
15.97,27.38
16.67,28.24
17.36,28.74
18.06,28.57
18.75,28.42
19.44,28.87
20.14,29.29
20.83,30.00
21.53,30.10
22.22,30.19
22.92,30.00
23.61,30.09
24.31,30.43
25.00,30.25
25.69,29.60
26.39,30.16
27.08,30.71
27.78,30.77
28.47,27.89
29.17,28.38
29.86,28.67
30.56,29.14
31.25,29.03
31.94,28.57
32.64,28.83
33.33,28.57
34.03,28.49
34.72,28.74
35.42,29.14
36.11,27.96
36.81,27.75
37.50,28.13
38.19,27.78
38.89,27.72
39.58,28.08
40.28,28.43
40.97,28.78
41.67,28.04
42.36,28.37
43.06,27.43
43.75,26.69
44.44,25.60
45.14,25.69
45.83,25.98
46.53,26.07
47.22,25.66
47.92,25.56
48.61,25.55
49.31,25.82
50.00,25.62
50.69,25.09
51.39,25.34
52.08,25.60
52.78,25.17
53.47,25.25
54.17,25.16
54.86,25.32
55.56,25.56
56.25,25.47
56.94,24.40
57.64,23.99
58.33,23.66
59.03,23.81
59.72,23.63
60.42,23.51
61.11,22.56
61.81,22.53
62.50,22.11
63.19,21.41
63.89,20.04
64.58,20.00
65.28,20.09
65.97,20.13
66.67,20.30
67.36,20.00
68.06,20.08
68.75,19.41
69.44,19.42
70.14,19.50
70.83,19.47
71.53,19.22
72.22,18.41
72.92,17.30
73.61,16.43
74.31,16.54
75.00,16.17
75.69,15.66
76.39,15.69
77.08,15.74
77.78,15.75
78.47,15.85
79.17,15.83
79.86,15.67
80.56,15.76
81.25,15.62
81.94,15.51
82.64,15.35
83.33,15.38
84.03,15.39
84.72,15.50
85.42,15.41
86.11,15.37
86.81,15.30
87.50,15.07
88.19,14.87
88.89,14.63
89.58,14.54
90.28,14.64
90.97,14.41
91.67,14.47
Tabela,2436.95
Revocação,Precisão
0.00,50.00
10.00,33.33
20.00,29.29
30.00,29.14
40.00,28.43
50.00,25.09
60.00,23.51
70.00,19.50
80.00,15.76
90.00,14.64
100.00,0.00



Consulta Num,63

Pontos
Revocação,Precisão
2.56,33.33
5.13,33.33
7.69,42.86
10.26,21.05
12.82,19.23
15.38,15.00
17.95,16.28
20.51,17.39
23.08,18.75
25.64,12.05
28.21,11.46
30.77,10.62
33.33,6.70
35.90,7.07
38.46,6.28
41.03,6.08
43.59,6.09
46.15,6.41
48.72,5.64
51.28,4.78
53.85,4.90
56.41,4.80
58.97,4.94
Tabela,765.98
Revocação,Precisão
0.00,33.33
10.00,21.05
20.00,17.39
30.00,10.62
40.00,6.08
50.00,4.78
60.00,0.00
70.00,0.00
80.00,0.00
90.00,0.00
100.00,0.00



Consulta Num,64

Pontos
Revocação,Precisão
2.00,16.67
4.00,18.18
6.00,23.08
8.00,28.57
10.00,25.00
12.00,27.27
14.00,28.00
16.00,30.77
18.00,30.00
20.00,19.23
22.00,20.00
24.00,20.69
26.00,20.31
28.00,18.92
30.00,18.29
32.00,17.58
34.00,18.28
36.00,18.37
38.00,15.57
40.00,15.75
42.00,15.11
44.00,13.17
46.00,12.64
48.00,12.57
50.00,12.50
52.00,12.75
54.00,11.16
56.00,8.38
58.00,8.01
60.00,7.37
62.00,7.52
64.00,6.84
66.00,7.02
68.00,7.16
70.00,7.23
72.00,7.32
74.00,7.06
76.00,7.10
78.00,6.55
80.00,6.56
82.00,6.71
84.00,6.26
86.00,5.67
88.00,5.64
90.00,5.65
92.00,5.53
Tabela,1259.18
Revocação,Precisão
0.00,16.67
10.00,25.00
20.00,19.23
30.00,18.29
40.00,15.75
50.00,12.50
60.00,7.37
70.00,7.23
80.00,6.56
90.00,5.65
100.00,0.00



Consulta Num,65

Pontos
Revocação,Precisão
1.06,50.00
2.13,50.00
3.19,50.00
4.26,57.14
5.32,62.50
6.38,66.67
7.45,53.85
8.51,57.14
9.57,60.00
10.64,62.50
11.70,52.38
12.77,54.55
13.83,48.15
14.89,50.00
15.96,51.72
17.02,48.48
18.09,50.00
19.15,48.65
20.21,50.00
21.28,50.00
22.34,51.22
23.40,46.81
24.47,47.92
25.53,47.06
26.60,45.45
27.66,44.83
28.72,45.00
29.79,45.16
30.85,38.67
31.91,37.97
32.98,37.80
34.04,36.78
35.11,36.67
36.17,37.36
37.23,38.04
38.30,33.64
39.36,30.33
40.43,29.01
41.49,28.89
42.55,29.41
43.62,24.55
44.68,25.00
45.74,25.29
46.81,21.89
47.87,21.84
48.94,21.40
50.00,21.66
51.06,21.33
52.13,20.59
53.19,20.75
54.26,20.73
55.32,19.85
56.38,20.00
57.45,19.01
58.51,18.90
59.57,18.54
60.64,17.81
61.70,18.01
62.77,16.71
63.83,16.95
64.89,15.97
65.96,15.66
67.02,15.29
68.09,14.51
69.15,14.61
70.21,14.07
71.28,14.08
72.34,14.05
73.40,14.11
74.47,14.03
75.53,13.55
76.60,13.21
77.66,13.13
78.72,12.74
79.79,12.34
80.85,12.36
81.91,12.34
82.98,12.24
84.04,12.27
85.11,12.33
86.17,12.29
87.23,12.42
88.30,12.43
89.36,12.56
90.43,12.56
91.49,12.50
92.55,12.54
Tabela,2833.06
Revocação,Precisão
0.00,50.00
10.00,62.50
20.00,50.00
30.00,38.67
40.00,29.01
50.00,21.33
60.00,17.81
70.00,14.07
80.00,12.36
90.00,12.56
100.00,0.00



Consulta Num,66

Pontos
Revocação,Precisão
1.59,25.00
3.17,33.33
4.76,37.50
6.35,44.44
7.94,38.46
9.52,42.86
11.11,46.67
12.70,40.00
14.29,37.50
15.87,35.71
17.46,35.48
19.05,37.50
20.63,37.14
22.22,37.84
23.81,34.09
25.40,23.88
26.98,19.77
28.57,20.00
30.16,19.19
31.75,18.87
33.33,14.69
34.92,14.97
36.51,15.03
38.10,13.41
39.68,12.82
41.27,13.20
42.86,12.92
44.44,12.44
46.03,12.03
47.62,12.35
49.21,12.65
50.79,12.70
52.38,12.64
53.97,12.45
55.56,12.68
57.14,12.29
58.73,12.29
60.32,11.62
61.90,11.57
63.49,11.83
65.08,10.65
66.67,10.24
68.25,9.45
69.84,9.38
71.43,8.38
73.02,7.69
74.60,7.57
76.19,7.43
77.78,7.42
79.37,7.03
80.95,6.98
82.54,6.51
84.13,6.53
85.71,6.64
87.30,6.56
88.89,6.61
Tabela,1683.75
Revocação,Precisão
0.00,25.00
10.00,46.67
20.00,37.14
30.00,19.19
40.00,13.20
50.00,12.70
60.00,11.62
70.00,8.38
80.00,6.98
90.00,0.00
100.00,0.00



Consulta Num,67

Pontos
Revocação,Precisão
7.14,50.00
14.29,25.00
21.43,13.04
28.57,14.81
35.71,12.50
42.86,11.76
50.00,6.93
57.14,7.41
64.29,2.98
71.43,2.01
78.57,1.81
85.71,1.86
92.86,1.81
100.00,1.63
Tabela,1037.11
Revocação,Precisão
0.00,50.00
10.00,25.00
20.00,13.04
30.00,12.50
40.00,11.76
50.00,6.93
60.00,2.98
70.00,2.01
80.00,1.86
90.00,1.81
100.00,1.63



Consulta Num,68

Pontos
Revocação,Precisão
2.22,100.00
4.44,100.00
6.67,100.00
8.89,66.67
11.11,29.41
13.33,26.09
15.56,28.00
17.78,21.62
20.00,19.57
22.22,21.28
24.44,17.74
26.67,19.05
28.89,14.77
31.11,14.89
33.33,12.00
35.56,12.50
37.78,12.41
40.00,11.18
42.22,9.41
44.44,9.48
46.67,6.14
48.89,5.24
51.11,5.46
53.33,5.65
55.56,5.34
57.78,5.54
60.00,5.56
62.22,5.61
64.44,5.77
66.67,5.95
Tabela,1360.62
Revocação,Precisão
0.00,100.00
10.00,29.41
20.00,21.28
30.00,14.89
40.00,9.41
50.00,5.46
60.00,5.61
70.00,0.00
80.00,0.00
90.00,0.00
100.00,0.00



Consulta Num,69

Pontos
Revocação,Precisão
6.67,100.00
13.33,100.00
20.00,100.00
26.67,80.00
33.33,31.25
40.00,14.29
46.67,2.55
53.33,2.34
60.00,1.97
66.67,2.16
Tabela,3000.35
Revocação,Precisão
0.00,100.00
10.00,100.00
20.00,100.00
30.00,31.25
40.00,14.29
50.00,2.34
60.00,2.16
70.00,0.00
80.00,0.00
90.00,0.00
100.00,0.00



Consulta Num,70

Pontos
Revocação,Precisão
5.88,100.00
11.76,100.00
17.65,100.00
23.53,80.00
29.41,83.33
35.29,50.00
41.18,41.18
47.06,40.00
52.94,29.03
58.82,17.86
64.71,18.33
70.59,19.67
76.47,16.88
82.35,12.84
88.24,10.71
94.12,3.87
Tabela,4049.32
Revocação,Precisão
0.00,100.00
10.00,100.00
20.00,80.00
30.00,50.00
40.00,41.18
50.00,29.03
60.00,18.33
70.00,19.67
80.00,12.84
90.00,3.87
100.00,0.00



Consulta Num,71

Pontos
Revocação,Precisão
16.67,100.00
33.33,100.00
50.00,15.00
66.67,5.13
83.33,0.82
100.00,0.65
Tabela,3877.52
Revocação,Precisão
0.00,100.00
10.00,100.00
20.00,100.00
30.00,100.00
40.00,15.00
50.00,15.00
60.00,5.13
70.00,0.82
80.00,0.82
90.00,0.65
100.00,0.65



Consulta Num,72

Pontos
Revocação,Precisão
7.69,50.00
15.38,66.67
23.08,75.00
30.77,80.00
38.46,71.43
46.15,60.00
53.85,41.18
61.54,21.62
69.23,13.24
76.92,4.41
84.62,3.34
92.31,2.91
100.00,3.00
Tabela,3816.20
Revocação,Precisão
0.00,50.00
10.00,66.67
20.00,75.00
30.00,80.00
40.00,60.00
50.00,41.18
60.00,21.62
70.00,4.41
80.00,3.34
90.00,2.91
100.00,3.00



Consulta Num,73

Pontos
Revocação,Precisão
5.56,100.00
11.11,100.00
16.67,50.00
22.22,57.14
27.78,45.45
33.33,23.08
38.89,19.44
44.44,19.05
50.00,9.00
55.56,8.00
61.11,8.59
66.67,7.50
72.22,7.47
77.78,3.80
83.33,2.78
Tabela,2771.10
Revocação,Precisão
0.00,100.00
10.00,100.00
20.00,57.14
30.00,23.08
40.00,19.05
50.00,9.00
60.00,8.59
70.00,7.47
80.00,2.78
90.00,0.00
100.00,0.00



Consulta Num,74

Pontos
Revocação,Precisão
14.29,100.00
28.57,100.00
42.86,9.68
57.14,1.42
71.43,1.00
85.71,1.10
100.00,1.06
Tabela,2754.85
Revocação,Precisão
0.00,100.00
10.00,100.00
20.00,100.00
30.00,9.68
40.00,9.68
50.00,1.42
60.00,1.00
70.00,1.00
80.00,1.10
90.00,1.06
100.00,1.06



Consulta Num,75

Pontos
Revocação,Precisão
4.76,100.00
9.52,66.67
14.29,50.00
19.05,57.14
23.81,62.50
28.57,66.67
33.33,70.00
38.10,66.67
42.86,69.23
47.62,52.63
52.38,40.74
57.14,20.69
61.90,12.38
66.67,12.73
71.43,7.28
76.19,3.80
80.95,3.96
85.71,3.79
90.48,3.35
95.24,3.23
Tabela,3694.48
Revocação,Precisão
0.00,100.00
10.00,50.00
20.00,62.50
30.00,70.00
40.00,69.23
50.00,40.74
60.00,12.38
70.00,7.28
80.00,3.96
90.00,3.35
100.00,0.00



Consulta Num,76

Pontos
Revocação,Precisão
5.88,100.00
11.76,100.00
17.65,37.50
23.53,36.36
29.41,18.52
35.29,18.75
41.18,9.09
47.06,8.08
52.94,2.16
58.82,2.36
64.71,1.65
70.59,1.77
Tabela,2197.89
Revocação,Precisão
0.00,100.00
10.00,100.00
20.00,36.36
30.00,18.75
40.00,9.09
50.00,2.16
60.00,1.65
70.00,1.77
80.00,0.00
90.00,0.00
100.00,0.00



Consulta Num,77

Pontos
Revocação,Precisão
1.22,100.00
2.44,16.67
3.66,16.67
4.88,20.00
6.10,20.83
7.32,9.09
8.54,9.86
9.76,9.20
10.98,9.68
12.20,10.00
13.41,10.38
14.63,11.21
15.85,11.11
17.07,11.29
18.29,9.20
19.51,8.56
20.73,8.10
21.95,8.45
23.17,8.80
24.39,8.37
25.61,8.47
26.83,8.56
28.05,8.78
29.27,9.06
30.49,9.19
31.71,8.90
32.93,8.31
34.15,8.02
35.37,7.90
36.59,8.15
37.80,8.38
39.02,8.49
40.24,8.62
41.46,8.74
42.68,8.77
43.90,8.82
45.12,8.96
46.34,8.39
47.56,8.55
48.78,8.75
50.00,8.87
51.22,8.96
52.44,8.98
53.66,9.03
54.88,9.22
56.10,9.33
57.32,9.38
58.54,9.45
59.76,8.69
60.98,8.80
62.20,8.85
63.41,9.00
64.63,9.04
65.85,8.63
67.07,8.04
68.29,8.16
69.51,8.27
70.73,8.41
71.95,8.54
73.17,8.43
74.39,8.53
75.61,8.59
76.83,8.38
78.05,8.16
79.27,8.26
80.49,8.32
81.71,8.33
82.93,8.43
84.15,8.35
Tabela,1200.67
Revocação,Precisão
0.00,100.00
10.00,9.68
20.00,8.10
30.00,9.19
40.00,8.62
50.00,8.96
60.00,8.80
70.00,8.41
80.00,8.32
90.00,0.00
100.00,0.00



Consulta Num,78

Pontos
Revocação,Precisão
1.30,100.00
2.60,100.00
3.90,50.00
5.19,57.14
6.49,41.67
7.79,46.15
9.09,35.00
10.39,34.78
11.69,33.33
12.99,34.48
14.29,35.48
15.58,35.29
16.88,35.14
18.18,35.90
19.48,36.59
20.78,30.77
22.08,25.76
23.38,23.38
24.68,23.75
25.97,22.47
27.27,20.59
28.57,20.18
29.87,19.66
31.17,19.35
32.47,19.08
33.77,19.55
35.06,19.85
36.36,20.00
37.66,19.33
38.96,18.29
40.26,18.45
41.56,18.60
42.86,18.97
44.16,18.18
45.45,18.13
46.75,18.56
48.05,17.70
49.35,17.67
50.65,17.33
51.95,16.88
53.25,16.94
54.55,15.33
55.84,15.30
57.14,15.38
58.44,15.41
59.74,15.18
61.04,15.21
62.34,15.48
63.64,15.41
64.94,15.38
66.23,15.09
67.53,15.07
68.83,13.32
70.13,13.20
71.43,12.97
72.73,12.93
74.03,13.01
75.32,12.69
76.62,12.61
77.92,12.61
79.22,12.15
80.52,11.15
81.82,10.68
83.12,10.65
84.42,10.55
85.71,10.20
87.01,9.84
88.31,9.88
89.61,9.65
90.91,9.66
92.21,8.07
93.51,7.73
94.81,7.77
96.10,7.82
97.40,7.58
98.70,7.25
100.00,6.94
Tabela,2233.80
Revocação,Precisão
0.00,100.00
10.00,34.78
20.00,30.77
30.00,19.35
40.00,18.45
50.00,17.33
60.00,15.21
70.00,13.20
80.00,11.15
90.00,9.66
100.00,6.94



Consulta Num,79

Pontos
Revocação,Precisão
2.33,100.00
4.65,50.00
6.98,50.00
9.30,57.14
11.63,45.45
13.95,50.00
16.28,43.75
18.60,44.44
20.93,33.33
23.26,31.25
25.58,32.35
27.91,27.27
30.23,24.53
32.56,20.59
34.88,21.13
37.21,19.51
39.53,20.00
41.86,17.82
44.19,17.12
46.51,16.67
48.84,13.73
51.16,14.10
53.49,11.17
55.81,10.71
58.14,9.54
60.47,7.98
62.79,7.14
65.12,7.39
67.44,7.63
69.77,7.65
72.09,7.43
74.42,5.78
76.74,5.63
Tabela,2006.50
Revocação,Precisão
0.00,100.00
10.00,45.45
20.00,33.33
30.00,24.53
40.00,17.82
50.00,14.10
60.00,7.98
70.00,7.43
80.00,0.00
90.00,0.00
100.00,0.00



Consulta Num,80

Pontos
Revocação,Precisão
2.94,100.00
5.88,66.67
8.82,75.00
11.76,80.00
14.71,62.50
17.65,66.67
20.59,63.64
23.53,66.67
26.47,69.23
29.41,55.56
32.35,57.89
35.29,60.00
38.24,61.90
41.18,60.87
44.12,31.91
47.06,31.37
50.00,26.98
52.94,27.69
55.88,27.14
58.82,25.64
61.76,25.93
64.71,15.94
67.65,15.13
70.59,12.50
73.53,12.08
76.47,10.79
79.41,10.38
82.35,5.42
85.29,5.01
Tabela,3839.35
Revocação,Precisão
0.00,100.00
10.00,80.00
20.00,63.64
30.00,57.89
40.00,60.87
50.00,27.69
60.00,25.93
70.00,12.50
80.00,5.42
90.00,0.00
100.00,0.00



Consulta Num,81

Pontos
Revocação,Precisão
3.57,100.00
7.14,100.00
10.71,100.00
14.29,100.00
17.86,100.00
21.43,54.55
25.00,53.85
28.57,57.14
32.14,39.13
35.71,41.67
39.29,12.94
42.86,11.11
46.43,9.63
50.00,9.03
53.57,7.04
57.14,5.44
60.71,4.50
64.29,4.70
67.86,3.88
71.43,3.63
75.00,3.77
78.57,3.69
Tabela,2699.56
Revocação,Precisão
0.00,100.00
10.00,100.00
20.00,54.55
30.00,39.13
40.00,11.11
50.00,7.04
60.00,4.50
70.00,3.63
80.00,0.00
90.00,0.00
100.00,0.00



Consulta Num,82

Pontos
Revocação,Precisão
1.61,100.00
3.23,100.00
4.84,60.00
6.45,57.14
8.06,62.50
9.68,54.55
11.29,58.33
12.90,50.00
14.52,36.00
16.13,38.46
17.74,33.33
19.35,34.29
20.97,36.11
22.58,37.84
24.19,35.71
25.81,29.63
27.42,29.82
29.03,29.51
30.65,27.54
32.26,28.57
33.87,29.58
35.48,30.56
37.10,30.67
38.71,30.38
40.32,28.74
41.94,27.66
43.55,24.55
45.16,24.78
46.77,20.00
48.39,19.48
50.00,18.13
51.61,18.60
53.23,19.08
54.84,18.78
56.45,18.52
58.06,16.74
59.68,17.13
61.29,17.12
62.90,14.61
64.52,14.23
66.13,13.85
67.74,13.59
69.35,13.65
70.97,13.66
72.58,13.51
74.19,13.57
75.81,13.39
77.42,12.83
79.03,12.73
80.65,11.39
82.26,10.69
83.87,10.26
85.48,10.19
87.10,10.23
88.71,9.73
90.32,9.36
91.94,8.04
93.55,7.98
95.16,7.77
Tabela,2708.57
Revocação,Precisão
0.00,100.00
10.00,58.33
20.00,36.11
30.00,27.54
40.00,28.74
50.00,18.60
60.00,17.12
70.00,13.66
80.00,11.39
90.00,9.36
100.00,0.00



Consulta Num,83

Pontos
Revocação,Precisão
3.13,50.00
6.25,66.67
9.38,60.00
12.50,66.67
15.63,50.00
18.75,54.55
21.88,50.00
25.00,44.44
28.13,45.00
31.25,43.48
34.38,42.31
37.50,44.44
40.63,35.14
43.75,25.93
46.88,23.44
50.00,20.00
53.13,16.35
56.25,15.00
59.38,15.70
62.50,13.51
65.63,8.14
68.75,8.40
71.88,7.90
75.00,7.38
78.13,7.49
81.25,7.16
84.38,7.26
87.50,5.17
90.63,4.83
93.75,4.85
Tabela,2736.93
Revocação,Precisão
0.00,50.00
10.00,66.67
20.00,50.00
30.00,43.48
40.00,35.14
50.00,20.00
60.00,13.51
70.00,7.90
80.00,7.16
90.00,4.83
100.00,0.00



Consulta Num,84

Pontos
Revocação,Precisão
6.25,50.00
12.50,50.00
18.75,50.00
25.00,57.14
31.25,55.56
37.50,60.00
43.75,50.00
50.00,38.10
56.25,31.03
62.50,32.26
68.75,32.35
75.00,28.57
81.25,2.47
Tabela,3390.95
Revocação,Precisão
0.00,50.00
10.00,50.00
20.00,57.14
30.00,55.56
40.00,50.00
50.00,38.10
60.00,32.26
70.00,28.57
80.00,2.47
90.00,0.00
100.00,0.00



Consulta Num,85

Pontos
Revocação,Precisão
3.23,50.00
6.45,22.22
9.68,18.75
12.90,23.53
16.13,19.23
19.35,14.29
22.58,13.46
25.81,10.39
29.03,11.39
32.26,10.87
35.48,10.58
38.71,11.32
41.94,11.61
45.16,8.54
48.39,8.77
51.61,8.84
54.84,8.06
58.06,6.47
61.29,4.22
64.52,4.35
67.74,4.52
70.97,4.48
74.19,3.67
77.42,3.80
80.65,3.22
83.87,3.25
87.10,3.01
90.32,2.68
93.55,2.66
Tabela,1079.10
Revocação,Precisão
0.00,50.00
10.00,23.53
20.00,13.46
30.00,10.87
40.00,11.61
50.00,8.84
60.00,4.22
70.00,4.48
80.00,3.22
90.00,2.68
100.00,0.00



Consulta Num,86

Pontos
Revocação,Precisão
2.13,25.00
4.26,40.00
6.38,50.00
8.51,50.00
10.64,45.45
12.77,35.29
14.89,36.84
17.02,36.36
19.15,39.13
21.28,38.46
23.40,39.29
25.53,37.50
27.66,31.71
29.79,30.43
31.91,31.91
34.04,32.65
36.17,32.69
38.30,33.33
40.43,30.16
42.55,30.30
44.68,29.17
46.81,30.14
48.94,28.75
51.06,25.53
53.19,25.77
55.32,26.53
57.45,24.77
59.57,23.53
61.70,23.77
63.83,23.81
65.96,20.00
68.09,18.82
70.21,17.65
72.34,16.92
74.47,13.73
76.60,13.19
78.72,11.67
80.85,10.76
82.98,11.02
85.11,11.08
87.23,10.93
89.36,10.66
91.49,10.29
93.62,9.61
95.74,6.43
Tabela,2464.91
Revocação,Precisão
0.00,25.00
10.00,45.45
20.00,38.46
30.00,31.91
40.00,30.16
50.00,25.53
60.00,23.77
70.00,17.65
80.00,10.76
90.00,10.29
100.00,0.00



Consulta Num,87

Pontos
Revocação,Precisão
2.63,16.67
5.26,20.00
7.89,21.43
10.53,25.00
13.16,23.81
15.79,18.75
18.42,16.28
21.05,18.18
23.68,10.59
26.32,10.00
28.95,9.82
31.58,9.02
34.21,7.78
36.84,8.05
39.47,8.15
42.11,7.41
44.74,7.33
47.37,7.23
50.00,7.36
52.63,7.27
55.26,7.50
57.89,7.17
60.53,6.87
63.16,6.42
65.79,4.73
68.42,4.59
71.05,4.66
73.68,4.55
76.32,4.56
78.95,4.67
81.58,3.96
84.21,4.08
86.84,4.05
Tabela,907.97
Revocação,Precisão
0.00,16.67
10.00,25.00
20.00,18.18
30.00,9.02
40.00,7.41
50.00,7.36
60.00,6.87
70.00,4.66
80.00,3.96
90.00,0.00
100.00,0.00



Consulta Num,88

Pontos
Revocação,Precisão
7.14,100.00
14.29,100.00
21.43,50.00
28.57,14.81
35.71,13.89
42.86,10.17
50.00,11.11
57.14,11.11
64.29,5.39
71.43,3.66
78.57,2.97
85.71,2.63
92.86,1.88
100.00,1.80
Tabela,2496.34
Revocação,Precisão
0.00,100.00
10.00,100.00
20.00,50.00
30.00,13.89
40.00,10.17
50.00,11.11
60.00,5.39
70.00,3.66
80.00,2.63
90.00,1.88
100.00,1.80



Consulta Num,89

Pontos
Revocação,Precisão
5.88,100.00
11.76,66.67
17.65,75.00
23.53,66.67
29.41,62.50
35.29,54.55
41.18,58.33
47.06,47.06
52.94,50.00
58.82,41.67
64.71,26.83
70.59,21.43
76.47,22.41
82.35,19.44
88.24,3.45
94.12,2.49
100.00,2.62
Tabela,4177.14
Revocação,Precisão
0.00,100.00
10.00,66.67
20.00,66.67
30.00,54.55
40.00,58.33
50.00,50.00
60.00,26.83
70.00,21.43
80.00,19.44
90.00,2.49
100.00,2.62



Consulta Num,90

Pontos
Revocação,Precisão
3.57,100.00
7.14,100.00
10.71,100.00
14.29,100.00
17.86,100.00
21.43,100.00
25.00,100.00
28.57,100.00
32.14,100.00
35.71,100.00
39.29,100.00
42.86,100.00
46.43,81.25
50.00,73.68
53.57,60.00
57.14,51.61
60.71,41.46
64.29,35.29
67.86,34.55
71.43,35.71
75.00,36.84
78.57,30.99
82.14,30.26
85.71,26.67
89.29,11.74
92.86,9.67
96.43,3.92
Tabela,6271.06
Revocação,Precisão
0.00,100.00
10.00,100.00
20.00,100.00
30.00,100.00
40.00,100.00
50.00,60.00
60.00,41.46
70.00,35.71
80.00,30.26
90.00,9.67
100.00,0.00



Consulta Num,91

Pontos
Revocação,Precisão
0.33,100.00
0.66,66.67
0.99,75.00
1.32,50.00
1.64,45.45
1.97,50.00
2.30,53.85
2.63,57.14
2.96,60.00
3.29,62.50
3.62,57.89
3.95,60.00
4.28,59.09
4.61,60.87
4.93,51.72
5.26,51.61
5.59,50.00
5.92,46.15
6.25,46.34
6.58,41.67
6.91,42.00
7.24,43.14
7.57,44.23
7.89,35.29
8.22,35.71
8.55,36.11
8.88,35.06
9.21,32.94
9.54,30.21
9.87,30.93
10.20,30.69
10.53,31.37
10.86,31.43
11.18,32.08
11.51,30.70
11.84,30.51
12.17,29.84
12.50,30.16
12.83,30.71
13.16,31.25
13.49,31.54
13.82,32.06
14.14,31.39
14.47,31.88
14.80,30.00
15.13,30.26
15.46,30.52
15.79,30.38
16.12,30.43
16.45,30.67
16.78,29.48
17.11,29.89
17.43,28.34
17.76,27.84
18.09,27.92
18.42,28.00
18.75,27.40
19.08,27.10
19.41,27.19
19.74,27.52
20.07,26.29
20.39,26.61
20.72,26.81
21.05,26.89
21.38,27.20
21.71,27.27
22.04,27.24
22.37,27.31
22.70,27.38
23.03,27.67
23.36,27.73
23.68,26.28
24.01,26.35
24.34,26.52
24.67,26.69
25.00,26.86
25.33,26.83
25.66,26.99
25.99,27.05
26.32,27.21
26.64,27.00
26.97,26.97
27.30,26.95
27.63,27.10
27.96,27.33
28.29,27.56
28.62,27.53
28.95,27.67
29.28,27.55
29.61,27.44
29.93,27.58
30.26,27.79
30.59,27.68
30.92,27.65
31.25,27.86
31.58,27.91
31.91,28.03
32.24,28.16
32.57,28.29
32.89,28.09
33.22,27.52
33.55,27.49
33.88,27.47
34.21,27.44
34.54,27.49
34.87,27.53
35.20,27.37
35.53,27.55
35.86,27.74
36.18,27.92
36.51,27.96
36.84,28.07
37.17,28.04
37.50,28.22
37.83,27.98
38.16,28.16
38.49,27.66
38.82,27.83
39.14,27.61
39.47,26.49
39.80,26.59
40.13,26.75
40.46,26.91
40.79,27.02
41.12,27.11
41.45,27.04
41.78,26.85
42.11,26.72
42.43,26.43
42.76,26.58
43.09,26.68
43.42,26.67
43.75,26.76
44.08,26.64
44.41,26.21
44.74,26.31
45.07,26.35
45.39,26.39
45.72,26.33
46.05,26.42
46.38,26.50
46.71,26.54
47.04,26.68
47.37,26.67
47.70,26.70
48.03,26.79
48.36,26.68
48.68,26.81
49.01,26.75
49.34,26.74
49.67,26.82
50.00,26.39
50.33,26.47
50.66,26.51
50.99,26.59
51.32,26.58
51.64,26.04
51.97,26.12
52.30,25.77
52.63,25.76
52.96,25.76
53.29,25.88
53.62,25.91
53.95,25.91
54.28,25.82
54.61,25.90
54.93,25.89
55.26,26.01
55.59,26.08
55.92,25.91
56.25,25.99
56.58,26.06
56.91,26.17
57.24,26.13
57.57,26.00
57.89,26.11
58.22,25.99
58.55,26.06
58.88,25.72
59.21,25.60
59.54,25.71
59.87,25.67
60.20,25.52
60.53,25.24
60.86,25.34
61.18,25.17
61.51,25.20
61.84,24.90
62.17,24.90
62.50,24.93
62.83,24.97
63.16,25.07
63.49,25.16
63.82,25.26
64.14,25.26
64.47,25.19
64.80,25.03
65.13,25.00
65.46,25.06
65.79,24.97
66.12,25.06
66.45,25.03
66.78,24.67
67.11,24.70
67.43,24.79
67.76,24.52
68.09,24.56
68.42,24.38
68.75,24.44
69.08,24.36
69.41,24.45
69.74,24.48
70.07,24.57
70.39,24.60
70.72,24.68
71.05,24.69
71.38,24.74
71.71,24.83
72.04,24.89
72.37,24.97
72.70,25.00
73.03,25.00
73.36,24.81
73.68,24.89
74.01,24.97
74.34,24.94
74.67,24.89
75.00,24.95
75.33,25.03
75.66,24.92
75.99,24.97
76.32,24.84
76.64,24.89
76.97,24.92
77.30,24.74
77.63,24.66
77.96,24.69
78.29,24.74
78.62,24.82
78.95,24.87
79.28,24.92
79.61,24.92
79.93,24.92
80.26,25.00
80.59,25.05
80.92,25.05
81.25,25.13
81.58,24.95
81.91,25.00
82.24,25.03
82.57,25.07
82.89,24.90
83.22,24.95
83.55,24.95
83.88,24.81
84.21,24.88
84.54,24.83
84.87,24.90
85.20,24.88
85.53,24.83
85.86,24.65
86.18,24.69
86.51,24.65
86.84,24.70
87.17,24.74
87.50,24.81
87.83,24.84
88.16,24.88
88.49,24.88
88.82,24.95
89.14,25.02
89.47,25.07
89.80,24.93
90.13,24.98
90.46,25.00
90.79,25.00
91.12,24.87
91.45,24.84
91.78,24.84
92.11,24.80
92.43,24.87
92.76,24.91
93.09,24.82
93.42,24.76
93.75,24.80
94.08,24.87
94.41,24.91
94.74,24.85
95.07,24.89
95.39,24.94
95.72,24.89
96.05,24.96
96.38,24.73
96.71,24.56
97.04,24.60
97.37,24.65
97.70,24.63
98.03,24.63
98.36,24.51
98.68,24.57
99.01,24.57
99.34,24.63
99.67,24.69
100.00,24.60
Tabela,3002.89
Revocação,Precisão
0.00,100.00
10.00,30.69
20.00,26.29
30.00,27.79
40.00,26.75
50.00,26.39
60.00,25.52
70.00,24.57
80.00,25.00
90.00,24.98
100.00,24.60



Consulta Num,92

Pontos
Revocação,Precisão
0.93,50.00
1.85,66.67
2.78,60.00
3.70,66.67
4.63,55.56
5.56,50.00
6.48,46.67
7.41,50.00
8.33,37.50
9.26,40.00
10.19,42.31
11.11,44.44
12.04,46.43
12.96,46.67
13.89,48.39
14.81,50.00
15.74,51.52
16.67,51.43
17.59,48.72
18.52,48.78
19.44,50.00
20.37,47.83
21.30,47.92
22.22,48.00
23.15,48.08
24.07,48.15
25.00,49.09
25.93,50.00
26.85,50.88
27.78,51.72
28.70,52.54
29.63,50.79
30.56,50.77
31.48,50.75
32.41,50.72
33.33,50.70
34.26,48.68
35.19,49.35
36.11,50.00
37.04,50.00
37.96,50.62
38.89,51.22
39.81,50.00
40.74,50.00
41.67,50.00
42.59,50.00
43.52,50.54
44.44,46.60
45.37,47.12
46.30,41.67
47.22,35.92
48.15,35.62
49.07,33.33
50.00,32.14
50.93,26.83
51.85,26.17
52.78,26.03
53.70,23.97
54.63,23.05
55.56,23.26
56.48,20.13
57.41,20.26
58.33,19.57
59.26,19.81
60.19,19.40
61.11,19.30
62.04,19.53
62.96,19.65
63.89,19.01
64.81,18.87
65.74,18.73
66.67,18.75
67.59,18.86
68.52,17.92
69.44,17.01
70.37,15.05
71.30,15.07
72.22,14.26
73.15,14.29
74.07,13.16
75.00,13.02
75.93,12.95
76.85,13.07
77.78,12.86
78.70,12.80
79.63,12.34
80.56,11.68
81.48,11.78
82.41,11.73
83.33,11.84
84.26,11.93
85.19,11.86
86.11,11.83
Tabela,2888.63
Revocação,Precisão
0.00,50.00
10.00,42.31
20.00,47.83
30.00,50.77
40.00,50.00
50.00,26.83
60.00,19.40
70.00,15.05
80.00,11.68
90.00,0.00
100.00,0.00



Consulta Num,93

Pontos
Revocação,Precisão
5.56,0.92
11.11,1.79
16.67,2.19
22.22,2.41
27.78,1.42
33.33,1.55
38.89,1.39
44.44,1.51
50.00,1.55
55.56,1.59
61.11,1.75
66.67,1.83
72.22,1.76
77.78,1.85
83.33,1.94
88.89,1.98
Tabela,147.17
Revocação,Precisão
0.00,0.92
10.00,1.79
20.00,2.41
30.00,1.55
40.00,1.51
50.00,1.55
60.00,1.75
70.00,1.76
80.00,1.94
90.00,0.00
100.00,0.00



Consulta Num,94

Pontos
Revocação,Precisão
2.33,100.00
4.65,50.00
6.98,60.00
9.30,66.67
11.63,71.43
13.95,75.00
16.28,46.67
18.60,50.00
20.93,52.94
23.26,37.04
25.58,35.48
27.91,37.50
30.23,38.24
32.56,40.00
34.88,41.67
37.21,43.24
39.53,44.74
41.86,46.15
44.19,44.19
46.51,45.45
48.84,46.67
51.16,40.74
53.49,41.82
55.81,36.92
58.14,36.76
60.47,21.49
62.79,20.77
65.12,20.29
67.44,20.71
69.77,20.55
72.09,14.22
74.42,13.56
76.74,13.58
79.07,12.32
81.40,11.25
Tabela,3464.61
Revocação,Precisão
0.00,100.00
10.00,71.43
20.00,52.94
30.00,38.24
40.00,46.15
50.00,40.74
60.00,21.49
70.00,14.22
80.00,11.25
90.00,0.00
100.00,0.00



Consulta Num,95

Pontos
Revocação,Precisão
11.11,100.00
22.22,50.00
33.33,4.62
44.44,3.74
55.56,0.87
Tabela,2092.22
Revocação,Precisão
0.00,100.00
10.00,100.00
20.00,50.00
30.00,4.62
40.00,3.74
50.00,0.87
60.00,0.00
70.00,0.00
80.00,0.00
90.00,0.00
100.00,0.00



Consulta Num,96

Pontos
Revocação,Precisão
8.33,100.00
16.67,66.67
25.00,75.00
33.33,14.29
41.67,16.67
50.00,5.77
58.33,6.14
66.67,2.24
75.00,2.48
83.33,1.38
91.67,1.46
Tabela,2359.41
Revocação,Precisão
0.00,100.00
10.00,66.67
20.00,75.00
30.00,14.29
40.00,16.67
50.00,5.77
60.00,2.24
70.00,2.48
80.00,1.38
90.00,1.46
100.00,0.00



Consulta Num,97

Pontos
Revocação,Precisão
9.09,100.00
18.18,50.00
27.27,50.00
36.36,44.44
45.45,15.15
54.55,13.04
63.64,14.29
72.73,13.11
81.82,8.11
90.91,2.93
Tabela,2610.81
Revocação,Precisão
0.00,100.00
10.00,50.00
20.00,50.00
30.00,44.44
40.00,15.15
50.00,13.04
60.00,14.29
70.00,13.11
80.00,8.11
90.00,2.93
100.00,0.00



Consulta Num,98

Pontos
Revocação,Precisão
6.67,100.00
13.33,100.00
20.00,100.00
26.67,33.33
33.33,35.71
40.00,3.28
46.67,2.86
53.33,3.09
60.00,2.47
66.67,2.44
73.33,1.85
80.00,1.92
86.67,1.95
Tabela,2982.90
Revocação,Precisão
0.00,100.00
10.00,100.00
20.00,100.00
30.00,35.71
40.00,3.28
50.00,3.09
60.00,2.44
70.00,1.85
80.00,1.92
90.00,0.00
100.00,0.00



Consulta Num,99

Pontos
Revocação,Precisão
20.00,100.00
40.00,100.00
60.00,100.00
80.00,7.84
Tabela,6656.86
Revocação,Precisão
0.00,100.00
10.00,100.00
20.00,100.00
30.00,100.00
40.00,100.00
50.00,100.00
60.00,100.00
70.00,7.84
80.00,7.84
90.00,0.00
100.00,0.00



Consulta Num,100

Pontos
Revocação,Precisão
9.09,100.00
18.18,100.00
27.27,100.00
36.36,44.44
45.45,7.69
54.55,1.68
Tabela,3038.13
Revocação,Precisão
0.00,100.00
10.00,100.00
20.00,100.00
30.00,44.44
40.00,7.69
50.00,1.68
60.00,0.00
70.00,0.00
80.00,0.00
90.00,0.00
100.00,0.00
