Tabela Média,3087.34
Revocação,Precisão
0.00,83.39
10.00,67.96
20.00,56.66
30.00,42.37
40.00,32.64
50.00,25.25
60.00,17.90
70.00,12.38
80.00,7.97
90.00,3.52
100.00,0.79



Consulta Num,1

Pontos
Revocação,Precisão
2.94,100.00
5.88,22.22
8.82,30.00
11.76,36.36
14.71,41.67
17.65,46.15
20.59,50.00
23.53,42.11
26.47,45.00
29.41,33.33
32.35,34.38
35.29,34.29
38.24,35.14
41.18,35.90
44.12,33.33
47.06,34.04
50.00,29.31
52.94,30.00
55.88,24.36
58.82,20.00
61.76,16.41
64.71,15.17
67.65,13.86
70.59,13.79
73.53,13.51
76.47,10.83
79.41,11.11
82.35,9.66
85.29,6.12
88.24,3.51
91.18,3.45
Tabela,2799.43
Revocação,Precisão
0.00,100.00
10.00,36.36
20.00,50.00
30.00,34.38
40.00,35.90
50.00,30.00
60.00,16.41
70.00,13.79
80.00,9.66
90.00,3.45
100.00,0.00



Consulta Num,2

Pontos
Revocação,Precisão
14.29,50.00
28.57,11.11
42.86,7.32
57.14,1.34
71.43,1.07
85.71,1.03
Tabela,1052.60
Revocação,Precisão
0.00,50.00
10.00,50.00
20.00,11.11
30.00,7.32
40.00,7.32
50.00,1.34
60.00,1.07
70.00,1.07
80.00,1.03
90.00,0.00
100.00,0.00



Consulta Num,3

Pontos
Revocação,Precisão
2.33,100.00
4.65,66.67
6.98,75.00
9.30,40.00
11.63,21.74
13.95,23.08
16.28,25.00
18.60,25.00
20.93,25.71
23.26,25.64
25.58,26.19
27.91,24.00
30.23,16.25
32.56,16.09
34.88,15.00
37.21,15.09
39.53,14.66
41.86,13.95
44.19,12.34
46.51,11.24
48.84,10.71
51.16,11.11
53.49,9.47
55.81,8.33
58.14,7.55
60.47,7.76
62.79,7.92
65.12,7.95
67.44,7.65
69.77,7.11
72.09,7.06
74.42,6.23
76.74,5.39
79.07,5.41
81.40,4.95
83.72,5.04
86.05,4.87
88.37,4.76
90.70,4.50
93.02,4.31
95.35,4.31
Tabela,1630.39
Revocação,Precisão
0.00,100.00
10.00,21.74
20.00,25.71
30.00,16.25
40.00,13.95
50.00,11.11
60.00,7.76
70.00,7.06
80.00,4.95
90.00,4.50
100.00,0.00



Consulta Num,4

Pontos
Revocação,Precisão
11.11,100.00
22.22,50.00
33.33,27.27
44.44,18.18
55.56,20.83
66.67,6.90
77.78,6.09
88.89,2.33
Tabela,2816.04
Revocação,Precisão
0.00,100.00
10.00,100.00
20.00,50.00
30.00,27.27
40.00,18.18
50.00,20.83
60.00,6.90
70.00,6.09
80.00,2.33
90.00,0.00
100.00,0.00



Consulta Num,5

Pontos
Revocação,Precisão
0.76,100.00
1.53,100.00
2.29,100.00
3.05,100.00
3.82,83.33
4.58,85.71
5.34,77.78
6.11,80.00
6.87,81.82
7.63,76.92
8.40,78.57
9.16,75.00
9.92,76.47
10.69,77.78
11.45,78.95
12.21,80.00
12.98,77.27
13.74,78.26
14.50,79.17
15.27,68.97
16.03,63.64
16.79,64.71
17.56,62.16
18.32,61.54
19.08,62.50
19.85,60.47
20.61,61.36
21.37,60.87
22.14,60.42
22.90,61.22
23.66,59.62
24.43,60.38
25.19,54.10
25.95,53.97
26.72,54.69
27.48,50.70
28.24,50.68
29.01,50.67
29.77,47.56
30.53,45.45
31.30,41.41
32.06,40.38
32.82,37.39
33.59,37.29
34.35,37.82
35.11,37.10
35.88,37.30
36.64,35.29
37.40,35.51
38.17,35.71
38.93,33.33
39.69,33.77
40.46,33.33
41.22,31.76
41.98,28.65
42.75,28.72
43.51,28.79
44.27,28.16
45.04,28.50
45.80,28.30
46.56,27.73
47.33,25.41
48.09,25.30
Tabela,2679.29
Revocação,Precisão
0.00,100.00
10.00,77.78
20.00,61.36
30.00,45.45
40.00,33.33
50.00,0.00
60.00,0.00
70.00,0.00
80.00,0.00
90.00,0.00
100.00,0.00



Consulta Num,6

Pontos
Revocação,Precisão
4.17,100.00
8.33,100.00
12.50,60.00
16.67,57.14
20.83,55.56
25.00,42.86
29.17,41.18
33.33,44.44
37.50,37.50
41.67,17.86
45.83,18.97
50.00,20.34
54.17,19.12
58.33,14.74
62.50,13.76
66.67,13.11
70.83,8.95
75.00,7.38
79.17,7.04
83.33,7.04
87.50,5.83
91.67,2.53
95.83,2.55
Tabela,2792.58
Revocação,Precisão
0.00,100.00
10.00,60.00
20.00,55.56
30.00,44.44
40.00,17.86
50.00,19.12
60.00,13.76
70.00,8.95
80.00,7.04
90.00,2.53
100.00,0.00



Consulta Num,7

Pontos
Revocação,Precisão
3.57,100.00
7.14,66.67
10.71,75.00
14.29,66.67
17.86,71.43
21.43,46.15
25.00,14.00
28.57,13.56
32.14,11.39
35.71,10.31
39.29,5.19
42.86,5.24
46.43,5.39
50.00,5.45
53.57,3.96
57.14,3.96
60.71,4.11
64.29,3.17
67.86,3.33
71.43,3.43
75.00,3.41
78.57,3.00
82.14,2.88
85.71,2.42
Tabela,2021.56
Revocação,Precisão
0.00,100.00
10.00,75.00
20.00,46.15
30.00,11.39
40.00,5.24
50.00,3.96
60.00,4.11
70.00,3.43
80.00,2.88
90.00,0.00
100.00,0.00



Consulta Num,8

Pontos
Revocação,Precisão
4.55,25.00
9.09,1.71
13.64,1.58
18.18,2.02
22.73,2.45
27.27,1.68
31.82,1.77
36.36,1.92
40.91,1.92
45.45,2.05
50.00,2.08
54.55,2.22
59.09,2.29
63.64,2.30
68.18,2.38
72.73,2.44
Tabela,270.46
Revocação,Precisão
0.00,25.00
10.00,1.58
20.00,2.45
30.00,1.77
40.00,1.92
50.00,2.08
60.00,2.30
70.00,2.44
80.00,0.00
90.00,0.00
100.00,0.00



Consulta Num,9

Pontos
Revocação,Precisão
10.00,16.67
20.00,25.00
30.00,25.00
40.00,30.77
50.00,26.32
60.00,26.09
70.00,14.58
80.00,7.77
90.00,1.84
Tabela,1823.59
Revocação,Precisão
0.00,16.67
10.00,16.67
20.00,25.00
30.00,25.00
40.00,30.77
50.00,26.32
60.00,26.09
70.00,14.58
80.00,7.77
90.00,1.84
100.00,0.00



Consulta Num,10

Pontos
Revocação,Precisão
4.00,50.00
8.00,66.67
12.00,75.00
16.00,57.14
20.00,55.56
24.00,54.55
28.00,53.85
32.00,40.00
36.00,39.13
40.00,27.78
44.00,28.95
48.00,16.22
52.00,13.40
56.00,12.28
60.00,12.10
64.00,11.27
68.00,11.64
72.00,12.08
76.00,8.76
80.00,6.19
84.00,6.44
88.00,3.08
92.00,3.15
96.00,3.03
Tabela,2702.55
Revocação,Precisão
0.00,50.00
10.00,75.00
20.00,55.56
30.00,40.00
40.00,27.78
50.00,13.40
60.00,12.10
70.00,12.08
80.00,6.19
90.00,3.15
100.00,0.00



Consulta Num,11

Pontos
Revocação,Precisão
4.55,100.00
9.09,100.00
13.64,100.00
18.18,100.00
22.73,71.43
27.27,75.00
31.82,63.64
36.36,66.67
40.91,69.23
45.45,66.67
50.00,64.71
54.55,66.67
59.09,65.00
63.64,45.16
68.18,42.86
72.73,32.65
77.27,30.91
81.82,18.37
86.36,16.10
Tabela,5151.83
Revocação,Precisão
0.00,100.00
10.00,100.00
20.00,71.43
30.00,63.64
40.00,69.23
50.00,64.71
60.00,45.16
70.00,32.65
80.00,18.37
90.00,0.00
100.00,0.00



Consulta Num,12

Pontos
Revocação,Precisão
14.29,20.00
28.57,13.33
42.86,11.54
57.14,4.44
71.43,5.26
85.71,2.37
Tabela,837.53
Revocação,Precisão
0.00,20.00
10.00,20.00
20.00,13.33
30.00,11.54
40.00,11.54
50.00,4.44
60.00,5.26
70.00,5.26
80.00,2.37
90.00,0.00
100.00,0.00



Consulta Num,13

Pontos
Revocação,Precisão
4.17,14.29
8.33,22.22
12.50,30.00
16.67,36.36
20.83,41.67
25.00,35.29
29.17,22.58
33.33,24.24
37.50,25.00
41.67,20.41
45.83,20.75
50.00,16.22
54.17,16.67
58.33,16.87
62.50,12.50
66.67,12.50
70.83,9.09
75.00,7.44
79.17,7.22
83.33,6.97
87.50,4.83
91.67,4.14
Tabela,1728.29
Revocação,Precisão
0.00,14.29
10.00,30.00
20.00,41.67
30.00,24.24
40.00,20.41
50.00,16.67
60.00,12.50
70.00,9.09
80.00,6.97
90.00,4.14
100.00,0.00



Consulta Num,14

Pontos
Revocação,Precisão
1.82,100.00
3.64,50.00
5.45,60.00
7.27,66.67
9.09,71.43
10.91,60.00
12.73,53.85
14.55,57.14
16.36,45.00
18.18,47.62
20.00,47.83
21.82,41.38
23.64,40.63
25.45,42.42
27.27,44.12
29.09,23.88
30.91,25.00
32.73,20.22
34.55,19.79
36.36,20.00
38.18,20.19
40.00,20.37
41.82,18.40
43.64,17.39
45.45,16.67
47.27,17.11
49.09,16.67
50.91,16.97
52.73,16.86
54.55,16.76
56.36,15.82
58.18,16.16
60.00,14.29
61.82,13.65
63.64,13.51
65.45,13.28
67.27,12.85
69.09,12.62
70.91,12.70
72.73,12.46
74.55,11.88
76.36,10.99
78.18,10.54
80.00,9.02
81.82,7.92
83.64,7.85
85.45,5.93
87.27,5.64
89.09,5.31
90.91,5.17
92.73,5.21
94.55,5.05
96.36,5.00
Tabela,2518.26
Revocação,Precisão
0.00,100.00
10.00,60.00
20.00,41.38
30.00,25.00
40.00,18.40
50.00,16.97
60.00,14.29
70.00,12.70
80.00,7.92
90.00,5.17
100.00,0.00



Consulta Num,15

Pontos
Revocação,Precisão
0.96,100.00
1.92,100.00
2.88,100.00
3.85,100.00
4.81,100.00
5.77,66.67
6.73,63.64
7.69,61.54
8.65,64.29
9.62,66.67
10.58,68.75
11.54,63.16
12.50,59.09
13.46,51.85
14.42,53.57
15.38,48.48
16.35,50.00
17.31,51.43
18.27,45.24
19.23,42.55
20.19,38.89
21.15,38.60
22.12,38.98
23.08,40.00
24.04,40.98
25.00,40.00
25.96,40.30
26.92,41.18
27.88,38.67
28.85,37.97
29.81,34.83
30.77,32.00
31.73,29.73
32.69,30.36
33.65,30.43
34.62,28.57
35.58,28.24
36.54,24.05
37.50,20.53
38.46,18.26
39.42,18.14
40.38,18.34
41.35,17.34
42.31,16.42
43.27,16.36
44.23,15.92
45.19,16.21
46.15,16.27
47.12,13.61
48.08,13.74
49.04,13.18
Tabela,2079.80
Revocação,Precisão
0.00,100.00
10.00,68.75
20.00,38.89
30.00,32.00
40.00,18.34
50.00,0.00
60.00,0.00
70.00,0.00
80.00,0.00
90.00,0.00
100.00,0.00



Consulta Num,16

Pontos
Revocação,Precisão
0.56,100.00
1.11,100.00
1.67,75.00
2.22,80.00
2.78,71.43
3.33,75.00
3.89,70.00
4.44,66.67
5.00,64.29
5.56,58.82
6.11,61.11
6.67,60.00
7.22,61.90
7.78,63.64
8.33,62.50
8.89,59.26
9.44,56.67
10.00,52.94
10.56,52.78
11.11,54.05
11.67,52.50
12.22,53.66
12.78,43.40
13.33,43.64
13.89,44.64
14.44,45.61
15.00,45.76
15.56,44.44
16.11,45.31
16.67,44.78
17.22,45.59
17.78,45.71
18.33,45.83
18.89,39.53
19.44,40.23
20.00,40.45
20.56,39.36
21.11,39.58
21.67,40.21
22.22,40.40
22.78,39.42
23.33,40.00
23.89,39.45
24.44,35.20
25.00,35.16
25.56,35.11
26.11,35.34
26.67,34.04
27.22,33.56
27.78,34.01
28.33,33.77
28.89,34.21
29.44,34.64
30.00,34.84
30.56,35.03
31.11,35.00
31.67,35.40
32.22,34.94
32.78,35.33
33.33,34.88
33.89,35.06
34.44,32.46
35.00,32.31
35.56,32.16
36.11,32.50
36.67,32.84
37.22,33.00
37.78,32.69
38.33,32.39
38.89,32.11
39.44,32.42
40.00,31.03
40.56,31.20
41.11,30.58
41.67,30.86
42.22,31.15
42.78,31.43
43.33,30.71
43.89,30.74
44.44,30.89
45.00,31.03
45.56,31.30
46.11,30.40
46.67,29.27
47.22,28.91
47.78,28.96
48.33,29.10
48.89,28.57
49.44,28.80
50.00,28.57
50.56,28.26
51.11,27.71
51.67,27.51
52.22,27.65
52.78,27.86
53.33,26.82
53.89,26.58
54.44,26.63
55.00,26.83
55.56,26.88
56.11,26.86
56.67,26.49
57.22,26.68
57.78,26.26
58.33,26.25
58.89,26.30
59.44,26.49
60.00,26.67
60.56,26.46
61.11,26.32
61.67,26.30
62.22,25.34
62.78,25.28
63.33,25.39
63.89,25.50
64.44,25.55
65.00,25.49
65.56,25.27
66.11,24.74
66.67,24.84
67.22,23.31
67.78,22.34
68.33,22.24
68.89,22.34
69.44,21.74
70.00,21.54
70.56,21.42
71.11,21.44
71.67,21.36
72.22,21.28
72.78,21.34
73.33,21.09
73.89,20.75
74.44,20.71
75.00,20.21
75.56,20.27
76.11,19.97
76.67,20.06
77.22,20.14
77.78,20.00
78.33,20.00
78.89,19.64
Tabela,2858.77
Revocação,Precisão
0.00,100.00
10.00,52.78
20.00,40.45
30.00,34.84
40.00,31.03
50.00,28.57
60.00,26.67
70.00,21.54
80.00,0.00
90.00,0.00
100.00,0.00



Consulta Num,17

Pontos
Revocação,Precisão
1.82,100.00
3.64,100.00
5.45,75.00
7.27,80.00
9.09,83.33
10.91,50.00
12.73,46.67
14.55,50.00
16.36,39.13
18.18,41.67
20.00,32.35
21.82,32.43
23.64,34.21
25.45,18.92
27.27,19.74
29.09,20.51
30.91,20.73
32.73,20.22
34.55,16.10
36.36,15.27
38.18,13.29
40.00,11.96
41.82,12.17
43.64,11.94
45.45,12.20
47.27,12.32
49.09,12.44
50.91,12.56
52.73,11.42
54.55,11.76
56.36,11.27
58.18,10.74
60.00,10.71
61.82,10.93
63.64,11.08
65.45,10.68
67.27,9.02
69.09,9.22
70.91,8.59
72.73,8.77
74.55,8.56
76.36,8.47
78.18,8.57
80.00,8.71
81.82,8.44
83.64,8.46
85.45,8.13
87.27,7.32
89.09,7.03
90.91,6.46
92.73,6.48
94.55,5.90
Tabela,2120.97
Revocação,Precisão
0.00,100.00
10.00,50.00
20.00,32.43
30.00,20.73
40.00,12.17
50.00,12.56
60.00,10.71
70.00,8.59
80.00,8.44
90.00,6.46
100.00,0.00



Consulta Num,18

Pontos
Revocação,Precisão
4.76,100.00
9.52,100.00
14.29,100.00
19.05,100.00
23.81,100.00
28.57,100.00
33.33,100.00
38.10,100.00
42.86,90.00
47.62,66.67
52.38,68.75
57.14,70.59
61.90,61.90
66.67,58.33
71.43,48.39
76.19,18.82
80.95,11.49
85.71,6.14
90.48,6.31
95.24,4.76
100.00,2.77
Tabela,6382.24
Revocação,Precisão
0.00,100.00
10.00,100.00
20.00,100.00
30.00,100.00
40.00,90.00
50.00,68.75
60.00,61.90
70.00,48.39
80.00,11.49
90.00,6.31
100.00,2.77



Consulta Num,19

Pontos
Revocação,Precisão
4.55,50.00
9.09,18.18
13.64,25.00
18.18,26.67
22.73,18.52
27.27,14.63
31.82,14.00
36.36,15.38
40.91,12.50
45.45,10.10
50.00,11.00
54.55,11.88
59.09,12.15
63.64,10.14
68.18,9.74
72.73,7.92
77.27,8.37
81.82,4.60
86.36,2.98
90.91,3.06
95.45,2.98
100.00,3.06
Tabela,1332.83
Revocação,Precisão
0.00,50.00
10.00,25.00
20.00,18.52
30.00,14.00
40.00,12.50
50.00,11.00
60.00,10.14
70.00,7.92
80.00,4.60
90.00,3.06
100.00,3.06



Consulta Num,20

Pontos
Revocação,Precisão
2.17,100.00
4.35,100.00
6.52,100.00
8.70,100.00
10.87,100.00
13.04,100.00
15.22,100.00
17.39,100.00
19.57,100.00
21.74,100.00
23.91,100.00
26.09,100.00
28.26,100.00
30.43,100.00
32.61,100.00
34.78,100.00
36.96,100.00
39.13,100.00
41.30,100.00
43.48,95.24
45.65,95.45
47.83,95.65
50.00,95.83
52.17,92.31
54.35,89.29
56.52,83.87
58.70,64.29
60.87,60.87
63.04,61.70
65.22,61.22
67.39,48.44
69.57,11.81
71.74,11.96
73.91,12.01
76.09,11.22
78.26,11.46
80.43,11.49
82.61,8.90
84.78,8.07
86.96,6.28
89.13,5.18
91.30,4.82
93.48,4.90
Tabela,6314.47
Revocação,Precisão
0.00,100.00
10.00,100.00
20.00,100.00
30.00,100.00
40.00,100.00
50.00,92.31
60.00,60.87
70.00,11.96
80.00,11.49
90.00,4.82
100.00,0.00



Consulta Num,21

Pontos
Revocação,Precisão
4.00,100.00
8.00,100.00
12.00,100.00
16.00,100.00
20.00,83.33
24.00,35.29
28.00,22.58
32.00,23.53
36.00,25.71
40.00,20.00
44.00,21.15
48.00,21.05
52.00,18.31
56.00,17.28
60.00,8.20
64.00,8.42
68.00,7.49
72.00,4.30
76.00,3.54
80.00,3.50
84.00,2.28
Tabela,3111.62
Revocação,Precisão
0.00,100.00
10.00,100.00
20.00,83.33
30.00,23.53
40.00,20.00
50.00,18.31
60.00,8.20
70.00,4.30
80.00,3.50
90.00,0.00
100.00,0.00



Consulta Num,22

Pontos
Revocação,Precisão
1.43,100.00
2.86,100.00
4.29,100.00
5.71,100.00
7.14,100.00
8.57,100.00
10.00,87.50
11.43,88.89
12.86,81.82
14.29,66.67
15.71,68.75
17.14,66.67
18.57,65.00
20.00,60.87
21.43,60.00
22.86,50.00
24.29,47.22
25.71,47.37
27.14,46.34
28.57,44.44
30.00,40.38
31.43,37.29
32.86,32.39
34.29,29.27
35.71,29.76
37.14,27.96
38.57,26.73
40.00,25.69
41.43,23.58
42.86,23.08
44.29,21.09
45.71,20.92
47.14,21.15
48.57,19.65
50.00,20.00
51.43,19.05
52.86,18.50
Tabela,2783.65
Revocação,Precisão
0.00,100.00
10.00,87.50
20.00,60.00
30.00,37.29
40.00,23.58
50.00,20.00
60.00,0.00
70.00,0.00
80.00,0.00
90.00,0.00
100.00,0.00



Consulta Num,23

Pontos
Revocação,Precisão
2.86,16.67
5.71,18.18
8.57,25.00
11.43,15.38
14.29,16.13
17.14,13.64
20.00,10.77
22.86,7.41
25.71,7.56
28.57,7.52
31.43,7.64
34.29,5.63
37.14,5.65
40.00,4.50
42.86,4.18
45.71,4.04
48.57,4.04
51.43,4.22
54.29,4.09
57.14,4.22
60.00,4.31
62.86,3.83
65.71,3.43
68.57,3.39
71.43,3.45
74.29,3.51
Tabela,577.99
Revocação,Precisão
0.00,16.67
10.00,15.38
20.00,10.77
30.00,7.64
40.00,4.18
50.00,4.22
60.00,3.83
70.00,3.45
80.00,0.00
90.00,0.00
100.00,0.00



Consulta Num,24

Pontos
Revocação,Precisão
3.23,14.29
6.45,12.50
9.68,8.57
12.90,9.52
16.13,9.43
19.35,8.96
22.58,9.46
25.81,10.26
29.03,9.78
32.26,9.80
35.48,9.48
38.71,8.11
41.94,8.67
45.16,8.97
48.39,9.55
51.61,5.18
54.84,5.47
58.06,5.34
61.29,5.34
64.52,5.41
67.74,4.55
70.97,4.10
74.19,3.50
77.42,3.25
80.65,3.13
Tabela,623.38
Revocação,Precisão
0.00,14.29
10.00,9.52
20.00,9.46
30.00,9.80
40.00,8.67
50.00,5.18
60.00,5.34
70.00,4.10
80.00,3.13
90.00,0.00
100.00,0.00



Consulta Num,25

Pontos
Revocação,Precisão
1.96,100.00
3.92,33.33
5.88,42.86
7.84,50.00
9.80,55.56
11.76,50.00
13.73,53.85
15.69,53.33
17.65,47.37
19.61,47.62
21.57,39.29
23.53,38.71
25.49,39.39
27.45,41.18
29.41,38.46
31.37,38.10
33.33,37.78
35.29,34.62
37.25,35.85
39.22,28.57
41.18,27.27
43.14,27.85
45.10,28.40
47.06,25.53
49.02,25.51
50.98,24.76
52.94,24.11
54.90,24.14
56.86,23.77
58.82,21.28
60.78,21.38
62.75,16.00
64.71,16.42
66.67,11.04
68.63,11.11
70.59,10.71
72.55,10.95
74.51,10.89
76.47,10.77
78.43,10.42
80.39,10.51
82.35,10.69
Tabela,2720.22
Revocação,Precisão
0.00,100.00
10.00,50.00
20.00,39.29
30.00,38.10
40.00,27.27
50.00,24.76
60.00,21.38
70.00,10.71
80.00,10.51
90.00,0.00
100.00,0.00



Consulta Num,26

Pontos
Revocação,Precisão
3.03,100.00
6.06,100.00
9.09,100.00
12.12,80.00
15.15,83.33
18.18,85.71
21.21,77.78
24.24,72.73
27.27,64.29
30.30,66.67
33.33,68.75
36.36,57.14
39.39,32.50
42.42,20.90
45.45,20.83
48.48,12.21
51.52,12.14
54.55,10.29
57.58,10.50
60.61,10.93
63.64,8.54
66.67,7.01
69.70,5.96
Tabela,3184.12
Revocação,Precisão
0.00,100.00
10.00,80.00
20.00,77.78
30.00,66.67
40.00,20.90
50.00,12.14
60.00,10.93
70.00,0.00
80.00,0.00
90.00,0.00
100.00,0.00



Consulta Num,27

Pontos
Revocação,Precisão
9.09,100.00
18.18,100.00
27.27,21.43
36.36,4.04
45.45,3.23
54.55,3.47
63.64,3.11
72.73,1.46
81.82,1.60
Tabela,1883.33
Revocação,Precisão
0.00,100.00
10.00,100.00
20.00,21.43
30.00,4.04
40.00,3.23
50.00,3.47
60.00,3.11
70.00,1.46
80.00,1.60
90.00,0.00
100.00,0.00



Consulta Num,28

Pontos
Revocação,Precisão
1.96,100.00
3.92,100.00
5.88,50.00
7.84,50.00
9.80,55.56
11.76,50.00
13.73,53.85
15.69,32.00
17.65,12.86
19.61,13.51
21.57,12.50
23.53,12.37
25.49,7.74
27.45,7.49
29.41,7.50
31.37,7.84
33.33,8.13
35.29,7.38
37.25,7.54
39.22,7.91
41.18,7.12
43.14,7.07
45.10,7.37
47.06,7.45
49.02,7.40
50.98,7.24
52.94,7.46
54.90,7.39
56.86,7.63
58.82,7.79
60.78,7.79
62.75,7.32
64.71,7.17
66.67,6.61
68.63,5.75
70.59,5.47
Tabela,1479.64
Revocação,Precisão
0.00,100.00
10.00,50.00
20.00,12.50
30.00,7.84
40.00,7.12
50.00,7.24
60.00,7.79
70.00,5.47
80.00,0.00
90.00,0.00
100.00,0.00



Consulta Num,29

Pontos
Revocação,Precisão
2.27,50.00
4.55,66.67
6.82,60.00
9.09,50.00
11.36,29.41
13.64,19.35
15.91,18.92
18.18,17.78
20.45,9.38
22.73,9.90
25.00,9.02
27.27,9.52
29.55,10.16
31.82,9.40
34.09,8.33
36.36,7.96
38.64,7.83
40.91,8.26
43.18,8.64
45.45,8.93
47.73,7.07
50.00,6.71
52.27,6.99
54.55,6.50
56.82,6.67
59.09,6.52
61.36,6.47
63.64,6.36
65.91,5.87
68.18,5.27
70.45,5.40
72.73,5.41
75.00,5.34
77.27,5.39
79.55,5.43
81.82,5.18
84.09,5.26
86.36,5.33
88.64,5.33
90.91,5.45
93.18,5.40
Tabela,1106.52
Revocação,Precisão
0.00,50.00
10.00,29.41
20.00,9.38
30.00,9.40
40.00,8.26
50.00,6.71
60.00,6.47
70.00,5.40
80.00,5.18
90.00,5.45
100.00,0.00



Consulta Num,30

Pontos
Revocação,Precisão
5.88,100.00
11.76,100.00
17.65,100.00
23.53,100.00
29.41,100.00
35.29,100.00
41.18,100.00
47.06,80.00
52.94,75.00
58.82,34.48
64.71,30.56
70.59,21.05
76.47,17.57
82.35,10.53
88.24,3.13
Tabela,5871.35
Revocação,Precisão
0.00,100.00
10.00,100.00
20.00,100.00
30.00,100.00
40.00,100.00
50.00,75.00
60.00,30.56
70.00,21.05
80.00,10.53
90.00,0.00
100.00,0.00



Consulta Num,31

Pontos
Revocação,Precisão
1.72,100.00
3.45,100.00
5.17,100.00
6.90,100.00
8.62,100.00
10.34,100.00
12.07,100.00
13.79,100.00
15.52,90.00
17.24,90.91
18.97,91.67
20.69,92.31
22.41,92.86
24.14,93.33
25.86,88.24
27.59,88.89
29.31,89.47
31.03,90.00
32.76,90.48
34.48,90.91
36.21,87.50
37.93,88.00
39.66,74.19
41.38,72.73
43.10,73.53
44.83,72.22
46.55,62.79
48.28,63.64
50.00,61.70
51.72,62.50
53.45,57.41
55.17,35.96
56.90,34.74
58.62,30.36
60.34,26.52
62.07,22.78
63.79,21.51
65.52,18.63
67.24,18.84
68.97,19.05
70.69,18.47
72.41,15.22
74.14,15.19
75.86,14.72
77.59,11.39
79.31,10.80
81.03,9.96
82.76,8.81
84.48,8.83
86.21,8.73
87.93,7.73
89.66,7.38
91.38,6.22
Tabela,5278.99
Revocação,Precisão
0.00,100.00
10.00,100.00
20.00,92.31
30.00,90.00
40.00,72.73
50.00,61.70
60.00,26.52
70.00,18.47
80.00,9.96
90.00,6.22
100.00,0.00



Consulta Num,32

Pontos
Revocação,Precisão
3.33,100.00
6.67,100.00
10.00,50.00
13.33,26.67
16.67,31.25
20.00,31.58
23.33,23.33
26.67,14.29
30.00,14.29
33.33,12.35
36.67,11.00
40.00,9.52
43.33,7.88
46.67,7.78
50.00,6.38
53.33,6.72
56.67,5.17
60.00,4.76
63.33,4.48
66.67,4.35
70.00,4.43
73.33,4.60
76.67,4.60
80.00,4.77
83.33,4.72
86.67,4.59
90.00,3.86
93.33,3.97
Tabela,1777.61
Revocação,Precisão
0.00,100.00
10.00,50.00
20.00,31.58
30.00,12.35
40.00,9.52
50.00,6.38
60.00,4.76
70.00,4.43
80.00,4.77
90.00,3.97
100.00,0.00



Consulta Num,33

Pontos
Revocação,Precisão
1.75,100.00
3.51,100.00
5.26,100.00
7.02,100.00
8.77,100.00
10.53,100.00
12.28,100.00
14.04,100.00
15.79,100.00
17.54,100.00
19.30,100.00
21.05,100.00
22.81,100.00
24.56,93.33
26.32,93.75
28.07,88.89
29.82,85.00
31.58,85.71
33.33,86.36
35.09,83.33
36.84,80.77
38.60,75.86
40.35,69.70
42.11,66.67
43.86,64.10
45.61,61.90
47.37,57.45
49.12,56.00
50.88,55.77
52.63,52.63
54.39,47.69
56.14,43.24
57.89,43.42
59.65,43.59
61.40,44.30
63.16,42.35
64.91,40.22
66.67,40.86
68.42,36.11
70.18,28.37
71.93,28.67
73.68,25.00
75.44,21.50
77.19,18.88
78.95,15.57
80.70,14.42
82.46,13.62
84.21,10.39
85.96,7.98
Tabela,5482.73
Revocação,Precisão
0.00,100.00
10.00,100.00
20.00,100.00
30.00,85.71
40.00,69.70
50.00,55.77
60.00,44.30
70.00,28.37
80.00,14.42
90.00,0.00
100.00,0.00



Consulta Num,34

Pontos
Revocação,Precisão
2.56,100.00
5.13,100.00
7.69,100.00
10.26,80.00
12.82,83.33
15.38,66.67
17.95,58.33
20.51,61.54
23.08,64.29
25.64,62.50
28.21,64.71
30.77,66.67
33.33,68.42
35.90,70.00
38.46,68.18
41.03,66.67
43.59,62.96
46.15,60.00
48.72,40.43
51.28,41.67
53.85,38.18
56.41,37.93
58.97,34.85
61.54,22.43
64.10,21.37
66.67,21.85
69.23,11.89
71.79,10.22
74.36,9.39
76.92,9.23
79.49,9.04
82.05,8.04
84.62,7.84
87.18,7.01
Tabela,4072.28
Revocação,Precisão
0.00,100.00
10.00,80.00
20.00,61.54
30.00,66.67
40.00,66.67
50.00,41.67
60.00,22.43
70.00,10.22
80.00,8.04
90.00,0.00
100.00,0.00



Consulta Num,35

Pontos
Revocação,Precisão
7.14,100.00
14.29,40.00
21.43,50.00
28.57,57.14
35.71,62.50
42.86,15.38
50.00,16.67
57.14,5.44
64.29,5.63
71.43,5.78
78.57,1.87
85.71,1.20
Tabela,2471.54
Revocação,Precisão
0.00,100.00
10.00,40.00
20.00,50.00
30.00,62.50
40.00,15.38
50.00,16.67
60.00,5.63
70.00,5.78
80.00,1.20
90.00,0.00
100.00,0.00



Consulta Num,36

Pontos
Revocação,Precisão
11.11,100.00
22.22,50.00
33.33,60.00
44.44,9.52
55.56,9.62
66.67,10.00
77.78,5.11
88.89,4.21
100.00,2.67
Tabela,3024.65
Revocação,Precisão
0.00,100.00
10.00,100.00
20.00,50.00
30.00,60.00
40.00,9.52
50.00,9.62
60.00,10.00
70.00,5.11
80.00,4.21
90.00,2.67
100.00,2.67



Consulta Num,37

Pontos
Revocação,Precisão
1.02,100.00
2.04,100.00
3.06,100.00
4.08,100.00
5.10,100.00
6.12,100.00
7.14,100.00
8.16,100.00
9.18,100.00
10.20,100.00
11.22,100.00
12.24,100.00
13.27,100.00
14.29,100.00
15.31,100.00
16.33,100.00
17.35,100.00
18.37,100.00
19.39,100.00
20.41,100.00
21.43,100.00
22.45,100.00
23.47,100.00
24.49,100.00
25.51,100.00
26.53,100.00
27.55,100.00
28.57,100.00
29.59,100.00
30.61,100.00
31.63,100.00
32.65,96.97
33.67,94.29
34.69,94.44
35.71,94.59
36.73,94.74
37.76,92.50
38.78,90.48
39.80,90.70
40.82,90.91
41.84,91.11
42.86,91.30
43.88,91.49
44.90,89.80
45.92,86.54
46.94,86.79
47.96,87.04
48.98,87.27
50.00,87.50
51.02,84.75
52.04,85.00
53.06,85.25
54.08,80.30
55.10,80.60
56.12,79.71
57.14,77.78
58.16,76.00
59.18,74.36
60.20,74.68
61.22,73.17
62.24,73.49
63.27,72.09
64.29,64.29
65.31,64.65
66.33,63.11
67.35,59.46
68.37,59.29
69.39,58.12
70.41,55.65
71.43,50.00
72.45,44.65
73.47,44.44
74.49,42.94
75.51,42.77
76.53,42.61
77.55,38.97
78.57,36.15
79.59,36.28
80.61,32.51
81.63,29.74
82.65,28.72
83.67,28.98
84.69,29.23
85.71,28.09
86.73,25.37
87.76,22.93
88.78,19.33
89.80,16.76
90.82,12.77
91.84,12.64
92.86,12.43
93.88,12.40
94.90,12.05
Tabela,7040.17
Revocação,Precisão
0.00,100.00
10.00,100.00
20.00,100.00
30.00,100.00
40.00,90.91
50.00,87.50
60.00,74.68
70.00,55.65
80.00,32.51
90.00,12.77
100.00,0.00



Consulta Num,38

Pontos
Revocação,Precisão
1.89,100.00
3.77,100.00
5.66,100.00
7.55,100.00
9.43,83.33
11.32,85.71
13.21,87.50
15.09,72.73
16.98,75.00
18.87,76.92
20.75,73.33
22.64,75.00
24.53,72.22
26.42,60.87
28.30,50.00
30.19,34.78
32.08,34.69
33.96,36.00
35.85,36.54
37.74,37.74
39.62,32.81
41.51,30.99
43.40,31.08
Tabela,2748.16
Revocação,Precisão
0.00,100.00
10.00,85.71
20.00,73.33
30.00,34.78
40.00,30.99
50.00,0.00
60.00,0.00
70.00,0.00
80.00,0.00
90.00,0.00
100.00,0.00



Consulta Num,39

Pontos
Revocação,Precisão
0.62,100.00
1.23,100.00
1.85,100.00
2.47,100.00
3.09,100.00
3.70,85.71
4.32,87.50
4.94,88.89
5.56,81.82
6.17,76.92
6.79,78.57
7.41,80.00
8.02,76.47
8.64,70.00
9.26,68.18
9.88,69.57
10.49,70.83
11.11,66.67
11.73,67.86
12.35,68.97
12.96,65.63
13.58,66.67
14.20,67.65
14.81,68.57
15.43,67.57
16.05,68.42
16.67,67.50
17.28,68.29
17.90,69.05
18.52,69.77
19.14,65.96
19.75,66.67
20.37,62.26
20.99,62.96
21.60,60.34
22.22,60.00
22.84,59.68
23.46,56.72
24.07,57.35
24.69,54.79
25.31,55.41
25.93,55.26
26.54,55.84
27.16,56.41
27.78,56.96
28.40,56.79
29.01,56.63
29.63,55.81
30.25,53.26
30.86,53.76
31.48,53.68
32.10,53.06
32.72,53.00
33.33,51.43
33.95,51.89
34.57,52.34
35.19,52.78
35.80,52.25
36.42,52.68
37.04,53.10
37.65,53.51
38.27,53.91
38.89,54.31
39.51,54.70
40.12,54.62
40.74,54.55
41.36,54.92
41.98,53.97
42.59,54.33
43.21,54.69
43.83,54.20
44.44,54.55
45.06,53.28
45.68,53.62
46.30,53.19
46.91,53.52
47.53,53.85
48.15,54.17
48.77,53.74
49.38,54.05
50.00,54.36
50.62,54.67
51.23,54.97
51.85,54.90
52.47,54.14
53.09,54.43
53.70,54.72
54.32,55.00
54.94,55.28
55.56,54.22
56.17,54.49
56.79,54.76
57.41,55.03
58.02,54.34
58.64,54.60
59.26,54.55
59.88,54.80
60.49,55.06
61.11,55.31
61.73,54.95
62.35,54.30
62.96,54.55
63.58,54.21
64.20,54.45
64.81,54.69
65.43,54.64
66.05,54.87
66.67,54.82
67.28,54.77
67.90,54.19
68.52,54.41
69.14,54.63
69.75,54.85
Tabela,4003.99
Revocação,Precisão
0.00,100.00
10.00,70.83
20.00,62.26
30.00,53.26
40.00,54.62
50.00,54.36
60.00,55.06
70.00,0.00
80.00,0.00
90.00,0.00
100.00,0.00



Consulta Num,40

Pontos
Revocação,Precisão
0.68,25.00
1.37,22.22
2.05,27.27
2.74,33.33
3.42,38.46
4.11,37.50
4.79,41.18
5.48,44.44
6.16,34.62
6.85,31.25
7.53,29.73
8.22,30.77
8.90,32.50
9.59,29.79
10.27,26.32
10.96,27.59
11.64,28.81
12.33,30.00
13.01,27.14
13.70,26.67
14.38,27.27
15.07,25.00
15.75,25.84
16.44,26.37
17.12,25.00
17.81,25.74
18.49,26.47
19.18,25.69
19.86,26.36
20.55,25.64
21.23,26.27
21.92,24.43
22.60,23.24
23.29,23.61
23.97,23.81
24.66,24.32
25.34,23.72
26.03,24.20
26.71,24.68
27.40,25.00
28.08,25.15
28.77,25.00
29.45,24.57
30.14,24.72
30.82,24.46
31.51,21.60
32.19,21.46
32.88,20.87
33.56,20.68
34.25,20.33
34.93,20.40
35.62,20.72
36.30,20.87
36.99,21.01
37.67,21.24
38.36,21.54
39.04,21.67
39.73,21.80
40.41,21.77
41.10,20.76
41.78,21.03
42.47,20.74
43.15,21.00
43.84,20.92
44.52,21.17
45.21,20.89
45.89,20.49
46.58,20.67
47.26,20.78
47.95,20.17
48.63,20.29
49.32,20.00
50.00,20.11
50.68,20.05
51.37,19.84
52.05,19.59
52.74,19.30
53.42,19.50
54.11,18.99
54.79,19.18
55.48,18.93
56.16,19.11
56.85,19.04
57.53,19.22
58.22,19.36
58.90,19.37
59.59,19.29
60.27,17.60
60.96,17.69
61.64,17.86
62.33,17.95
63.01,17.59
63.70,17.65
64.38,16.91
65.07,16.93
65.75,16.64
66.44,16.67
67.12,16.75
67.81,16.61
68.49,16.47
69.18,16.42
69.86,16.53
70.55,16.45
71.23,16.35
71.92,16.28
72.60,16.23
73.29,16.16
73.97,16.05
74.66,16.15
75.34,16.22
76.03,16.16
76.71,15.93
77.40,15.50
78.08,15.22
78.77,15.29
79.45,15.22
80.14,15.08
Tabela,1801.88
Revocação,Precisão
0.00,25.00
10.00,26.32
20.00,25.64
30.00,24.72
40.00,21.77
50.00,20.11
60.00,17.60
70.00,16.45
80.00,15.08
90.00,0.00
100.00,0.00



Consulta Num,41

Pontos
Revocação,Precisão
6.67,100.00
13.33,50.00
20.00,50.00
26.67,57.14
33.33,55.56
40.00,54.55
46.67,25.93
53.33,7.77
60.00,5.49
66.67,2.60
73.33,1.85
80.00,1.59
86.67,1.55
93.33,1.66
100.00,1.62
Tabela,2763.88
Revocação,Precisão
0.00,100.00
10.00,50.00
20.00,50.00
30.00,55.56
40.00,54.55
50.00,7.77
60.00,2.60
70.00,1.85
80.00,1.59
90.00,1.66
100.00,1.62



Consulta Num,42

Pontos
Revocação,Precisão
2.13,100.00
4.26,100.00
6.38,100.00
8.51,100.00
10.64,100.00
12.77,100.00
14.89,100.00
17.02,100.00
19.15,100.00
21.28,100.00
23.40,84.62
25.53,57.14
27.66,41.94
29.79,29.17
31.91,15.63
34.04,14.68
36.17,12.14
38.30,12.68
40.43,11.88
42.55,8.30
44.68,6.38
46.81,6.08
48.94,5.93
51.06,5.83
53.19,5.69
55.32,5.75
57.45,5.65
59.57,5.21
61.70,5.31
63.83,5.48
65.96,4.98
68.09,5.02
70.21,4.90
72.34,4.81
74.47,4.59
76.60,4.31
78.72,4.31
80.85,4.41
82.98,4.39
85.11,4.45
Tabela,2979.41
Revocação,Precisão
0.00,100.00
10.00,100.00
20.00,100.00
30.00,15.63
40.00,11.88
50.00,5.83
60.00,5.31
70.00,4.90
80.00,4.41
90.00,0.00
100.00,0.00



Consulta Num,43

Pontos
Revocação,Precisão
1.02,100.00
2.04,66.67
3.06,60.00
4.08,57.14
5.10,62.50
6.12,46.15
7.14,50.00
8.16,53.33
9.18,56.25
10.20,58.82
11.22,55.00
12.24,54.55
13.27,54.17
14.29,53.85
15.31,55.56
16.33,55.17
17.35,56.67
18.37,58.06
19.39,59.38
20.41,57.14
21.43,56.76
22.45,57.89
23.47,58.97
24.49,60.00
25.51,59.52
26.53,60.47
27.55,58.70
28.57,58.33
29.59,59.18
30.61,54.55
31.63,55.36
32.65,55.17
33.67,53.23
34.69,53.13
35.71,52.24
36.73,47.37
37.76,46.25
38.78,46.34
39.80,44.83
40.82,43.48
41.84,43.62
42.86,44.21
43.88,44.79
44.90,41.90
45.92,41.28
46.94,41.44
47.96,40.52
48.98,39.34
50.00,37.98
51.02,37.31
52.04,37.23
53.06,36.62
54.08,37.06
55.10,37.24
56.12,35.71
57.14,35.67
58.16,33.93
59.18,33.72
60.20,31.89
61.22,31.41
62.24,30.05
63.27,30.10
64.29,29.30
65.31,29.09
66.33,29.28
67.35,23.74
68.37,23.43
69.39,22.82
70.41,22.26
71.43,22.36
72.45,22.40
73.47,21.49
74.49,21.60
75.51,20.96
76.53,20.49
77.55,18.95
78.57,18.33
79.59,18.53
80.61,18.46
81.63,17.82
82.65,17.57
83.67,16.70
84.69,16.31
85.71,16.06
86.73,14.03
Tabela,3745.82
Revocação,Precisão
0.00,100.00
10.00,58.82
20.00,57.14
30.00,54.55
40.00,43.48
50.00,37.98
60.00,31.89
70.00,22.26
80.00,18.46
90.00,0.00
100.00,0.00



Consulta Num,44

Pontos
Revocação,Precisão
0.71,50.00
1.43,66.67
2.14,75.00
2.86,80.00
3.57,83.33
4.29,75.00
5.00,77.78
5.71,80.00
6.43,81.82
7.14,83.33
7.86,84.62
8.57,85.71
9.29,81.25
10.00,77.78
10.71,78.95
11.43,76.19
12.14,77.27
12.86,78.26
13.57,76.00
14.29,76.92
15.00,75.00
15.71,75.86
16.43,74.19
17.14,75.00
17.86,75.76
18.57,76.47
19.29,75.00
20.00,75.68
20.71,76.32
21.43,76.92
22.14,77.50
22.86,74.42
23.57,75.00
24.29,72.34
25.00,72.92
25.71,73.47
26.43,72.55
27.14,73.08
27.86,67.24
28.57,62.50
29.29,63.08
30.00,62.69
30.71,62.32
31.43,61.97
32.14,61.64
32.86,62.16
33.57,62.67
34.29,63.16
35.00,62.03
35.71,60.24
36.43,57.95
37.14,56.52
37.86,56.99
38.57,56.84
39.29,51.40
40.00,50.45
40.71,47.50
41.43,46.77
42.14,45.38
42.86,44.44
43.57,41.22
44.29,41.33
45.00,40.13
45.71,38.55
46.43,36.11
47.14,36.46
47.86,36.61
48.57,35.79
49.29,35.94
50.00,35.90
50.71,34.13
51.43,34.29
52.14,33.49
52.86,33.48
53.57,32.75
54.29,32.34
55.00,32.49
55.71,31.97
56.43,30.62
57.14,30.77
57.86,30.68
58.57,30.15
59.29,28.82
60.00,28.47
60.71,28.52
61.43,28.57
62.14,27.71
62.86,27.94
63.57,27.81
64.29,27.86
65.00,27.66
65.71,25.84
66.43,26.05
67.14,26.18
67.86,26.24
68.57,26.23
69.29,25.53
70.00,25.39
70.71,23.63
71.43,22.62
72.14,22.70
72.86,22.52
73.57,22.69
74.29,22.56
75.00,22.29
75.71,22.08
76.43,21.70
77.14,21.39
77.86,21.00
78.57,21.15
79.29,21.31
80.00,21.13
80.71,21.12
81.43,20.73
82.14,20.03
82.86,19.21
83.57,17.67
84.29,17.69
85.00,17.47
85.71,17.47
86.43,17.41
87.14,17.28
87.86,15.97
88.57,15.82
89.29,15.43
90.00,15.35
90.71,15.21
91.43,14.76
92.14,14.78
92.86,14.59
93.57,14.51
94.29,14.13
95.00,14.18
95.71,13.91
96.43,13.92
Tabela,4194.92
Revocação,Precisão
0.00,50.00
10.00,78.95
20.00,76.32
30.00,62.69
40.00,50.45
50.00,35.90
60.00,28.47
70.00,25.39
80.00,21.12
90.00,15.21
100.00,0.00



Consulta Num,45

Pontos
Revocação,Precisão
5.00,100.00
10.00,100.00
15.00,100.00
20.00,100.00
25.00,100.00
30.00,66.67
35.00,58.33
40.00,61.54
45.00,36.00
50.00,38.46
55.00,28.95
60.00,18.75
65.00,17.81
70.00,10.45
75.00,8.20
80.00,8.04
85.00,4.53
90.00,4.79
95.00,4.09
100.00,2.95
Tabela,4601.65
Revocação,Precisão
0.00,100.00
10.00,100.00
20.00,100.00
30.00,66.67
40.00,61.54
50.00,38.46
60.00,18.75
70.00,10.45
80.00,8.04
90.00,4.79
100.00,2.95



Consulta Num,46

Pontos
Revocação,Precisão
5.56,100.00
11.11,66.67
16.67,75.00
22.22,57.14
27.78,55.56
33.33,46.15
38.89,11.11
44.44,8.70
50.00,5.96
55.56,5.32
61.11,5.37
66.67,5.77
72.22,4.19
77.78,1.65
Tabela,2441.79
Revocação,Precisão
0.00,100.00
10.00,66.67
20.00,57.14
30.00,46.15
40.00,8.70
50.00,5.96
60.00,5.37
70.00,4.19
80.00,0.00
90.00,0.00
100.00,0.00



Consulta Num,47

Pontos
Revocação,Precisão
1.67,100.00
3.33,40.00
5.00,50.00
6.67,33.33
8.33,20.83
10.00,23.08
11.67,21.88
13.33,22.86
15.00,20.93
16.67,22.73
18.33,24.44
20.00,25.53
21.67,17.57
23.33,18.67
25.00,16.85
26.67,16.67
28.33,17.00
30.00,12.50
31.67,11.80
33.33,10.64
35.00,10.24
36.67,10.68
38.33,9.66
40.00,10.04
41.67,10.12
43.33,10.24
45.00,10.55
46.67,10.22
48.33,9.90
50.00,10.00
51.67,10.23
53.33,8.79
55.00,8.05
56.67,8.13
58.33,8.33
60.00,8.51
61.67,8.26
63.33,8.12
65.00,8.28
66.67,7.42
68.33,6.90
70.00,6.97
71.67,6.90
73.33,6.97
75.00,6.91
76.67,6.31
78.33,6.43
80.00,6.19
81.67,6.23
83.33,6.22
85.00,5.86
86.67,5.78
88.33,5.60
90.00,5.67
91.67,5.53
93.33,5.61
95.00,5.68
Tabela,1584.03
Revocação,Precisão
0.00,100.00
10.00,23.08
20.00,25.53
30.00,12.50
40.00,10.04
50.00,10.23
60.00,8.26
70.00,6.90
80.00,6.19
90.00,5.67
100.00,0.00



Consulta Num,48

Pontos
Revocação,Precisão
3.33,20.00
6.67,33.33
10.00,37.50
13.33,44.44
16.67,33.33
20.00,31.58
23.33,35.00
26.67,21.62
30.00,21.95
33.33,23.81
36.67,25.58
40.00,22.64
43.33,22.03
46.67,22.22
50.00,22.39
53.33,21.05
56.67,20.00
60.00,16.67
63.33,16.81
66.67,16.95
70.00,15.11
73.33,13.58
76.67,12.99
80.00,8.03
83.33,8.04
86.67,8.33
90.00,8.63
93.33,7.29
96.67,5.79
100.00,5.74
Tabela,1978.79
Revocação,Precisão
0.00,20.00
10.00,37.50
20.00,31.58
30.00,23.81
40.00,22.64
50.00,22.39
60.00,16.67
70.00,15.11
80.00,8.03
90.00,7.29
100.00,5.74



Consulta Num,49

Pontos
Revocação,Precisão
2.78,100.00
5.56,100.00
8.33,100.00
11.11,100.00
13.89,100.00
16.67,100.00
19.44,100.00
22.22,100.00
25.00,100.00
27.78,100.00
30.56,91.67
33.33,85.71
36.11,76.47
38.89,60.87
41.67,46.88
44.44,40.00
47.22,26.15
50.00,14.63
52.78,13.57
55.56,13.89
58.33,14.38
61.11,10.28
63.89,8.71
66.67,8.25
69.44,6.16
72.22,5.60
75.00,5.37
77.78,3.77
80.56,3.47
83.33,3.30
86.11,3.37
88.89,3.42
91.67,3.46
Tabela,4259.88
Revocação,Precisão
0.00,100.00
10.00,100.00
20.00,100.00
30.00,91.67
40.00,46.88
50.00,14.63
60.00,10.28
70.00,5.60
80.00,3.47
90.00,3.46
100.00,0.00



Consulta Num,50

Pontos
Revocação,Precisão
4.00,100.00
8.00,100.00
12.00,100.00
16.00,100.00
20.00,100.00
24.00,66.67
28.00,58.33
32.00,20.51
36.00,16.07
40.00,14.49
44.00,13.10
48.00,13.48
52.00,12.87
56.00,11.57
60.00,11.45
64.00,10.19
68.00,9.71
72.00,9.42
76.00,5.25
80.00,4.71
84.00,4.83
88.00,3.24
92.00,3.24
Tabela,3266.97
Revocação,Precisão
0.00,100.00
10.00,100.00
20.00,100.00
30.00,20.51
40.00,14.49
50.00,12.87
60.00,11.45
70.00,9.42
80.00,4.71
90.00,3.24
100.00,0.00



Consulta Num,51

Pontos
Revocação,Precisão
0.41,100.00
0.83,100.00
1.24,100.00
1.66,100.00
2.07,83.33
2.49,75.00
2.90,70.00
3.32,72.73
3.73,64.29
4.15,66.67
4.56,68.75
4.98,70.59
5.39,72.22
5.81,73.68
6.22,75.00
6.64,66.67
7.05,68.00
7.47,69.23
7.88,67.86
8.30,68.97
8.71,70.00
9.13,70.97
9.54,67.65
9.96,66.67
10.37,65.79
10.79,66.67
11.20,65.85
11.62,66.67
12.03,67.44
12.45,68.18
12.86,68.89
13.28,69.57
13.69,66.00
14.11,66.67
14.52,67.31
14.94,67.92
15.35,68.52
15.77,69.09
16.18,69.64
16.60,70.18
17.01,70.69
17.43,71.19
17.84,71.67
18.26,72.13
18.67,70.31
19.09,70.77
19.50,71.21
19.92,69.57
20.33,70.00
20.75,70.42
21.16,66.23
21.58,66.67
21.99,67.09
22.41,64.29
22.82,61.80
23.24,62.22
23.65,58.76
24.07,59.18
24.48,59.60
24.90,56.07
25.31,55.96
25.73,56.36
26.14,54.31
26.56,54.70
26.97,54.17
27.39,50.00
27.80,50.00
28.22,50.00
28.63,49.64
29.05,48.28
29.46,47.65
29.88,47.68
30.29,47.40
30.71,47.74
31.12,47.47
31.54,47.50
31.95,47.83
32.37,44.07
32.78,44.38
33.20,44.69
33.61,45.00
34.02,45.30
34.44,45.11
34.85,45.16
35.27,45.45
35.68,45.74
36.10,45.79
36.51,45.13
36.93,44.06
37.34,43.90
37.76,43.13
38.17,43.40
38.59,43.06
39.00,43.32
39.42,43.18
39.83,43.24
40.25,42.92
40.66,43.17
41.08,43.23
41.49,42.74
41.91,42.62
42.32,42.86
42.74,43.10
43.15,42.98
43.57,43.21
43.98,43.44
44.40,41.63
44.81,40.45
45.23,40.67
45.64,39.57
46.06,39.78
46.47,39.44
46.89,39.37
47.30,39.04
47.72,38.98
48.13,38.54
48.55,38.24
48.96,37.58
49.38,36.96
49.79,37.15
50.21,37.00
50.62,36.86
51.04,36.61
51.45,36.80
51.87,36.87
52.28,36.73
52.70,35.57
53.11,35.65
53.53,35.83
53.94,36.01
54.36,35.89
54.77,36.07
55.19,35.95
55.60,35.73
56.02,35.62
56.43,34.96
56.85,34.51
57.26,34.59
57.68,34.58
58.09,34.74
58.51,34.73
58.92,34.80
59.34,34.05
59.75,34.04
60.17,32.44
60.58,32.52
61.00,32.67
61.41,32.60
61.83,32.25
62.24,32.40
62.66,32.20
63.07,32.27
63.49,32.14
63.90,32.02
64.32,32.02
64.73,32.16
65.15,31.98
65.56,31.98
65.98,31.55
66.39,31.68
66.80,31.82
67.22,31.46
67.63,31.53
68.05,31.60
68.46,31.67
68.88,30.80
69.29,30.87
69.71,31.00
70.12,29.34
70.54,29.46
70.95,29.43
71.37,29.25
71.78,29.08
72.20,29.10
72.61,28.93
73.03,28.43
73.44,27.44
73.86,27.47
74.27,27.58
74.69,27.69
75.10,27.34
75.52,27.37
75.93,27.44
76.35,27.50
76.76,27.01
77.18,27.07
77.59,27.10
78.01,27.17
78.42,27.27
78.84,25.75
79.25,25.71
79.67,25.63
80.08,24.03
80.50,24.07
80.91,23.99
81.33,24.02
81.74,23.91
82.16,24.00
82.57,24.00
82.99,23.89
83.40,23.99
83.82,24.02
84.23,23.97
84.65,23.97
85.06,23.56
85.48,23.54
85.89,22.70
86.31,22.68
86.72,22.67
87.14,22.36
87.55,22.42
87.97,22.48
88.38,22.14
88.80,21.75
89.21,21.78
89.63,21.82
90.04,21.36
90.46,21.44
90.87,21.47
91.29,21.48
91.70,21.52
92.12,21.20
92.53,21.10
92.95,21.07
93.36,20.91
93.78,20.96
94.19,20.77
94.61,20.73
95.02,20.69
95.44,20.21
95.85,20.25
96.27,20.21
96.68,20.17
97.10,20.19
97.51,20.15
97.93,20.10
98.34,20.00
98.76,19.83
99.17,19.83
99.59,19.80
100.00,19.56
Tabela,4300.68
Revocação,Precisão
0.00,100.00
10.00,65.79
20.00,70.00
30.00,47.40
40.00,42.92
50.00,37.00
60.00,32.44
70.00,29.34
80.00,24.03
90.00,21.36
100.00,19.56



Consulta Num,52

Pontos
Revocação,Precisão
50.00,100.00
100.00,0.28
Tabela,5512.57
Revocação,Precisão
0.00,100.00
10.00,100.00
20.00,100.00
30.00,100.00
40.00,100.00
50.00,100.00
60.00,0.28
70.00,0.28
80.00,0.28
90.00,0.28
100.00,0.28



Consulta Num,53

Pontos
Revocação,Precisão
4.35,100.00
8.70,100.00
13.04,75.00
17.39,66.67
21.74,62.50
26.09,42.86
30.43,41.18
34.78,44.44
39.13,42.86
43.48,43.48
47.83,42.31
52.17,38.71
56.52,32.50
60.87,28.00
65.22,18.52
69.57,18.18
73.91,18.68
78.26,16.36
82.61,14.73
86.96,14.81
91.30,14.29
95.65,10.28
100.00,2.96
Tabela,3880.42
Revocação,Precisão
0.00,100.00
10.00,75.00
20.00,62.50
30.00,41.18
40.00,43.48
50.00,38.71
60.00,28.00
70.00,18.68
80.00,14.73
90.00,14.29
100.00,2.96



Consulta Num,54

Pontos
Revocação,Precisão
1.61,100.00
3.23,100.00
4.84,100.00
6.45,100.00
8.06,100.00
9.68,100.00
11.29,100.00
12.90,100.00
14.52,100.00
16.13,90.91
17.74,91.67
19.35,92.31
20.97,92.86
22.58,82.35
24.19,83.33
25.81,80.00
27.42,80.95
29.03,78.26
30.65,79.17
32.26,74.07
33.87,75.00
35.48,73.33
37.10,60.53
38.71,60.00
40.32,58.14
41.94,57.78
43.55,55.10
45.16,56.00
46.77,40.85
48.39,37.04
50.00,37.80
51.61,37.21
53.23,30.84
54.84,30.09
56.45,29.41
58.06,29.27
59.68,27.61
61.29,27.94
62.90,28.47
64.52,27.03
66.13,27.52
67.74,28.00
69.35,23.63
70.97,22.56
72.58,19.65
74.19,17.10
75.81,16.97
77.42,15.43
79.03,14.94
80.65,14.16
82.26,14.05
83.87,13.65
85.48,13.62
87.10,12.03
88.71,9.35
90.32,7.85
91.94,7.68
93.55,6.67
95.16,6.55
96.77,6.09
98.39,6.03
Tabela,4898.96
Revocação,Precisão
0.00,100.00
10.00,100.00
20.00,92.86
30.00,79.17
40.00,58.14
50.00,37.21
60.00,27.94
70.00,22.56
80.00,14.16
90.00,7.85
100.00,0.00



Consulta Num,55

Pontos
Revocação,Precisão
4.17,16.67
8.33,20.00
12.50,13.64
16.67,14.81
20.83,8.77
25.00,9.38
29.17,8.86
33.33,3.86
37.50,3.66
41.67,3.72
45.83,3.62
50.00,3.05
54.17,3.27
58.33,2.35
62.50,2.44
66.67,2.56
70.83,2.48
75.00,2.38
79.17,2.31
83.33,2.37
Tabela,488.83
Revocação,Precisão
0.00,16.67
10.00,13.64
20.00,8.77
30.00,3.86
40.00,3.72
50.00,3.27
60.00,2.44
70.00,2.48
80.00,2.37
90.00,0.00
100.00,0.00



Consulta Num,56

Pontos
Revocação,Precisão
3.13,50.00
6.25,25.00
9.38,33.33
12.50,26.67
15.63,19.23
18.75,17.65
21.88,15.91
25.00,11.59
28.13,8.18
31.25,7.09
34.38,7.64
37.50,7.32
40.63,6.50
43.75,4.26
46.88,4.48
50.00,4.19
53.13,4.03
56.25,3.85
59.38,4.00
62.50,4.11
65.63,4.07
68.75,4.23
71.88,4.32
75.00,4.36
78.13,4.34
81.25,4.14
84.38,4.21
87.50,4.11
90.63,4.15
93.75,4.21
96.88,3.99
100.00,4.02
Tabela,1040.83
Revocação,Precisão
0.00,50.00
10.00,26.67
20.00,15.91
30.00,7.09
40.00,6.50
50.00,4.19
60.00,4.11
70.00,4.32
80.00,4.14
90.00,4.15
100.00,4.02



Consulta Num,57

Pontos
Revocação,Precisão
1.96,100.00
3.92,100.00
5.88,100.00
7.84,100.00
9.80,100.00
11.76,75.00
13.73,77.78
15.69,72.73
17.65,75.00
19.61,71.43
21.57,73.33
23.53,70.59
25.49,68.42
27.45,70.00
29.41,65.22
31.37,66.67
33.33,68.00
35.29,66.67
37.25,67.86
39.22,68.97
41.18,70.00
43.14,62.86
45.10,50.00
47.06,51.06
49.02,51.02
50.98,52.00
52.94,50.94
54.90,50.91
56.86,51.79
58.82,48.39
60.78,46.97
62.75,47.76
64.71,47.83
66.67,48.57
68.63,46.67
70.59,46.75
72.55,46.25
74.51,42.70
76.47,41.94
78.43,42.11
80.39,32.54
82.35,31.11
84.31,29.86
86.27,29.14
88.24,27.27
90.20,25.27
92.16,24.48
94.12,12.50
96.08,12.34
98.04,12.17
100.00,8.43
Tabela,5427.52
Revocação,Precisão
0.00,100.00
10.00,75.00
20.00,73.33
30.00,66.67
40.00,70.00
50.00,52.00
60.00,46.97
70.00,46.75
80.00,32.54
90.00,25.27
100.00,8.43



Consulta Num,58

Pontos
Revocação,Precisão
1.05,100.00
2.11,100.00
3.16,75.00
4.21,66.67
5.26,71.43
6.32,75.00
7.37,58.33
8.42,61.54
9.47,64.29
10.53,66.67
11.58,64.71
12.63,57.14
13.68,59.09
14.74,56.00
15.79,57.69
16.84,59.26
17.89,60.71
18.95,62.07
20.00,63.33
21.05,62.50
22.11,58.33
23.16,57.89
24.21,58.97
25.26,53.33
26.32,54.35
27.37,53.06
28.42,54.00
29.47,52.83
30.53,53.70
31.58,54.55
32.63,54.39
33.68,55.17
34.74,50.77
35.79,51.52
36.84,52.24
37.89,52.94
38.95,52.11
40.00,52.78
41.05,52.70
42.11,52.63
43.16,51.90
44.21,48.28
45.26,48.86
46.32,48.35
47.37,48.39
48.42,45.54
49.47,45.63
50.53,44.44
51.58,44.95
52.63,39.68
53.68,39.23
54.74,39.39
55.79,37.86
56.84,38.30
57.89,38.46
58.95,37.58
60.00,38.00
61.05,38.41
62.11,36.20
63.16,36.59
64.21,35.47
65.26,34.83
66.32,34.24
67.37,33.68
68.42,33.85
69.47,31.13
70.53,26.80
71.58,26.25
72.63,26.54
73.68,25.55
74.74,24.83
75.79,24.24
76.84,24.33
77.89,23.72
78.95,22.26
80.00,20.71
81.05,20.70
82.11,19.75
83.16,19.90
84.21,20.05
85.26,20.15
86.32,19.85
87.37,19.90
88.42,18.79
89.47,18.01
90.53,17.77
91.58,17.47
92.63,17.32
93.68,17.45
94.74,16.57
95.79,16.61
96.84,15.54
97.89,14.11
Tabela,4342.03
Revocação,Precisão
0.00,100.00
10.00,66.67
20.00,63.33
30.00,53.70
40.00,52.78
50.00,44.44
60.00,38.00
70.00,26.80
80.00,20.71
90.00,17.77
100.00,0.00



Consulta Num,59

Pontos
Revocação,Precisão
0.69,50.00
1.38,66.67
2.07,75.00
2.76,80.00
3.45,83.33
4.14,85.71
4.83,53.85
5.52,50.00
6.21,52.94
6.90,45.45
7.59,45.83
8.28,41.38
8.97,41.94
9.66,41.18
10.34,42.86
11.03,42.11
11.72,43.59
12.41,20.69
13.10,20.00
13.79,19.23
14.48,19.44
15.17,18.97
15.86,18.85
16.55,19.20
17.24,19.08
17.93,18.84
18.62,17.31
19.31,17.72
20.00,18.24
20.69,18.40
21.38,18.56
22.07,18.08
22.76,18.33
23.45,18.68
24.14,19.13
24.83,19.46
25.52,19.89
26.21,20.11
26.90,20.31
27.59,20.41
28.28,19.43
28.97,19.27
29.66,19.63
30.34,19.38
31.03,19.74
31.72,20.00
32.41,19.58
33.10,19.75
33.79,20.08
34.48,19.38
35.17,19.25
35.86,19.48
36.55,19.70
37.24,19.78
37.93,19.16
38.62,19.44
39.31,19.06
40.00,19.27
40.69,18.38
41.38,17.96
42.07,18.15
42.76,18.29
43.45,18.53
44.14,18.71
44.83,18.90
45.52,19.02
46.21,18.87
46.90,18.89
47.59,18.65
48.28,18.77
48.97,18.88
49.66,18.95
50.34,18.86
51.03,18.78
51.72,18.75
52.41,18.31
53.10,18.33
53.79,18.18
54.48,18.12
55.17,17.66
55.86,17.69
56.55,17.48
57.24,17.22
57.93,17.32
58.62,17.45
59.31,17.52
60.00,17.61
60.69,16.96
61.38,16.89
62.07,16.85
62.76,16.76
63.45,16.49
64.14,16.55
64.83,16.52
65.52,16.64
66.21,16.67
66.90,16.67
67.59,16.78
68.28,16.75
68.97,16.86
69.66,17.00
70.34,17.03
71.03,16.91
71.72,16.88
72.41,16.94
73.10,16.69
73.79,16.64
74.48,16.69
75.17,16.39
75.86,16.49
76.55,16.23
77.24,15.24
77.93,15.27
78.62,15.10
79.31,14.82
80.00,14.87
80.69,14.75
81.38,14.66
82.07,14.69
82.76,14.35
83.45,14.29
84.14,14.30
84.83,14.37
85.52,14.29
86.21,14.38
Tabela,1931.23
Revocação,Precisão
0.00,50.00
10.00,42.86
20.00,18.24
30.00,19.38
40.00,19.27
50.00,18.86
60.00,17.61
70.00,17.03
80.00,14.87
90.00,0.00
100.00,0.00



Consulta Num,60

Pontos
Revocação,Precisão
2.94,50.00
5.88,66.67
8.82,60.00
11.76,36.36
14.71,33.33
17.65,33.33
20.59,31.82
23.53,11.94
26.47,8.26
29.41,9.01
32.35,9.48
35.29,10.17
38.24,8.13
41.18,8.33
44.12,8.57
47.06,9.04
50.00,9.24
52.94,9.42
55.88,9.45
58.82,9.80
61.76,8.08
64.71,8.12
67.65,7.99
70.59,6.92
73.53,7.08
76.47,7.20
79.41,7.22
Tabela,1354.15
Revocação,Precisão
0.00,50.00
10.00,36.36
20.00,31.82
30.00,9.48
40.00,8.33
50.00,9.42
60.00,8.08
70.00,6.92
80.00,0.00
90.00,0.00
100.00,0.00



Consulta Num,61

Pontos
Revocação,Precisão
1.43,100.00
2.86,100.00
4.29,100.00
5.71,100.00
7.14,100.00
8.57,100.00
10.00,100.00
11.43,100.00
12.86,100.00
14.29,83.33
15.71,78.57
17.14,66.67
18.57,68.42
20.00,63.64
21.43,65.22
22.86,61.54
24.29,50.00
25.71,51.43
27.14,41.30
28.57,37.74
30.00,37.50
31.43,31.43
32.86,26.74
34.29,25.26
35.71,25.00
37.14,25.00
38.57,25.00
40.00,22.58
41.43,23.02
42.86,19.23
44.29,19.14
45.71,19.63
47.14,20.12
48.57,20.61
50.00,20.47
51.43,15.93
52.86,15.42
54.29,14.39
55.71,14.39
57.14,13.25
58.57,13.49
60.00,13.33
61.43,13.23
62.86,13.46
64.29,12.71
65.71,12.96
67.14,12.34
68.57,10.81
70.00,10.65
71.43,9.84
72.86,8.63
74.29,7.01
75.71,6.78
77.14,6.28
78.57,6.29
80.00,6.39
81.43,6.43
82.86,6.44
84.29,6.48
85.71,6.54
Tabela,3205.08
Revocação,Precisão
0.00,100.00
10.00,100.00
20.00,65.22
30.00,31.43
40.00,23.02
50.00,20.47
60.00,13.33
70.00,10.65
80.00,6.39
90.00,0.00
100.00,0.00



Consulta Num,62

Pontos
Revocação,Precisão
0.69,100.00
1.39,50.00
2.08,50.00
2.78,57.14
3.47,62.50
4.17,66.67
4.86,63.64
5.56,66.67
6.25,69.23
6.94,71.43
7.64,73.33
8.33,70.59
9.03,72.22
9.72,53.85
10.42,55.56
11.11,51.61
11.81,53.13
12.50,48.65
13.19,47.50
13.89,47.62
14.58,45.65
15.28,44.90
15.97,45.10
16.67,46.15
17.36,47.17
18.06,48.15
18.75,41.54
19.44,42.42
20.14,43.28
20.83,43.48
21.53,44.29
22.22,45.07
22.92,45.21
23.61,45.33
24.31,46.05
25.00,46.75
25.69,46.25
26.39,46.34
27.08,46.43
27.78,43.48
28.47,43.16
29.17,43.75
29.86,42.57
30.56,41.12
31.25,41.28
31.94,38.98
32.64,39.17
33.33,39.67
34.03,39.20
34.72,39.06
35.42,38.06
36.11,38.52
36.81,37.06
37.50,36.00
38.19,32.16
38.89,31.64
39.58,30.65
40.28,31.02
40.97,31.22
41.67,31.25
42.36,31.61
43.06,30.69
43.75,30.73
44.44,31.07
45.14,30.23
45.83,30.28
46.53,30.59
47.22,30.77
47.92,31.08
48.61,30.84
49.31,30.87
50.00,30.51
50.69,30.54
51.39,30.20
52.08,30.36
52.78,29.80
53.47,30.08
54.17,28.68
54.86,28.42
55.56,28.17
56.25,27.74
56.94,27.89
57.64,26.86
58.33,27.10
59.03,26.90
59.72,26.71
60.42,26.85
61.11,26.91
61.81,26.97
62.50,25.50
63.19,25.28
63.89,24.47
64.58,24.60
65.28,24.23
65.97,23.46
66.67,23.65
67.36,23.72
68.06,23.39
68.75,22.92
69.44,22.83
70.14,22.54
70.83,22.32
71.53,22.06
72.22,22.08
72.92,21.74
73.61,21.90
74.31,21.88
75.00,21.60
75.69,21.17
76.39,21.24
77.08,20.67
77.78,20.63
78.47,20.58
79.17,20.04
79.86,20.18
80.56,19.83
81.25,19.44
81.94,19.22
82.64,19.16
83.33,18.87
84.03,19.00
84.72,18.94
85.42,18.98
86.11,18.65
86.81,17.86
87.50,17.97
88.19,17.12
88.89,17.20
89.58,15.89
90.28,15.74
90.97,15.84
91.67,15.57
92.36,15.67
93.06,15.69
93.75,15.70
94.44,15.78
95.14,14.11
95.83,14.14
96.53,14.07
97.22,14.14
Tabela,3364.85
Revocação,Precisão
0.00,100.00
10.00,55.56
20.00,43.28
30.00,41.12
40.00,31.02
50.00,30.54
60.00,26.85
70.00,22.54
80.00,19.83
90.00,15.74
100.00,0.00



Consulta Num,63

Pontos
Revocação,Precisão
2.56,100.00
5.13,50.00
7.69,33.33
10.26,40.00
12.82,29.41
15.38,28.57
17.95,21.21
20.51,21.05
23.08,20.00
25.64,9.62
28.21,9.91
30.77,10.34
33.33,10.00
35.90,10.69
38.46,9.43
41.03,9.25
43.59,9.71
46.15,9.84
48.72,8.96
51.28,6.99
53.85,6.95
56.41,5.42
58.97,5.34
61.54,4.73
64.10,4.62
66.67,4.79
69.23,4.87
71.79,4.83
74.36,4.52
76.92,3.92
79.49,3.71
Tabela,1472.00
Revocação,Precisão
0.00,100.00
10.00,40.00
20.00,21.05
30.00,10.34
40.00,9.25
50.00,6.99
60.00,4.73
70.00,4.83
80.00,0.00
90.00,0.00
100.00,0.00



Consulta Num,64

Pontos
Revocação,Precisão
2.00,100.00
4.00,66.67
6.00,60.00
8.00,66.67
10.00,55.56
12.00,60.00
14.00,63.64
16.00,57.14
18.00,60.00
20.00,45.45
22.00,37.93
24.00,36.36
26.00,37.14
28.00,35.00
30.00,35.71
32.00,28.57
34.00,21.79
36.00,18.75
38.00,18.10
40.00,18.87
42.00,19.44
44.00,16.92
46.00,16.91
48.00,15.79
50.00,15.53
52.00,15.48
54.00,15.70
56.00,15.14
58.00,11.42
60.00,10.71
62.00,9.75
64.00,9.97
66.00,9.76
68.00,9.39
70.00,9.64
72.00,9.76
74.00,9.64
76.00,9.36
78.00,9.29
80.00,8.79
82.00,8.54
84.00,7.12
86.00,7.01
88.00,6.76
90.00,6.46
92.00,6.33
94.00,5.89
96.00,5.90
98.00,5.21
Tabela,2567.24
Revocação,Precisão
0.00,100.00
10.00,55.56
20.00,45.45
30.00,35.71
40.00,18.87
50.00,15.53
60.00,10.71
70.00,9.64
80.00,8.79
90.00,6.46
100.00,0.00



Consulta Num,65

Pontos
Revocação,Precisão
1.06,50.00
2.13,66.67
3.19,75.00
4.26,66.67
5.32,71.43
6.38,66.67
7.45,70.00
8.51,61.54
9.57,64.29
10.64,66.67
11.70,68.75
12.77,63.16
13.83,65.00
14.89,66.67
15.96,68.18
17.02,64.00
18.09,62.96
19.15,62.07
20.21,61.29
21.28,58.82
22.34,56.76
23.40,57.89
24.47,58.97
25.53,58.54
26.60,56.82
27.66,57.78
28.72,57.45
29.79,57.14
30.85,56.86
31.91,54.55
32.98,53.45
34.04,50.00
35.11,49.25
36.17,45.33
37.23,44.30
38.30,45.00
39.36,44.58
40.43,45.24
41.49,44.32
42.55,44.44
43.62,44.57
44.68,44.68
45.74,45.26
46.81,40.00
47.87,38.14
48.94,38.66
50.00,37.01
51.06,36.92
52.13,37.40
53.19,37.31
54.26,34.46
55.32,33.12
56.38,27.89
57.45,27.69
58.51,27.64
59.57,27.18
60.64,27.54
61.70,27.62
62.77,26.70
63.83,26.43
64.89,25.21
65.96,25.20
67.02,25.30
68.09,24.43
69.15,22.97
70.21,21.50
71.28,21.27
72.34,19.26
73.40,19.38
74.47,19.44
75.53,19.14
76.60,18.85
77.66,19.06
78.72,18.27
79.79,18.29
80.85,17.84
81.91,17.07
82.98,13.00
84.04,13.04
85.11,12.44
86.17,12.39
87.23,12.39
88.30,12.19
89.36,12.07
90.43,10.88
91.49,10.63
92.55,10.56
93.62,10.17
94.68,9.56
95.74,9.66
Tabela,3697.39
Revocação,Precisão
0.00,50.00
10.00,66.67
20.00,61.29
30.00,56.86
40.00,45.24
50.00,36.92
60.00,27.54
70.00,21.50
80.00,17.84
90.00,10.88
100.00,0.00



Consulta Num,66

Pontos
Revocação,Precisão
1.59,33.33
3.17,40.00
4.76,42.86
6.35,44.44
7.94,50.00
9.52,54.55
11.11,58.33
12.70,44.44
14.29,45.00
15.87,47.62
17.46,44.00
19.05,46.15
20.63,46.43
22.22,31.11
23.81,31.91
25.40,29.63
26.98,20.00
28.57,18.37
30.16,17.12
31.75,17.86
33.33,18.26
34.92,17.89
36.51,17.97
38.10,18.18
39.68,16.13
41.27,15.76
42.86,15.79
44.44,15.05
46.03,15.43
47.62,15.31
49.21,15.74
50.79,15.76
52.38,15.79
53.97,14.59
55.56,13.94
57.14,14.29
58.73,14.34
60.32,14.50
61.90,14.83
63.49,12.38
65.08,12.09
66.67,12.24
68.25,11.81
69.84,11.49
71.43,10.95
73.02,10.98
74.60,9.51
76.19,9.27
77.78,9.09
79.37,8.98
80.95,9.07
82.54,9.12
84.13,8.41
85.71,8.54
87.30,8.28
88.89,8.22
90.48,8.19
92.06,8.15
93.65,7.73
95.24,6.34
96.83,6.16
Tabela,2127.84
Revocação,Precisão
0.00,33.33
10.00,58.33
20.00,46.43
30.00,17.12
40.00,15.76
50.00,15.76
60.00,14.50
70.00,10.95
80.00,9.07
90.00,8.19
100.00,0.00



Consulta Num,67

Pontos
Revocação,Precisão
7.14,100.00
14.29,50.00
21.43,42.86
28.57,50.00
35.71,55.56
42.86,46.15
50.00,43.75
57.14,12.31
64.29,11.69
71.43,8.06
78.57,3.38
85.71,3.13
92.86,2.30
100.00,2.28
Tabela,3146.42
Revocação,Precisão
0.00,100.00
10.00,50.00
20.00,42.86
30.00,55.56
40.00,46.15
50.00,43.75
60.00,11.69
70.00,8.06
80.00,3.13
90.00,2.30
100.00,2.28



Consulta Num,68

Pontos
Revocação,Precisão
2.22,100.00
4.44,100.00
6.67,100.00
8.89,100.00
11.11,100.00
13.33,100.00
15.56,87.50
17.78,88.89
20.00,69.23
22.22,38.46
24.44,28.21
26.67,30.00
28.89,28.89
31.11,23.73
33.33,13.76
35.56,10.88
37.78,10.37
40.00,9.28
42.22,8.96
44.44,8.44
46.67,8.61
48.89,8.73
51.11,8.49
53.33,7.48
55.56,7.16
57.78,6.70
60.00,6.12
62.22,6.15
64.44,6.30
66.67,6.41
68.89,6.42
71.11,6.31
73.33,6.38
75.56,6.01
77.78,5.92
80.00,5.97
82.22,5.42
84.44,5.48
86.67,5.62
88.89,5.08
91.11,4.95
Tabela,2530.27
Revocação,Precisão
0.00,100.00
10.00,100.00
20.00,38.46
30.00,23.73
40.00,8.96
50.00,8.49
60.00,6.15
70.00,6.31
80.00,5.97
90.00,4.95
100.00,0.00



Consulta Num,69

Pontos
Revocação,Precisão
6.67,100.00
13.33,100.00
20.00,100.00
26.67,80.00
33.33,71.43
40.00,54.55
46.67,17.50
53.33,7.77
60.00,5.52
66.67,4.59
73.33,2.86
80.00,1.84
Tabela,3930.26
Revocação,Precisão
0.00,100.00
10.00,100.00
20.00,100.00
30.00,71.43
40.00,54.55
50.00,7.77
60.00,4.59
70.00,2.86
80.00,1.84
90.00,0.00
100.00,0.00



Consulta Num,70

Pontos
Revocação,Precisão
5.88,100.00
11.76,100.00
17.65,100.00
23.53,80.00
29.41,83.33
35.29,75.00
41.18,70.00
47.06,38.10
52.94,39.13
58.82,37.04
64.71,36.67
70.59,30.00
76.47,17.33
82.35,15.91
88.24,12.00
94.12,6.58
100.00,5.12
Tabela,5058.51
Revocação,Precisão
0.00,100.00
10.00,100.00
20.00,80.00
30.00,75.00
40.00,70.00
50.00,39.13
60.00,36.67
70.00,30.00
80.00,15.91
90.00,6.58
100.00,5.12



Consulta Num,71

Pontos
Revocação,Precisão
16.67,100.00
33.33,28.57
50.00,11.54
66.67,7.27
83.33,0.86
100.00,0.64
Tabela,2401.64
Revocação,Precisão
0.00,100.00
10.00,100.00
20.00,28.57
30.00,28.57
40.00,11.54
50.00,11.54
60.00,7.27
70.00,0.86
80.00,0.86
90.00,0.64
100.00,0.64



Consulta Num,72

Pontos
Revocação,Precisão
7.69,100.00
15.38,66.67
23.08,75.00
30.77,80.00
38.46,71.43
46.15,75.00
53.85,53.85
61.54,30.77
69.23,12.68
76.92,13.33
84.62,9.48
92.31,9.60
100.00,2.17
Tabela,4647.85
Revocação,Precisão
0.00,100.00
10.00,66.67
20.00,75.00
30.00,80.00
40.00,75.00
50.00,53.85
60.00,30.77
70.00,13.33
80.00,9.48
90.00,9.60
100.00,2.17



Consulta Num,73

Pontos
Revocação,Precisão
5.56,100.00
11.11,100.00
16.67,100.00
22.22,100.00
27.78,100.00
33.33,31.58
38.89,31.82
44.44,34.78
50.00,25.71
55.56,24.39
61.11,11.70
66.67,8.70
72.22,8.18
77.78,7.82
83.33,3.76
88.89,1.98
Tabela,3657.13
Revocação,Precisão
0.00,100.00
10.00,100.00
20.00,100.00
30.00,31.58
40.00,34.78
50.00,25.71
60.00,11.70
70.00,8.18
80.00,3.76
90.00,0.00
100.00,0.00



Consulta Num,74

Pontos
Revocação,Precisão
14.29,100.00
28.57,100.00
42.86,27.27
57.14,3.25
71.43,2.60
85.71,1.73
100.00,0.96
Tabela,3161.78
Revocação,Precisão
0.00,100.00
10.00,100.00
20.00,100.00
30.00,27.27
40.00,27.27
50.00,3.25
60.00,2.60
70.00,2.60
80.00,1.73
90.00,0.96
100.00,0.96



Consulta Num,75

Pontos
Revocação,Precisão
4.76,100.00
9.52,66.67
14.29,75.00
19.05,80.00
23.81,83.33
28.57,66.67
33.33,70.00
38.10,72.73
42.86,52.94
47.62,47.62
52.38,33.33
57.14,19.67
61.90,9.92
66.67,8.43
71.43,8.62
76.19,7.58
80.95,7.59
85.71,7.00
90.48,6.51
95.24,4.68
100.00,2.66
Tabela,3985.77
Revocação,Precisão
0.00,100.00
10.00,75.00
20.00,83.33
30.00,70.00
40.00,52.94
50.00,33.33
60.00,9.92
70.00,8.62
80.00,7.59
90.00,6.51
100.00,2.66



Consulta Num,76

Pontos
Revocação,Precisão
5.88,100.00
11.76,100.00
17.65,23.08
23.53,28.57
29.41,16.13
35.29,14.29
41.18,12.07
47.06,6.61
52.94,6.62
58.82,3.91
64.71,2.76
70.59,1.94
76.47,1.74
82.35,1.70
Tabela,2179.37
Revocação,Precisão
0.00,100.00
10.00,100.00
20.00,28.57
30.00,14.29
40.00,12.07
50.00,6.62
60.00,2.76
70.00,1.94
80.00,1.70
90.00,0.00
100.00,0.00



Consulta Num,77

Pontos
Revocação,Precisão
1.22,50.00
2.44,40.00
3.66,37.50
4.88,44.44
6.10,35.71
7.32,37.50
8.54,38.89
9.76,40.00
10.98,39.13
12.20,38.46
13.41,37.93
14.63,35.29
15.85,33.33
17.07,29.17
18.29,30.00
19.51,27.12
20.73,28.33
21.95,24.66
23.17,25.68
24.39,26.32
25.61,25.61
26.83,21.57
28.05,22.33
29.27,18.18
30.49,18.80
31.71,19.40
32.93,19.15
34.15,19.58
35.37,20.14
36.59,17.96
37.80,15.20
39.02,15.02
40.24,15.21
41.46,15.60
42.68,15.02
43.90,15.13
45.12,14.18
46.34,14.45
47.56,13.00
48.78,13.29
50.00,13.49
51.22,13.73
52.44,13.87
53.66,13.92
54.88,14.02
56.10,14.20
57.32,13.51
58.54,11.76
59.76,11.98
60.98,11.66
62.20,11.83
63.41,10.99
64.63,11.13
65.85,10.78
67.07,10.91
68.29,10.73
69.51,10.42
70.73,9.80
71.95,9.38
73.17,9.48
74.39,9.59
75.61,9.45
76.83,8.67
78.05,8.50
79.27,8.47
80.49,8.17
81.71,8.07
82.93,7.88
84.15,7.57
85.37,7.49
86.59,7.48
Tabela,1698.14
Revocação,Precisão
0.00,50.00
10.00,39.13
20.00,28.33
30.00,18.80
40.00,15.21
50.00,13.73
60.00,11.66
70.00,9.80
80.00,8.17
90.00,0.00
100.00,0.00



Consulta Num,78

Pontos
Revocação,Precisão
1.30,100.00
2.60,100.00
3.90,75.00
5.19,80.00
6.49,71.43
7.79,75.00
9.09,77.78
10.39,80.00
11.69,64.29
12.99,66.67
14.29,68.75
15.58,63.16
16.88,65.00
18.18,63.64
19.48,65.22
20.78,66.67
22.08,68.00
23.38,69.23
24.68,67.86
25.97,68.97
27.27,70.00
28.57,68.75
29.87,65.71
31.17,63.16
32.47,62.50
33.77,60.47
35.06,61.36
36.36,60.87
37.66,51.79
38.96,51.72
40.26,51.67
41.56,52.46
42.86,53.23
44.16,50.75
45.45,50.00
46.75,50.70
48.05,50.00
49.35,50.67
50.65,51.32
51.95,51.28
53.25,51.90
54.55,50.60
55.84,51.19
57.14,51.76
58.44,50.56
59.74,48.94
61.04,43.12
62.34,43.24
63.64,39.84
64.94,40.32
66.23,40.16
67.53,36.88
68.83,36.81
70.13,30.00
71.43,27.23
72.73,21.37
74.03,20.73
75.32,20.00
76.62,20.14
77.92,20.20
79.22,20.40
80.52,18.51
81.82,15.87
83.12,14.22
84.42,14.41
85.71,13.92
87.01,12.71
88.31,10.07
89.61,9.70
90.91,9.27
92.21,9.29
93.51,9.16
94.81,9.25
96.10,9.32
97.40,8.39
98.70,8.09
Tabela,4637.05
Revocação,Precisão
0.00,100.00
10.00,80.00
20.00,66.67
30.00,63.16
40.00,51.67
50.00,51.32
60.00,43.12
70.00,30.00
80.00,18.51
90.00,9.27
100.00,0.00



Consulta Num,79

Pontos
Revocação,Precisão
2.33,100.00
4.65,33.33
6.98,33.33
9.30,40.00
11.63,33.33
13.95,35.29
16.28,38.89
18.60,36.36
20.93,39.13
23.26,37.04
25.58,37.93
27.91,38.71
30.23,35.14
32.56,36.84
34.88,28.85
37.21,28.07
39.53,23.94
41.86,23.08
44.19,19.59
46.51,18.69
48.84,17.95
51.16,17.60
53.49,17.56
55.81,18.05
58.14,17.12
60.47,17.11
62.79,15.61
65.12,15.22
67.44,13.88
69.77,11.32
72.09,11.07
74.42,10.96
76.74,8.73
79.07,8.33
81.40,8.31
83.72,8.00
86.05,7.02
88.37,7.00
90.70,6.81
93.02,4.85
Tabela,2415.72
Revocação,Precisão
0.00,100.00
10.00,33.33
20.00,39.13
30.00,35.14
40.00,23.08
50.00,17.60
60.00,17.11
70.00,11.07
80.00,8.31
90.00,6.81
100.00,0.00



Consulta Num,80

Pontos
Revocação,Precisão
2.94,100.00
5.88,66.67
8.82,75.00
11.76,57.14
14.71,62.50
17.65,66.67
20.59,58.33
23.53,61.54
26.47,60.00
29.41,52.63
32.35,52.38
35.29,48.00
38.24,40.63
41.18,33.33
44.12,33.33
47.06,34.78
50.00,35.42
52.94,34.62
55.88,33.93
58.82,23.81
61.76,23.60
64.71,23.16
67.65,21.70
70.59,16.11
73.53,7.35
76.47,7.58
79.41,6.89
Tabela,3255.09
Revocação,Precisão
0.00,100.00
10.00,57.14
20.00,58.33
30.00,52.38
40.00,33.33
50.00,34.62
60.00,23.60
70.00,16.11
80.00,0.00
90.00,0.00
100.00,0.00



Consulta Num,81

Pontos
Revocação,Precisão
3.57,100.00
7.14,100.00
10.71,100.00
14.29,100.00
17.86,100.00
21.43,75.00
25.00,58.33
28.57,61.54
32.14,40.91
35.71,15.87
39.29,11.00
42.86,10.71
46.43,11.11
50.00,9.46
53.57,9.55
57.14,9.58
60.71,8.50
64.29,8.96
67.86,7.60
71.43,4.47
75.00,4.44
78.57,3.89
82.14,3.14
85.71,3.22
89.29,3.33
92.86,3.30
96.43,3.05
Tabela,3055.89
Revocação,Precisão
0.00,100.00
10.00,100.00
20.00,75.00
30.00,40.91
40.00,10.71
50.00,9.55
60.00,8.50
70.00,4.47
80.00,3.14
90.00,3.30
100.00,0.00



Consulta Num,82

Pontos
Revocação,Precisão
1.61,100.00
3.23,100.00
4.84,75.00
6.45,80.00
8.06,71.43
9.68,75.00
11.29,70.00
12.90,61.54
14.52,47.37
16.13,47.62
17.74,50.00
19.35,52.17
20.97,54.17
22.58,53.85
24.19,50.00
25.81,43.24
27.42,43.59
29.03,41.86
30.65,43.18
32.26,43.48
33.87,41.18
35.48,41.51
37.10,37.70
38.71,38.71
40.32,39.06
41.94,39.39
43.55,38.03
45.16,37.33
46.77,29.29
48.39,30.00
50.00,29.81
51.61,29.36
53.23,29.46
54.84,26.15
56.45,25.00
58.06,24.66
59.68,23.13
61.29,22.75
62.90,22.67
64.52,21.86
66.13,20.92
67.74,20.19
69.35,20.19
70.97,17.60
72.58,17.37
74.19,17.62
75.81,15.11
77.42,14.77
79.03,14.94
80.65,14.66
82.26,14.01
83.87,11.13
85.48,11.23
87.10,9.00
88.71,8.91
90.32,9.00
91.94,8.84
93.55,8.54
95.16,7.10
Tabela,3497.89
Revocação,Precisão
0.00,100.00
10.00,70.00
20.00,54.17
30.00,43.18
40.00,39.06
50.00,29.36
60.00,22.75
70.00,17.60
80.00,14.66
90.00,9.00
100.00,0.00



Consulta Num,83

Pontos
Revocação,Precisão
3.13,100.00
6.25,66.67
9.38,60.00
12.50,66.67
15.63,62.50
18.75,54.55
21.88,53.85
25.00,53.33
28.13,45.00
31.25,41.67
34.38,25.00
37.50,26.67
40.63,26.53
43.75,24.56
46.88,25.42
50.00,25.81
53.13,17.71
56.25,16.98
59.38,14.96
62.50,14.81
65.63,13.21
68.75,13.50
71.88,13.69
75.00,9.92
78.13,8.01
81.25,5.84
84.38,4.46
87.50,4.55
90.63,4.39
93.75,4.07
96.88,3.13
100.00,3.12
Tabela,3048.18
Revocação,Precisão
0.00,100.00
10.00,66.67
20.00,53.85
30.00,41.67
40.00,26.53
50.00,25.81
60.00,14.81
70.00,13.69
80.00,5.84
90.00,4.39
100.00,3.12



Consulta Num,84

Pontos
Revocação,Precisão
6.25,50.00
12.50,66.67
18.75,60.00
25.00,66.67
31.25,71.43
37.50,75.00
43.75,63.64
50.00,66.67
56.25,47.37
62.50,50.00
68.75,45.83
75.00,18.46
81.25,4.10
87.50,4.28
93.75,2.68
Tabela,4353.11
Revocação,Precisão
0.00,50.00
10.00,66.67
20.00,66.67
30.00,71.43
40.00,63.64
50.00,66.67
60.00,50.00
70.00,18.46
80.00,4.10
90.00,2.68
100.00,0.00



Consulta Num,85

Pontos
Revocação,Precisão
3.23,50.00
6.45,40.00
9.68,42.86
12.90,30.77
16.13,12.82
19.35,13.95
22.58,15.56
25.81,15.69
29.03,13.43
32.26,12.35
35.48,10.28
38.71,10.81
41.94,9.85
45.16,10.29
48.39,7.32
51.61,7.62
54.84,7.46
58.06,7.69
61.29,6.40
64.52,6.17
67.74,6.00
70.97,6.08
74.19,6.25
77.42,5.58
80.65,5.46
83.87,3.41
87.10,3.17
90.32,2.97
Tabela,1220.44
Revocação,Precisão
0.00,50.00
10.00,30.77
20.00,15.56
30.00,12.35
40.00,9.85
50.00,7.62
60.00,6.40
70.00,6.08
80.00,5.46
90.00,2.97
100.00,0.00



Consulta Num,86

Pontos
Revocação,Precisão
2.13,33.33
4.26,50.00
6.38,42.86
8.51,50.00
10.64,41.67
12.77,46.15
14.89,50.00
17.02,50.00
19.15,50.00
21.28,50.00
23.40,37.93
25.53,38.71
27.66,39.39
29.79,37.84
31.91,37.50
34.04,37.21
36.17,34.00
38.30,35.29
40.43,33.33
42.55,33.90
44.68,32.31
46.81,32.84
48.94,31.94
51.06,27.59
53.19,26.04
55.32,26.80
57.45,25.96
59.57,26.67
61.70,25.66
63.83,22.73
65.96,22.79
68.09,21.77
70.21,21.71
72.34,21.25
74.47,18.23
76.60,18.65
78.72,18.97
80.85,18.10
82.98,18.06
85.11,17.39
87.23,14.59
89.36,14.58
91.49,9.56
93.62,6.97
95.74,6.58
97.87,4.68
Tabela,2817.78
Revocação,Precisão
0.00,33.33
10.00,41.67
20.00,50.00
30.00,37.50
40.00,33.33
50.00,27.59
60.00,25.66
70.00,21.71
80.00,18.10
90.00,9.56
100.00,0.00



Consulta Num,87

Pontos
Revocação,Precisão
2.63,20.00
5.26,25.00
7.89,23.08
10.53,20.00
13.16,21.74
15.79,13.95
18.42,14.89
21.05,13.79
23.68,14.29
26.32,14.71
28.95,12.22
31.58,9.68
34.21,9.56
36.84,9.79
39.47,10.07
42.11,10.46
44.74,8.95
47.37,9.14
50.00,9.05
52.63,8.16
55.26,7.95
57.89,8.12
60.53,8.39
63.16,8.30
65.79,6.96
68.42,6.68
71.05,6.72
73.68,6.83
76.32,6.40
78.95,5.94
81.58,5.75
84.21,5.47
86.84,5.25
89.47,4.93
92.11,4.89
94.74,4.86
97.37,4.26
Tabela,987.26
Revocação,Precisão
0.00,20.00
10.00,20.00
20.00,13.79
30.00,9.68
40.00,10.46
50.00,9.05
60.00,8.39
70.00,6.72
80.00,5.75
90.00,4.89
100.00,0.00



Consulta Num,88

Pontos
Revocação,Precisão
7.14,33.33
14.29,33.33
21.43,37.50
28.57,19.05
35.71,18.52
42.86,18.75
50.00,16.28
57.14,9.20
64.29,6.16
71.43,4.74
78.57,4.38
85.71,4.56
92.86,2.79
100.00,2.45
Tabela,1605.30
Revocação,Precisão
0.00,33.33
10.00,33.33
20.00,37.50
30.00,18.52
40.00,18.75
50.00,16.28
60.00,6.16
70.00,4.74
80.00,4.56
90.00,2.79
100.00,2.45



Consulta Num,89

Pontos
Revocação,Precisão
5.88,100.00
11.76,100.00
17.65,100.00
23.53,100.00
29.41,71.43
35.29,66.67
41.18,43.75
47.06,44.44
52.94,47.37
58.82,38.46
64.71,33.33
70.59,27.91
76.47,28.89
82.35,25.00
88.24,3.44
94.12,3.29
100.00,2.15
Tabela,4983.94
Revocação,Precisão
0.00,100.00
10.00,100.00
20.00,100.00
30.00,66.67
40.00,43.75
50.00,47.37
60.00,33.33
70.00,27.91
80.00,25.00
90.00,3.29
100.00,2.15



Consulta Num,90

Pontos
Revocação,Precisão
3.57,100.00
7.14,100.00
10.71,100.00
14.29,100.00
17.86,100.00
21.43,100.00
25.00,100.00
28.57,100.00
32.14,100.00
35.71,100.00
39.29,100.00
42.86,100.00
46.43,81.25
50.00,77.78
53.57,57.69
57.14,40.00
60.71,34.69
64.29,33.33
67.86,34.55
71.43,33.33
75.00,32.81
78.57,32.84
82.14,31.94
85.71,30.77
89.29,6.19
92.86,5.35
96.43,5.48
Tabela,6130.14
Revocação,Precisão
0.00,100.00
10.00,100.00
20.00,100.00
30.00,100.00
40.00,100.00
50.00,57.69
60.00,34.69
70.00,33.33
80.00,31.94
90.00,5.35
100.00,0.00



Consulta Num,91

Pontos
Revocação,Precisão
0.33,100.00
0.66,100.00
0.99,100.00
1.32,100.00
1.64,100.00
1.97,85.71
2.30,58.33
2.63,61.54
2.96,64.29
3.29,47.62
3.62,50.00
3.95,52.17
4.28,54.17
4.61,51.85
4.93,53.57
5.26,53.33
5.59,51.52
5.92,52.94
6.25,52.78
6.58,47.62
6.91,47.73
7.24,47.83
7.57,48.94
7.89,50.00
8.22,50.00
8.55,43.33
8.88,43.55
9.21,44.44
9.54,45.31
9.87,43.48
10.20,42.47
10.53,42.67
10.86,39.76
11.18,39.08
11.51,39.77
11.84,40.45
12.17,41.11
12.50,40.43
12.83,41.05
13.16,40.82
13.49,41.00
13.82,41.18
14.14,40.95
14.47,38.60
14.80,37.50
15.13,37.40
15.46,37.30
15.79,37.21
16.12,34.03
16.45,33.33
16.78,32.90
17.11,33.33
17.43,33.13
17.76,33.13
18.09,32.93
18.42,33.33
18.75,33.73
19.08,33.72
19.41,32.78
19.74,32.79
20.07,33.15
20.39,33.16
20.72,32.98
21.05,32.16
21.38,32.02
21.71,32.35
22.04,31.90
22.37,31.05
22.70,29.74
23.03,30.04
23.36,29.71
23.68,29.75
24.01,29.44
24.34,29.37
24.67,29.18
25.00,29.12
25.33,29.39
25.66,29.55
25.99,28.83
26.32,29.09
26.64,28.83
26.97,28.98
27.30,28.82
27.63,28.47
27.96,28.72
28.29,28.96
28.62,28.43
28.95,28.57
29.28,28.80
29.61,29.03
29.93,28.53
30.26,28.75
30.59,28.97
30.92,28.75
31.25,28.61
31.58,28.74
31.91,28.96
32.24,28.57
32.57,28.70
32.89,28.57
33.22,28.53
33.55,28.65
33.88,28.45
34.21,28.26
34.54,28.38
34.87,28.27
35.20,28.38
35.53,28.42
35.86,28.61
36.18,28.72
36.51,28.83
36.84,28.79
37.17,28.97
37.50,29.08
37.83,28.68
38.16,28.57
38.49,28.68
38.82,27.96
39.14,27.87
39.47,28.04
39.80,28.01
40.13,27.98
40.46,28.15
40.79,28.31
41.12,28.28
41.45,28.25
41.78,28.16
42.11,28.26
42.43,28.41
42.76,28.57
43.09,28.67
43.42,28.82
43.75,28.85
44.08,29.00
44.41,29.16
44.74,29.31
45.07,29.46
45.39,29.24
45.72,29.39
46.05,29.29
46.38,29.44
46.71,29.52
47.04,29.36
47.37,29.51
47.70,29.53
48.03,29.26
48.36,29.40
48.68,29.31
49.01,29.45
49.34,29.47
49.67,29.43
50.00,29.40
50.33,29.42
50.66,28.73
50.99,28.81
51.32,28.78
51.64,28.91
51.97,29.04
52.30,29.17
52.63,29.30
52.96,29.38
53.29,29.24
53.62,29.37
53.95,29.50
54.28,29.52
54.61,29.33
54.93,29.40
55.26,29.12
55.59,29.19
55.92,29.21
56.25,28.98
56.58,29.01
56.91,29.12
57.24,29.19
57.57,29.26
57.89,29.04
58.22,29.11
58.55,29.04
58.88,29.11
59.21,29.17
59.54,28.87
59.87,28.93
60.20,29.05
60.53,29.07
60.86,29.18
61.18,29.29
61.51,29.17
61.84,29.28
62.17,29.39
62.50,29.41
62.83,29.34
63.16,29.40
63.49,29.47
63.82,29.35
64.14,29.41
64.47,29.52
64.80,29.62
65.13,29.42
65.46,29.44
65.79,29.03
66.12,29.09
66.45,29.19
66.78,29.29
67.11,29.35
67.43,29.16
67.76,29.22
68.09,29.20
68.42,29.30
68.75,29.35
69.08,28.97
69.41,29.02
69.74,29.08
70.07,29.18
70.39,29.12
Tabela,2699.76
Revocação,Precisão
0.00,100.00
10.00,42.47
20.00,33.15
30.00,28.75
40.00,27.98
50.00,29.40
60.00,29.05
70.00,29.18
80.00,0.00
90.00,0.00
100.00,0.00



Consulta Num,92

Pontos
Revocação,Precisão
0.93,100.00
1.85,100.00
2.78,100.00
3.70,100.00
4.63,100.00
5.56,100.00
6.48,100.00
7.41,100.00
8.33,90.00
9.26,83.33
10.19,84.62
11.11,80.00
12.04,81.25
12.96,82.35
13.89,83.33
14.81,84.21
15.74,85.00
16.67,85.71
17.59,86.36
18.52,86.96
19.44,84.00
20.37,78.57
21.30,71.88
22.22,53.33
23.15,50.00
24.07,50.98
25.00,51.92
25.93,51.85
26.85,48.33
27.78,48.39
28.70,49.21
29.63,47.76
30.56,47.14
31.48,47.22
32.41,44.87
33.33,44.44
34.26,45.12
35.19,45.24
36.11,43.82
37.04,39.22
37.96,39.81
38.89,37.17
39.81,36.13
40.74,32.35
41.67,32.85
42.59,31.08
43.52,30.32
44.44,29.45
45.37,26.63
46.30,25.51
47.22,21.43
48.15,19.85
49.07,19.63
50.00,19.42
50.93,17.68
51.85,17.83
52.78,17.92
53.70,17.58
54.63,17.30
55.56,16.71
56.48,16.67
57.41,16.23
58.33,15.44
59.26,15.42
60.19,15.51
61.11,15.53
62.04,15.26
62.96,15.18
63.89,15.10
64.81,14.89
65.74,15.04
66.67,15.22
67.59,15.11
68.52,14.98
69.44,14.91
70.37,14.64
71.30,14.39
72.22,13.68
73.15,13.28
74.07,12.38
75.00,12.35
75.93,12.17
76.85,11.61
77.78,11.32
78.70,11.30
79.63,11.21
80.56,11.08
81.48,11.17
82.41,11.06
83.33,10.99
84.26,10.92
85.19,10.77
86.11,10.64
87.04,10.61
Tabela,3516.07
Revocação,Precisão
0.00,100.00
10.00,84.62
20.00,78.57
30.00,47.14
40.00,32.35
50.00,17.68
60.00,15.51
70.00,14.64
80.00,11.08
90.00,0.00
100.00,0.00



Consulta Num,93

Pontos
Revocação,Precisão
5.56,100.00
11.11,100.00
16.67,60.00
22.22,50.00
27.78,3.14
33.33,3.49
38.89,3.70
44.44,3.45
50.00,3.11
55.56,3.12
61.11,3.27
66.67,3.21
72.22,3.34
77.78,2.21
83.33,2.01
Tabela,2186.77
Revocação,Precisão
0.00,100.00
10.00,100.00
20.00,50.00
30.00,3.49
40.00,3.45
50.00,3.11
60.00,3.27
70.00,3.34
80.00,2.01
90.00,0.00
100.00,0.00



Consulta Num,94

Pontos
Revocação,Precisão
2.33,100.00
4.65,100.00
6.98,100.00
9.30,100.00
11.63,83.33
13.95,85.71
16.28,87.50
18.60,88.89
20.93,90.00
23.26,83.33
25.58,84.62
27.91,85.71
30.23,86.67
32.56,87.50
34.88,75.00
37.21,66.67
39.53,54.84
41.86,54.55
44.19,55.88
46.51,52.63
48.84,48.84
51.16,50.00
53.49,50.00
55.81,47.06
58.14,48.08
60.47,46.43
62.79,41.54
65.12,38.36
67.44,38.16
69.77,30.30
72.09,31.00
74.42,23.70
76.74,17.28
79.07,17.71
81.40,13.83
Tabela,5058.08
Revocação,Precisão
0.00,100.00
10.00,83.33
20.00,90.00
30.00,86.67
40.00,54.55
50.00,50.00
60.00,46.43
70.00,31.00
80.00,13.83
90.00,0.00
100.00,0.00



Consulta Num,95

Pontos
Revocação,Precisão
11.11,100.00
22.22,100.00
33.33,42.86
44.44,1.90
55.56,1.81
66.67,1.29
77.78,1.22
Tabela,2990.74
Revocação,Precisão
0.00,100.00
10.00,100.00
20.00,100.00
30.00,42.86
40.00,1.90
50.00,1.81
60.00,1.29
70.00,1.22
80.00,0.00
90.00,0.00
100.00,0.00



Consulta Num,96

Pontos
Revocação,Precisão
8.33,100.00
16.67,100.00
25.00,50.00
33.33,14.81
41.67,12.82
50.00,10.17
58.33,6.48
66.67,6.15
75.00,1.49
83.33,1.00
Tabela,2464.47
Revocação,Precisão
0.00,100.00
10.00,100.00
20.00,50.00
30.00,14.81
40.00,12.82
50.00,10.17
60.00,6.15
70.00,1.49
80.00,1.00
90.00,0.00
100.00,0.00



Consulta Num,97

Pontos
Revocação,Precisão
9.09,50.00
18.18,66.67
27.27,60.00
36.36,66.67
45.45,26.32
54.55,22.22
63.64,14.58
72.73,10.26
81.82,6.25
90.91,2.58
100.00,1.23
Tabela,3011.62
Revocação,Precisão
0.00,50.00
10.00,66.67
20.00,60.00
30.00,66.67
40.00,26.32
50.00,22.22
60.00,14.58
70.00,10.26
80.00,6.25
90.00,2.58
100.00,1.23



Consulta Num,98

Pontos
Revocação,Precisão
6.67,100.00
13.33,100.00
20.00,100.00
26.67,22.22
33.33,13.89
40.00,3.53
46.67,3.59
53.33,2.56
60.00,1.74
66.67,1.81
73.33,1.94
80.00,2.03
Tabela,2757.68
Revocação,Precisão
0.00,100.00
10.00,100.00
20.00,100.00
30.00,13.89
40.00,3.53
50.00,2.56
60.00,1.81
70.00,1.94
80.00,2.03
90.00,0.00
100.00,0.00



Consulta Num,99

Pontos
Revocação,Precisão
20.00,100.00
40.00,100.00
60.00,100.00
80.00,50.00
100.00,1.75
Tabela,7526.32
Revocação,Precisão
0.00,100.00
10.00,100.00
20.00,100.00
30.00,100.00
40.00,100.00
50.00,100.00
60.00,100.00
70.00,50.00
80.00,50.00
90.00,1.75
100.00,1.75



Consulta Num,100

Pontos
Revocação,Precisão
9.09,100.00
18.18,100.00
27.27,100.00
36.36,100.00
45.45,14.71
54.55,1.70
63.64,1.97
72.73,1.52
81.82,1.67
90.91,1.59
Tabela,3731.52
Revocação,Precisão
0.00,100.00
10.00,100.00
20.00,100.00
30.00,100.00
40.00,14.71
50.00,1.70
60.00,1.97
70.00,1.52
80.00,1.67
90.00,1.59
100.00,0.00
